ID Contrat,ID Client,ID Produit,ID Agent,ID Agence,Date Début,Date Fin,Statut Contrat,Montant Prime,Montant Commission,Fréquence Paiement,Renouvelé,Mode Paiement,Durée Contrat Mois
CTR-00001,CLT-0387,PRD-006,AGT-057,AGC-011,2023-09-02,2024-08-27,Expiré,5559000,611000,Annuelle,Oui,Virement bancaire,12
CTR-00002,CLT-0065,PRD-002,AGT-055,AGC-010,2023-06-21,2025-06-10,Expiré,9915000,992000,Trimestrielle,Non,Virement bancaire,24
CTR-00003,CLT-0640,PRD-002,AGT-033,AGC-005,2023-05-04,2024-04-28,Expiré,6587000,659000,Semestrielle,Oui,Espèces,12
CTR-00004,CLT-0218,PRD-003,AGT-005,AGC-001,2024-10-27,2026-10-17,Actif,4520000,407000,Trimestrielle,Non,Carte bancaire,24
CTR-00005,CLT-0512,PRD-008,AGT-009,AGC-001,2025-03-21,2028-03-05,Actif,78785000,10242000,Annuelle,Oui,Virement bancaire,36
CTR-00006,CLT-0647,PRD-005,AGT-036,AGC-006,2023-12-07,2024-12-01,Expiré,1813000,109000,Semestrielle,Non,Espèces,12
CTR-00007,CLT-0019,PRD-005,AGT-033,AGC-005,2024-06-07,2026-05-28,Actif,811000,49000,Annuelle,Non,Mobile Money,24
CTR-00008,CLT-0632,PRD-006,AGT-004,AGC-001,2025-01-25,2026-01-20,Actif,9871000,1086000,Mensuelle,Oui,Mobile Money,12
CTR-00009,CLT-0207,PRD-001,AGT-010,AGC-002,2023-09-01,2026-08-16,Actif,4372000,350000,Semestrielle,Non,Mobile Money,36
CTR-00010,CLT-0285,PRD-002,AGT-045,AGC-008,2024-06-17,2026-06-07,Actif,7319000,732000,Annuelle,Non,Mobile Money,24
CTR-00011,CLT-0751,PRD-003,AGT-010,AGC-002,2024-11-11,2027-10-27,Actif,19105000,1719000,Mensuelle,Non,Carte bancaire,36
CTR-00012,CLT-0534,PRD-003,AGT-018,AGC-003,2023-03-08,2025-02-25,Expiré,5310000,478000,Mensuelle,Non,Mobile Money,24
CTR-00013,CLT-0094,PRD-001,AGT-031,AGC-005,2023-08-30,2024-08-24,Expiré,3842000,307000,Mensuelle,Oui,Mobile Money,12
CTR-00014,CLT-0621,PRD-002,AGT-017,AGC-002,2024-10-12,2025-10-07,Résilié,7849000,785000,Annuelle,Non,Mobile Money,12
CTR-00015,CLT-0387,PRD-001,AGT-022,AGC-003,2024-09-16,2026-09-06,Actif,4161000,333000,Annuelle,Non,Espèces,24
CTR-00016,CLT-0391,PRD-003,AGT-005,AGC-001,2024-09-01,2025-08-27,Expiré,5108000,460000,Trimestrielle,Non,Mobile Money,12
CTR-00017,CLT-0576,PRD-005,AGT-003,AGC-001,2025-01-02,2025-12-28,Expiré,717000,43000,Trimestrielle,Oui,Virement bancaire,12
CTR-00018,CLT-0504,PRD-003,AGT-021,AGC-003,2025-01-30,2026-01-25,Actif,8875000,799000,Semestrielle,Non,Mobile Money,12
CTR-00019,CLT-0040,PRD-008,AGT-003,AGC-001,2023-07-18,2025-07-07,Résilié,72845000,9470000,Annuelle,Non,Mobile Money,24
CTR-00020,CLT-0727,PRD-004,AGT-035,AGC-006,2024-10-28,2025-10-23,Expiré,4624000,324000,Annuelle,Non,Mobile Money,12
CTR-00021,CLT-0724,PRD-005,AGT-041,AGC-007,2023-09-25,2025-09-14,Résilié,775000,46000,Mensuelle,Non,Virement bancaire,24
CTR-00022,CLT-0679,PRD-007,AGT-002,AGC-001,2024-10-21,2026-10-11,Actif,29217000,3506000,Annuelle,Non,Espèces,24
CTR-00023,CLT-0932,PRD-002,AGT-024,AGC-003,2024-03-13,2025-03-08,Expiré,11741000,1174000,Trimestrielle,Non,Mobile Money,12
CTR-00024,CLT-0422,PRD-006,AGT-056,AGC-011,2023-04-22,2025-04-11,Expiré,11888000,1308000,Semestrielle,Oui,Chèque,24
CTR-00025,CLT-0408,PRD-005,AGT-003,AGC-001,2025-04-15,2026-04-10,Actif,851000,51000,Trimestrielle,Non,Mobile Money,12
CTR-00026,CLT-0296,PRD-006,AGT-006,AGC-001,2023-07-10,2025-06-29,Expiré,14187000,1561000,Trimestrielle,Non,Carte bancaire,24
CTR-00027,CLT-0191,PRD-002,AGT-041,AGC-007,2023-09-23,2026-09-07,Actif,13219000,1322000,Annuelle,Oui,Espèces,36
CTR-00028,CLT-0652,PRD-001,AGT-016,AGC-002,2023-05-08,2024-05-02,Expiré,3550000,284000,Semestrielle,Non,Espèces,12
CTR-00029,CLT-0063,PRD-002,AGT-058,AGC-011,2024-08-19,2026-08-09,Actif,4335000,434000,Annuelle,Oui,Mobile Money,24
CTR-00030,CLT-0533,PRD-008,AGT-048,AGC-008,2024-04-29,2026-04-19,Actif,60328000,7843000,Semestrielle,Oui,Mobile Money,24
CTR-00031,CLT-0323,PRD-007,AGT-058,AGC-011,2024-02-13,2025-02-07,Expiré,27801000,3336000,Mensuelle,Oui,Mobile Money,12
CTR-00032,CLT-0716,PRD-003,AGT-050,AGC-009,2023-01-27,2025-01-16,Résilié,6354000,572000,Semestrielle,Non,Carte bancaire,24
CTR-00033,CLT-0378,PRD-003,AGT-038,AGC-006,2024-06-11,2025-06-06,Expiré,22264000,2004000,Annuelle,Non,Espèces,12
CTR-00034,CLT-0369,PRD-007,AGT-060,AGC-012,2024-11-25,2025-11-20,Expiré,30008000,3601000,Mensuelle,Non,Mobile Money,12
CTR-00035,CLT-0954,PRD-008,AGT-025,AGC-004,2025-01-21,2026-01-16,Actif,60538000,7870000,Annuelle,Non,Carte bancaire,12
CTR-00036,CLT-0804,PRD-007,AGT-026,AGC-004,2024-05-24,2026-05-14,Actif,25067000,3008000,Trimestrielle,Non,Carte bancaire,24
CTR-00037,CLT-0173,PRD-007,AGT-057,AGC-011,2024-11-09,2025-11-04,Expiré,18522000,2223000,Semestrielle,Non,Espèces,12
CTR-00038,CLT-0733,PRD-001,AGT-057,AGC-011,2024-01-28,2026-01-17,Actif,2271000,182000,Trimestrielle,Oui,Carte bancaire,24
CTR-00039,CLT-0127,PRD-005,AGT-058,AGC-011,2025-01-12,2026-01-07,Actif,2050000,123000,Mensuelle,Non,Virement bancaire,12
CTR-00040,CLT-0947,PRD-005,AGT-038,AGC-006,2025-01-04,2026-12-25,Actif,2282000,137000,Annuelle,Non,Chèque,24
CTR-00041,CLT-0448,PRD-007,AGT-011,AGC-002,2023-10-25,2024-10-19,Expiré,47029000,5643000,Semestrielle,Non,Espèces,12
CTR-00042,CLT-0377,PRD-001,AGT-016,AGC-002,2024-08-13,2026-08-03,Actif,4192000,335000,Mensuelle,Non,Mobile Money,24
CTR-00043,CLT-0434,PRD-002,AGT-023,AGC-003,2025-03-26,2026-03-21,Actif,9310000,931000,Mensuelle,Non,Espèces,12
CTR-00044,CLT-0873,PRD-003,AGT-005,AGC-001,2025-05-07,2026-05-02,Actif,11160000,1004000,Mensuelle,Oui,Virement bancaire,12
CTR-00045,CLT-0870,PRD-007,AGT-044,AGC-007,2023-11-24,2024-11-18,Résilié,16173000,1941000,Annuelle,Non,Virement bancaire,12
CTR-00046,CLT-0490,PRD-005,AGT-014,AGC-002,2024-12-22,2027-12-07,Actif,429000,26000,Mensuelle,Non,Virement bancaire,36
CTR-00047,CLT-0869,PRD-006,AGT-045,AGC-008,2025-06-05,2027-05-26,Actif,22136000,2435000,Mensuelle,Non,Carte bancaire,24
CTR-00048,CLT-0935,PRD-007,AGT-060,AGC-012,2023-12-12,2024-12-06,Expiré,27415000,3290000,Mensuelle,Oui,Virement bancaire,12
CTR-00049,CLT-0290,PRD-005,AGT-016,AGC-002,2023-04-10,2024-04-04,Expiré,1577000,95000,Annuelle,Non,Virement bancaire,12
CTR-00050,CLT-0469,PRD-005,AGT-033,AGC-005,2024-12-13,2025-12-08,Résilié,761000,46000,Annuelle,Non,Espèces,12
CTR-00051,CLT-0667,PRD-001,AGT-044,AGC-007,2023-04-15,2025-04-04,Résilié,2017000,161000,Annuelle,Non,Mobile Money,24
CTR-00052,CLT-0862,PRD-001,AGT-006,AGC-001,2024-04-30,2025-04-25,Expiré,4931000,394000,Semestrielle,Non,Chèque,12
CTR-00053,CLT-0643,PRD-006,AGT-011,AGC-002,2023-09-04,2024-08-29,Expiré,20510000,2256000,Semestrielle,Oui,Carte bancaire,12
CTR-00054,CLT-0815,PRD-005,AGT-008,AGC-001,2025-06-04,2027-05-25,Actif,1141000,68000,Trimestrielle,Non,Espèces,24
CTR-00055,CLT-0120,PRD-001,AGT-029,AGC-004,2023-08-19,2024-08-13,Expiré,3504000,280000,Semestrielle,Oui,Carte bancaire,12
CTR-00056,CLT-0186,PRD-003,AGT-060,AGC-012,2023-11-02,2024-10-27,Expiré,3762000,339000,Annuelle,Non,Espèces,12
CTR-00057,CLT-0833,PRD-006,AGT-024,AGC-003,2024-07-03,2026-06-23,Actif,15602000,1716000,Annuelle,Oui,Mobile Money,24
CTR-00058,CLT-0839,PRD-006,AGT-004,AGC-001,2024-11-05,2026-10-26,Actif,8613000,947000,Mensuelle,Non,Virement bancaire,24
CTR-00059,CLT-0820,PRD-002,AGT-004,AGC-001,2024-10-30,2025-10-25,Expiré,10812000,1081000,Annuelle,Oui,Mobile Money,12
CTR-00060,CLT-0373,PRD-008,AGT-001,AGC-001,2023-09-12,2024-09-06,Résilié,53958000,7015000,Annuelle,Non,Virement bancaire,12
CTR-00061,CLT-0456,PRD-001,AGT-027,AGC-004,2024-06-19,2027-06-04,Actif,7485000,599000,Trimestrielle,Non,Virement bancaire,36
CTR-00062,CLT-0679,PRD-007,AGT-013,AGC-002,2023-05-26,2024-05-20,Résilié,57871000,6945000,Semestrielle,Non,Mobile Money,12
CTR-00063,CLT-0368,PRD-002,AGT-043,AGC-007,2023-03-18,2024-03-12,Expiré,9198000,920000,Trimestrielle,Oui,Chèque,12
CTR-00064,CLT-0693,PRD-003,AGT-044,AGC-007,2023-07-28,2024-07-22,Expiré,14944000,1345000,Mensuelle,Non,Mobile Money,12
CTR-00065,CLT-0674,PRD-005,AGT-026,AGC-004,2024-03-05,2026-02-23,Actif,996000,60000,Trimestrielle,Non,Chèque,24
CTR-00066,CLT-0254,PRD-001,AGT-002,AGC-001,2024-12-01,2025-11-26,Expiré,3741000,299000,Trimestrielle,Oui,Mobile Money,12
CTR-00067,CLT-0890,PRD-006,AGT-011,AGC-002,2024-01-22,2027-01-06,Actif,15333000,1687000,Annuelle,Non,Espèces,36
CTR-00068,CLT-0540,PRD-006,AGT-017,AGC-002,2023-04-08,2024-04-02,Expiré,22308000,2454000,Semestrielle,Non,Carte bancaire,12
CTR-00069,CLT-0175,PRD-002,AGT-041,AGC-007,2023-12-20,2025-12-09,Expiré,10310000,1031000,Annuelle,Non,Mobile Money,24
CTR-00070,CLT-0607,PRD-001,AGT-009,AGC-001,2024-12-31,2025-12-26,Expiré,2826000,226000,Mensuelle,Non,Virement bancaire,12
CTR-00071,CLT-0998,PRD-003,AGT-048,AGC-008,2024-12-24,2025-12-19,Expiré,7248000,652000,Mensuelle,Non,Chèque,12
CTR-00072,CLT-0534,PRD-008,AGT-053,AGC-010,2023-11-09,2025-10-29,Expiré,37925000,4930000,Annuelle,Non,Virement bancaire,24
CTR-00073,CLT-0079,PRD-006,AGT-056,AGC-011,2024-08-12,2025-08-07,Expiré,16083000,1769000,Annuelle,Non,Chèque,12
CTR-00074,CLT-0435,PRD-005,AGT-056,AGC-011,2024-05-06,2025-05-01,Expiré,2156000,129000,Mensuelle,Non,Espèces,12
CTR-00075,CLT-0195,PRD-008,AGT-043,AGC-007,2024-12-20,2025-12-15,Expiré,134376000,17469000,Annuelle,Non,Chèque,12
CTR-00076,CLT-0968,PRD-004,AGT-034,AGC-005,2024-04-04,2027-03-20,Actif,6722000,471000,Trimestrielle,Non,Mobile Money,36
CTR-00077,CLT-0077,PRD-003,AGT-006,AGC-001,2023-02-22,2024-02-17,Expiré,7479000,673000,Annuelle,Oui,Mobile Money,12
CTR-00078,CLT-0553,PRD-007,AGT-051,AGC-009,2023-11-03,2024-10-28,Expiré,10112000,1213000,Trimestrielle,Non,Chèque,12
CTR-00079,CLT-0952,PRD-008,AGT-035,AGC-006,2024-04-19,2026-04-09,Actif,78626000,10221000,Mensuelle,Oui,Mobile Money,24
CTR-00080,CLT-0306,PRD-003,AGT-003,AGC-001,2024-02-16,2025-02-10,Expiré,8905000,801000,Trimestrielle,Oui,Espèces,12
CTR-00081,CLT-0127,PRD-008,AGT-005,AGC-001,2023-08-20,2024-08-14,Expiré,42337000,5504000,Trimestrielle,Non,Mobile Money,12
CTR-00082,CLT-0450,PRD-005,AGT-019,AGC-003,2023-12-29,2025-12-18,Expiré,2244000,135000,Mensuelle,Non,Mobile Money,24
CTR-00083,CLT-0137,PRD-003,AGT-040,AGC-007,2023-06-14,2025-06-03,Résilié,17432000,1569000,Annuelle,Non,Espèces,24
CTR-00084,CLT-0501,PRD-004,AGT-046,AGC-008,2023-11-29,2025-11-18,Expiré,4799000,336000,Semestrielle,Non,Carte bancaire,24
CTR-00085,CLT-0135,PRD-001,AGT-001,AGC-001,2023-05-10,2024-05-04,Expiré,4186000,335000,Semestrielle,Oui,Mobile Money,12
CTR-00086,CLT-1000,PRD-004,AGT-008,AGC-001,2023-10-24,2024-10-18,Expiré,5003000,350000,Semestrielle,Non,Espèces,12
CTR-00087,CLT-0288,PRD-006,AGT-050,AGC-009,2024-11-13,2026-11-03,Actif,8968000,986000,Annuelle,Non,Virement bancaire,24
CTR-00088,CLT-0515,PRD-005,AGT-012,AGC-002,2023-08-23,2024-08-17,Expiré,902000,54000,Mensuelle,Oui,Espèces,12
CTR-00089,CLT-0205,PRD-001,AGT-007,AGC-001,2024-06-21,2025-06-16,Expiré,2310000,185000,Trimestrielle,Non,Mobile Money,12
CTR-00090,CLT-0660,PRD-001,AGT-006,AGC-001,2023-10-15,2026-09-29,Actif,3991000,319000,Annuelle,Oui,Espèces,36
CTR-00091,CLT-0001,PRD-001,AGT-041,AGC-007,2023-10-20,2024-10-14,Résilié,1853000,148000,Mensuelle,Non,Chèque,12
CTR-00092,CLT-0373,PRD-003,AGT-001,AGC-001,2024-11-30,2025-11-25,Résilié,6975000,628000,Semestrielle,Non,Mobile Money,12
CTR-00093,CLT-0798,PRD-004,AGT-031,AGC-005,2024-10-27,2025-10-22,Expiré,2611000,183000,Semestrielle,Oui,Virement bancaire,12
CTR-00094,CLT-0043,PRD-004,AGT-055,AGC-010,2025-04-17,2026-04-12,Actif,10576000,740000,Mensuelle,Non,Mobile Money,12
CTR-00095,CLT-0352,PRD-002,AGT-026,AGC-004,2024-06-30,2026-06-20,Actif,4350000,435000,Semestrielle,Oui,Mobile Money,24
CTR-00096,CLT-0899,PRD-006,AGT-051,AGC-009,2024-01-10,2025-01-04,Expiré,23217000,2554000,Trimestrielle,Oui,Chèque,12
CTR-00097,CLT-0516,PRD-006,AGT-005,AGC-001,2024-12-14,2027-11-29,Actif,10793000,1187000,Mensuelle,Non,Chèque,36
CTR-00098,CLT-0195,PRD-006,AGT-023,AGC-003,2024-06-29,2026-06-19,Actif,36689000,4036000,Annuelle,Oui,Mobile Money,24
CTR-00099,CLT-0799,PRD-003,AGT-031,AGC-005,2023-07-08,2024-07-02,Expiré,12249000,1102000,Annuelle,Oui,Mobile Money,12
CTR-00100,CLT-0516,PRD-006,AGT-027,AGC-004,2025-05-22,2026-05-17,Actif,19165000,2108000,Mensuelle,Non,Espèces,12
CTR-00101,CLT-0244,PRD-002,AGT-037,AGC-006,2023-05-17,2024-05-11,Expiré,9139000,914000,Annuelle,Oui,Mobile Money,12
CTR-00102,CLT-0002,PRD-005,AGT-037,AGC-006,2023-11-29,2024-11-23,Expiré,1824000,109000,Trimestrielle,Non,Virement bancaire,12
CTR-00103,CLT-0333,PRD-008,AGT-035,AGC-006,2025-04-23,2026-04-18,Actif,69786000,9072000,Mensuelle,Oui,Espèces,12
CTR-00104,CLT-0674,PRD-008,AGT-045,AGC-008,2025-01-09,2026-12-30,Actif,43649000,5674000,Annuelle,Non,Virement bancaire,24
CTR-00105,CLT-0565,PRD-002,AGT-020,AGC-003,2023-10-03,2024-09-27,Expiré,10866000,1087000,Trimestrielle,Non,Virement bancaire,12
CTR-00106,CLT-0445,PRD-003,AGT-053,AGC-010,2024-05-22,2025-05-17,Expiré,13348000,1201000,Trimestrielle,Oui,Virement bancaire,12
CTR-00107,CLT-0664,PRD-002,AGT-012,AGC-002,2025-04-17,2026-04-12,Actif,8863000,886000,Mensuelle,Oui,Mobile Money,12
CTR-00108,CLT-0931,PRD-005,AGT-023,AGC-003,2024-06-23,2025-06-18,Expiré,421000,25000,Trimestrielle,Oui,Espèces,12
CTR-00109,CLT-0014,PRD-006,AGT-035,AGC-006,2023-05-16,2024-05-10,Expiré,9852000,1084000,Mensuelle,Non,Chèque,12
CTR-00110,CLT-0981,PRD-006,AGT-032,AGC-005,2025-05-23,2027-05-13,Actif,11255000,1238000,Semestrielle,Oui,Mobile Money,24
CTR-00111,CLT-0168,PRD-002,AGT-026,AGC-004,2023-02-27,2024-02-22,Expiré,8349000,835000,Mensuelle,Oui,Mobile Money,12
CTR-00112,CLT-0106,PRD-004,AGT-050,AGC-009,2023-01-02,2025-12-17,Expiré,4990000,349000,Semestrielle,Oui,Mobile Money,36
CTR-00113,CLT-0901,PRD-005,AGT-035,AGC-006,2024-05-18,2025-05-13,Expiré,524000,31000,Trimestrielle,Non,Virement bancaire,12
CTR-00114,CLT-0122,PRD-003,AGT-056,AGC-011,2023-02-14,2025-02-03,Expiré,14471000,1302000,Semestrielle,Non,Espèces,24
CTR-00115,CLT-0684,PRD-005,AGT-037,AGC-006,2023-12-23,2025-12-12,Expiré,1693000,102000,Mensuelle,Non,Chèque,24
CTR-00116,CLT-0818,PRD-001,AGT-003,AGC-001,2025-03-07,2027-02-25,Actif,4237000,339000,Semestrielle,Oui,Carte bancaire,24
CTR-00117,CLT-0490,PRD-007,AGT-007,AGC-001,2025-01-14,2026-01-09,Actif,14522000,1743000,Mensuelle,Non,Mobile Money,12
CTR-00118,CLT-0327,PRD-004,AGT-028,AGC-004,2024-09-08,2026-08-29,Actif,4334000,303000,Semestrielle,Non,Mobile Money,24
CTR-00119,CLT-0429,PRD-004,AGT-028,AGC-004,2024-06-29,2025-06-24,Expiré,2585000,181000,Trimestrielle,Non,Carte bancaire,12
CTR-00120,CLT-0831,PRD-006,AGT-041,AGC-007,2024-01-06,2024-12-31,Résilié,5343000,588000,Semestrielle,Non,Chèque,12
CTR-00121,CLT-0944,PRD-001,AGT-054,AGC-010,2025-05-19,2027-05-09,Actif,4225000,338000,Trimestrielle,Oui,Carte bancaire,24
CTR-00122,CLT-0565,PRD-008,AGT-053,AGC-010,2023-08-04,2025-07-24,Expiré,25335000,3294000,Semestrielle,Non,Mobile Money,24
CTR-00123,CLT-0027,PRD-005,AGT-018,AGC-003,2024-12-19,2025-12-14,Expiré,1349000,81000,Mensuelle,Non,Espèces,12
CTR-00124,CLT-0145,PRD-001,AGT-007,AGC-001,2023-06-03,2025-05-23,Expiré,3373000,270000,Annuelle,Non,Mobile Money,24
CTR-00125,CLT-0740,PRD-003,AGT-045,AGC-008,2023-10-21,2024-10-15,Expiré,10709000,964000,Mensuelle,Non,Espèces,12
CTR-00126,CLT-0406,PRD-007,AGT-038,AGC-006,2024-07-21,2026-07-11,Actif,22903000,2748000,Trimestrielle,Non,Mobile Money,24
CTR-00127,CLT-0954,PRD-001,AGT-060,AGC-012,2023-05-09,2025-04-28,Expiré,1696000,136000,Annuelle,Non,Chèque,24
CTR-00128,CLT-0620,PRD-007,AGT-048,AGC-008,2024-05-03,2025-04-28,Expiré,51363000,6164000,Annuelle,Oui,Virement bancaire,12
CTR-00129,CLT-0200,PRD-002,AGT-006,AGC-001,2024-09-09,2026-08-30,Actif,6684000,668000,Mensuelle,Oui,Espèces,24
CTR-00130,CLT-0217,PRD-004,AGT-042,AGC-007,2023-07-12,2024-07-06,Expiré,2227000,156000,Annuelle,Oui,Virement bancaire,12
CTR-00131,CLT-0578,PRD-008,AGT-025,AGC-004,2023-11-19,2024-11-13,Expiré,88541000,11510000,Annuelle,Non,Mobile Money,12
CTR-00132,CLT-0323,PRD-006,AGT-041,AGC-007,2024-12-20,2026-12-10,Actif,11626000,1279000,Trimestrielle,Non,Mobile Money,24
CTR-00133,CLT-0794,PRD-001,AGT-033,AGC-005,2024-05-03,2025-04-28,Résilié,2515000,201000,Mensuelle,Non,Mobile Money,12
CTR-00134,CLT-0907,PRD-005,AGT-056,AGC-011,2025-06-24,2026-06-19,Actif,1799000,108000,Semestrielle,Oui,Chèque,12
CTR-00135,CLT-0514,PRD-004,AGT-044,AGC-007,2025-02-26,2026-02-21,Actif,7497000,525000,Trimestrielle,Oui,Carte bancaire,12
CTR-00136,CLT-0442,PRD-001,AGT-043,AGC-007,2023-09-02,2024-08-27,Expiré,1762000,141000,Semestrielle,Oui,Mobile Money,12
CTR-00137,CLT-0825,PRD-001,AGT-047,AGC-008,2024-07-14,2026-07-04,Actif,6527000,522000,Trimestrielle,Non,Mobile Money,24
CTR-00138,CLT-0174,PRD-008,AGT-005,AGC-001,2024-08-13,2025-08-08,Expiré,28439000,3697000,Mensuelle,Non,Mobile Money,12
CTR-00139,CLT-0263,PRD-006,AGT-019,AGC-003,2023-05-07,2026-04-21,Actif,17974000,1977000,Mensuelle,Oui,Mobile Money,36
CTR-00140,CLT-0635,PRD-008,AGT-006,AGC-001,2024-06-08,2026-05-29,Actif,86403000,11232000,Semestrielle,Oui,Mobile Money,24
CTR-00141,CLT-0270,PRD-007,AGT-059,AGC-012,2024-09-27,2027-09-12,Actif,12853000,1542000,Semestrielle,Non,Virement bancaire,36
CTR-00142,CLT-0159,PRD-007,AGT-012,AGC-002,2024-08-06,2025-08-01,Expiré,29411000,3529000,Mensuelle,Non,Mobile Money,12
CTR-00143,CLT-0658,PRD-004,AGT-045,AGC-008,2023-03-29,2024-03-23,Expiré,8717000,610000,Trimestrielle,Non,Mobile Money,12
CTR-00144,CLT-0067,PRD-002,AGT-060,AGC-012,2023-08-06,2025-07-26,Expiré,7761000,776000,Mensuelle,Oui,Mobile Money,24
CTR-00145,CLT-0656,PRD-002,AGT-034,AGC-005,2025-03-03,2026-02-26,Actif,17314000,1731000,Trimestrielle,Oui,Mobile Money,12
CTR-00146,CLT-0056,PRD-002,AGT-007,AGC-001,2023-10-04,2024-09-28,Expiré,5134000,513000,Mensuelle,Oui,Carte bancaire,12
CTR-00147,CLT-0463,PRD-007,AGT-027,AGC-004,2023-07-08,2025-06-27,Expiré,55082000,6610000,Annuelle,Oui,Espèces,24
CTR-00148,CLT-0358,PRD-008,AGT-029,AGC-004,2024-12-06,2026-11-26,Actif,131284000,17067000,Annuelle,Oui,Virement bancaire,24
CTR-00149,CLT-0843,PRD-001,AGT-046,AGC-008,2023-03-21,2025-03-10,Expiré,2006000,160000,Annuelle,Non,Virement bancaire,24
CTR-00150,CLT-0846,PRD-006,AGT-012,AGC-002,2024-04-14,2027-03-30,Actif,14989000,1649000,Annuelle,Oui,Virement bancaire,36
CTR-00151,CLT-0270,PRD-004,AGT-008,AGC-001,2025-05-02,2027-04-22,Actif,6440000,451000,Semestrielle,Non,Espèces,24
CTR-00152,CLT-0764,PRD-008,AGT-022,AGC-003,2025-03-03,2026-02-26,Actif,43317000,5631000,Annuelle,Oui,Chèque,12
CTR-00153,CLT-0591,PRD-008,AGT-020,AGC-003,2023-01-17,2024-01-12,Expiré,91986000,11958000,Trimestrielle,Oui,Chèque,12
CTR-00154,CLT-0424,PRD-003,AGT-022,AGC-003,2024-03-12,2025-03-07,Expiré,4361000,392000,Trimestrielle,Oui,Espèces,12
CTR-00155,CLT-0610,PRD-001,AGT-020,AGC-003,2025-05-15,2027-05-05,Actif,3881000,310000,Semestrielle,Non,Chèque,24
CTR-00156,CLT-0928,PRD-007,AGT-059,AGC-012,2023-04-02,2025-03-22,Expiré,47612000,5713000,Annuelle,Oui,Chèque,24
CTR-00157,CLT-0103,PRD-005,AGT-025,AGC-004,2024-11-14,2025-11-09,Expiré,790000,47000,Trimestrielle,Non,Espèces,12
CTR-00158,CLT-0481,PRD-008,AGT-024,AGC-003,2024-04-20,2025-04-15,Résilié,67788000,8812000,Semestrielle,Non,Espèces,12
CTR-00159,CLT-0384,PRD-006,AGT-027,AGC-004,2025-06-19,2027-06-09,Actif,11148000,1226000,Annuelle,Non,Virement bancaire,24
CTR-00160,CLT-0005,PRD-008,AGT-018,AGC-003,2023-01-27,2024-01-22,Expiré,76253000,9913000,Semestrielle,Non,Mobile Money,12
CTR-00161,CLT-0983,PRD-004,AGT-022,AGC-003,2024-02-05,2025-01-30,Expiré,7800000,546000,Semestrielle,Non,Espèces,12
CTR-00162,CLT-0652,PRD-003,AGT-043,AGC-007,2023-11-22,2024-11-16,Expiré,4195000,378000,Trimestrielle,Non,Virement bancaire,12
CTR-00163,CLT-0804,PRD-003,AGT-047,AGC-008,2025-05-07,2026-05-02,Actif,14384000,1295000,Mensuelle,Oui,Mobile Money,12
CTR-00164,CLT-0644,PRD-006,AGT-009,AGC-001,2023-03-22,2024-03-16,Expiré,23753000,2613000,Semestrielle,Non,Carte bancaire,12
CTR-00165,CLT-0192,PRD-002,AGT-054,AGC-010,2023-07-18,2024-07-12,Expiré,10240000,1024000,Annuelle,Non,Virement bancaire,12
CTR-00166,CLT-0282,PRD-001,AGT-001,AGC-001,2024-10-15,2027-09-30,Actif,4534000,363000,Annuelle,Oui,Espèces,36
CTR-00167,CLT-0146,PRD-002,AGT-053,AGC-010,2023-03-21,2024-03-15,Expiré,16254000,1625000,Trimestrielle,Oui,Espèces,12
CTR-00168,CLT-0076,PRD-004,AGT-036,AGC-006,2024-12-04,2025-11-29,Résilié,7795000,546000,Trimestrielle,Non,Espèces,12
CTR-00169,CLT-0306,PRD-001,AGT-001,AGC-001,2023-05-01,2026-04-15,Actif,4978000,398000,Semestrielle,Non,Mobile Money,36
CTR-00170,CLT-0163,PRD-004,AGT-011,AGC-002,2023-07-17,2025-07-06,Expiré,5626000,394000,Mensuelle,Non,Mobile Money,24
CTR-00171,CLT-0921,PRD-002,AGT-013,AGC-002,2023-03-27,2025-03-16,Résilié,10090000,1009000,Trimestrielle,Non,Chèque,24
CTR-00172,CLT-0357,PRD-006,AGT-038,AGC-006,2025-02-02,2027-01-23,Actif,13721000,1509000,Annuelle,Non,Mobile Money,24
CTR-00173,CLT-0203,PRD-005,AGT-054,AGC-010,2024-02-07,2025-02-01,Expiré,2426000,146000,Mensuelle,Oui,Virement bancaire,12
CTR-00174,CLT-0444,PRD-007,AGT-023,AGC-003,2023-10-06,2025-09-25,Expiré,40365000,4844000,Semestrielle,Oui,Mobile Money,24
CTR-00175,CLT-0648,PRD-007,AGT-018,AGC-003,2024-06-07,2025-06-02,Expiré,40194000,4823000,Annuelle,Non,Mobile Money,12
CTR-00176,CLT-0408,PRD-001,AGT-006,AGC-001,2024-03-15,2026-03-05,Actif,4417000,353000,Semestrielle,Oui,Mobile Money,24
CTR-00177,CLT-0799,PRD-002,AGT-001,AGC-001,2025-01-04,2025-12-30,Expiré,12516000,1252000,Semestrielle,Non,Mobile Money,12
CTR-00178,CLT-0617,PRD-002,AGT-014,AGC-002,2025-01-03,2026-12-24,Actif,11067000,1107000,Mensuelle,Non,Carte bancaire,24
CTR-00179,CLT-0432,PRD-005,AGT-024,AGC-003,2023-11-24,2024-11-18,Expiré,1387000,83000,Mensuelle,Oui,Espèces,12
CTR-00180,CLT-0464,PRD-001,AGT-016,AGC-002,2023-08-31,2024-08-25,Expiré,4557000,365000,Annuelle,Non,Chèque,12
CTR-00181,CLT-0292,PRD-001,AGT-059,AGC-012,2024-06-30,2027-06-15,Actif,2888000,231000,Mensuelle,Non,Espèces,36
CTR-00182,CLT-0822,PRD-003,AGT-015,AGC-002,2025-02-10,2026-02-05,Actif,3957000,356000,Trimestrielle,Non,Espèces,12
CTR-00183,CLT-0306,PRD-005,AGT-024,AGC-003,2024-10-18,2027-10-03,Actif,567000,34000,Semestrielle,Non,Espèces,36
CTR-00184,CLT-0049,PRD-007,AGT-006,AGC-001,2025-06-01,2027-05-22,Actif,31784000,3814000,Mensuelle,Oui,Chèque,24
CTR-00185,CLT-0378,PRD-007,AGT-025,AGC-004,2024-12-05,2026-11-25,Actif,36698000,4404000,Mensuelle,Non,Chèque,24
CTR-00186,CLT-0077,PRD-002,AGT-038,AGC-006,2023-10-04,2025-09-23,Résilié,8668000,867000,Mensuelle,Non,Mobile Money,24
CTR-00187,CLT-0152,PRD-006,AGT-054,AGC-010,2024-10-14,2025-10-09,Expiré,15552000,1711000,Semestrielle,Non,Chèque,12
CTR-00188,CLT-0330,PRD-006,AGT-025,AGC-004,2023-09-28,2025-09-17,Expiré,12060000,1327000,Mensuelle,Non,Virement bancaire,24
CTR-00189,CLT-0877,PRD-002,AGT-008,AGC-001,2023-03-03,2024-02-26,Expiré,9507000,951000,Trimestrielle,Oui,Mobile Money,12
CTR-00190,CLT-0834,PRD-004,AGT-027,AGC-004,2025-02-17,2028-02-02,Actif,6960000,487000,Annuelle,Non,Espèces,36
CTR-00191,CLT-0134,PRD-002,AGT-021,AGC-003,2025-06-07,2027-05-28,Actif,5624000,562000,Mensuelle,Oui,Mobile Money,24
CTR-00192,CLT-0703,PRD-002,AGT-049,AGC-009,2023-05-31,2024-05-25,Expiré,4882000,488000,Trimestrielle,Oui,Mobile Money,12
CTR-00193,CLT-0488,PRD-005,AGT-020,AGC-003,2023-05-02,2026-04-16,Actif,485000,29000,Mensuelle,Non,Mobile Money,36
CTR-00194,CLT-0521,PRD-003,AGT-020,AGC-003,2023-04-11,2024-04-05,Expiré,14136000,1272000,Mensuelle,Oui,Espèces,12
CTR-00195,CLT-0283,PRD-004,AGT-028,AGC-004,2023-04-22,2025-04-11,Expiré,8713000,610000,Mensuelle,Oui,Espèces,24
CTR-00196,CLT-0273,PRD-002,AGT-027,AGC-004,2023-08-20,2025-08-09,Expiré,11569000,1157000,Mensuelle,Oui,Carte bancaire,24
CTR-00197,CLT-0709,PRD-002,AGT-013,AGC-002,2023-12-22,2025-12-11,Expiré,6304000,630000,Mensuelle,Oui,Chèque,24
CTR-00198,CLT-0638,PRD-003,AGT-013,AGC-002,2023-06-24,2024-06-18,Expiré,5248000,472000,Mensuelle,Non,Espèces,12
CTR-00199,CLT-0486,PRD-003,AGT-005,AGC-001,2025-06-21,2026-06-16,Actif,11150000,1004000,Semestrielle,Non,Chèque,12
CTR-00200,CLT-0598,PRD-001,AGT-054,AGC-010,2023-04-23,2024-04-17,Expiré,5964000,477000,Mensuelle,Oui,Mobile Money,12
CTR-00201,CLT-0774,PRD-001,AGT-005,AGC-001,2025-04-03,2027-03-24,Actif,3084000,247000,Annuelle,Non,Mobile Money,24
CTR-00202,CLT-0499,PRD-002,AGT-024,AGC-003,2023-12-28,2024-12-22,Expiré,9964000,996000,Annuelle,Non,Carte bancaire,12
CTR-00203,CLT-0496,PRD-001,AGT-035,AGC-006,2023-06-01,2026-05-16,Actif,4497000,360000,Mensuelle,Non,Mobile Money,36
CTR-00204,CLT-0251,PRD-004,AGT-043,AGC-007,2024-01-04,2024-12-29,Expiré,10149000,710000,Mensuelle,Oui,Mobile Money,12
CTR-00205,CLT-0642,PRD-005,AGT-054,AGC-010,2025-06-16,2026-06-11,Actif,1082000,65000,Annuelle,Non,Mobile Money,12
CTR-00206,CLT-0428,PRD-008,AGT-013,AGC-002,2023-02-12,2024-02-07,Expiré,77563000,10083000,Annuelle,Oui,Virement bancaire,12
CTR-00207,CLT-0812,PRD-006,AGT-010,AGC-002,2024-05-25,2027-05-10,Actif,7943000,874000,Trimestrielle,Non,Mobile Money,36
CTR-00208,CLT-0572,PRD-005,AGT-014,AGC-002,2023-03-08,2025-02-25,Expiré,497000,30000,Semestrielle,Oui,Espèces,24
CTR-00209,CLT-0314,PRD-001,AGT-024,AGC-003,2023-01-01,2023-12-27,Expiré,4576000,366000,Trimestrielle,Non,Chèque,12
CTR-00210,CLT-0575,PRD-001,AGT-005,AGC-001,2023-05-27,2026-05-11,Actif,2189000,175000,Mensuelle,Non,Mobile Money,36
CTR-00211,CLT-0485,PRD-008,AGT-016,AGC-002,2024-03-08,2025-03-03,Résilié,98533000,12809000,Annuelle,Non,Virement bancaire,12
CTR-00212,CLT-0178,PRD-004,AGT-037,AGC-006,2025-04-03,2026-03-29,Actif,6783000,475000,Mensuelle,Oui,Virement bancaire,12
CTR-00213,CLT-0309,PRD-002,AGT-017,AGC-002,2024-07-12,2025-07-07,Expiré,10671000,1067000,Trimestrielle,Oui,Virement bancaire,12
CTR-00214,CLT-0516,PRD-008,AGT-043,AGC-007,2023-12-29,2024-12-23,Expiré,45769000,5950000,Semestrielle,Oui,Chèque,12
CTR-00215,CLT-0432,PRD-001,AGT-005,AGC-001,2025-03-16,2026-03-11,Actif,3293000,263000,Trimestrielle,Oui,Virement bancaire,12
CTR-00216,CLT-0301,PRD-001,AGT-050,AGC-009,2024-02-17,2026-02-06,Actif,3120000,250000,Trimestrielle,Non,Carte bancaire,24
CTR-00217,CLT-0087,PRD-001,AGT-049,AGC-009,2023-12-08,2024-12-02,Résilié,4240000,339000,Semestrielle,Non,Carte bancaire,12
CTR-00218,CLT-0125,PRD-006,AGT-035,AGC-006,2024-12-19,2025-12-14,Expiré,19808000,2179000,Mensuelle,Non,Virement bancaire,12
CTR-00219,CLT-0873,PRD-001,AGT-035,AGC-006,2025-04-04,2026-03-30,Actif,3907000,313000,Mensuelle,Oui,Virement bancaire,12
CTR-00220,CLT-0124,PRD-004,AGT-011,AGC-002,2024-04-30,2025-04-25,Expiré,4735000,331000,Mensuelle,Non,Mobile Money,12
CTR-00221,CLT-0189,PRD-007,AGT-051,AGC-009,2025-04-21,2027-04-11,Actif,31956000,3835000,Mensuelle,Non,Espèces,24
CTR-00222,CLT-0023,PRD-002,AGT-046,AGC-008,2023-06-24,2024-06-18,Expiré,5603000,560000,Mensuelle,Non,Espèces,12
CTR-00223,CLT-0603,PRD-004,AGT-038,AGC-006,2024-01-31,2026-01-20,Actif,2751000,193000,Trimestrielle,Non,Espèces,24
CTR-00224,CLT-0469,PRD-001,AGT-022,AGC-003,2023-11-07,2024-11-01,Expiré,3800000,304000,Annuelle,Non,Mobile Money,12
CTR-00225,CLT-0143,PRD-003,AGT-042,AGC-007,2023-01-10,2025-12-25,Expiré,13270000,1194000,Trimestrielle,Non,Virement bancaire,36
CTR-00226,CLT-0400,PRD-004,AGT-003,AGC-001,2023-12-27,2025-12-16,Expiré,6368000,446000,Mensuelle,Non,Carte bancaire,24
CTR-00227,CLT-0675,PRD-002,AGT-024,AGC-003,2024-10-22,2025-10-17,Résilié,8847000,885000,Mensuelle,Non,Virement bancaire,12
CTR-00228,CLT-0520,PRD-006,AGT-026,AGC-004,2024-12-15,2025-12-10,Résilié,11962000,1316000,Semestrielle,Non,Mobile Money,12
CTR-00229,CLT-0047,PRD-001,AGT-041,AGC-007,2023-04-09,2025-03-29,Expiré,4701000,376000,Mensuelle,Oui,Carte bancaire,24
CTR-00230,CLT-0940,PRD-006,AGT-012,AGC-002,2025-01-15,2027-01-05,Actif,20116000,2213000,Mensuelle,Non,Virement bancaire,24
CTR-00231,CLT-0118,PRD-001,AGT-043,AGC-007,2025-02-20,2026-02-15,Actif,3710000,297000,Mensuelle,Oui,Espèces,12
CTR-00232,CLT-0461,PRD-003,AGT-059,AGC-012,2023-07-20,2024-07-14,Expiré,10292000,926000,Mensuelle,Oui,Carte bancaire,12
CTR-00233,CLT-0829,PRD-006,AGT-001,AGC-001,2024-10-06,2027-09-21,Actif,6924000,762000,Mensuelle,Oui,Espèces,36
CTR-00234,CLT-0793,PRD-003,AGT-030,AGC-005,2023-12-15,2024-12-09,Expiré,16745000,1507000,Trimestrielle,Non,Carte bancaire,12
CTR-00235,CLT-0585,PRD-007,AGT-027,AGC-004,2024-09-25,2026-09-15,Actif,52671000,6321000,Trimestrielle,Non,Virement bancaire,24
CTR-00236,CLT-0895,PRD-001,AGT-009,AGC-001,2023-11-02,2024-10-27,Expiré,1680000,134000,Mensuelle,Non,Carte bancaire,12
CTR-00237,CLT-0297,PRD-008,AGT-015,AGC-002,2023-03-11,2025-02-28,Expiré,44994000,5849000,Mensuelle,Oui,Mobile Money,24
CTR-00238,CLT-0626,PRD-004,AGT-018,AGC-003,2024-07-13,2026-07-03,Actif,2776000,194000,Annuelle,Non,Mobile Money,24
CTR-00239,CLT-0031,PRD-001,AGT-019,AGC-003,2023-12-09,2025-11-28,Expiré,2215000,177000,Trimestrielle,Non,Carte bancaire,24
CTR-00240,CLT-0935,PRD-007,AGT-011,AGC-002,2025-04-04,2028-03-19,Actif,55216000,6626000,Annuelle,Non,Espèces,36
CTR-00241,CLT-0073,PRD-008,AGT-034,AGC-005,2023-03-24,2025-03-13,Expiré,24710000,3212000,Mensuelle,Non,Mobile Money,24
CTR-00242,CLT-0231,PRD-005,AGT-020,AGC-003,2025-03-11,2027-03-01,Actif,2437000,146000,Mensuelle,Oui,Carte bancaire,24
CTR-00243,CLT-0831,PRD-002,AGT-033,AGC-005,2024-11-29,2026-11-19,Actif,4145000,414000,Trimestrielle,Non,Mobile Money,24
CTR-00244,CLT-0129,PRD-003,AGT-019,AGC-003,2023-04-29,2024-04-23,Résilié,14790000,1331000,Trimestrielle,Non,Espèces,12
CTR-00245,CLT-0448,PRD-008,AGT-011,AGC-002,2024-08-25,2025-08-20,Expiré,71443000,9288000,Trimestrielle,Non,Espèces,12
CTR-00246,CLT-0822,PRD-001,AGT-040,AGC-007,2023-03-20,2024-03-14,Expiré,2489000,199000,Semestrielle,Oui,Carte bancaire,12
CTR-00247,CLT-0300,PRD-001,AGT-023,AGC-003,2023-05-06,2025-04-25,Expiré,5750000,460000,Semestrielle,Oui,Carte bancaire,24
CTR-00248,CLT-0920,PRD-008,AGT-014,AGC-002,2024-01-11,2025-12-31,Actif,36951000,4804000,Trimestrielle,Non,Mobile Money,24
CTR-00249,CLT-0715,PRD-004,AGT-006,AGC-001,2024-02-25,2026-02-14,Actif,6353000,445000,Mensuelle,Oui,Espèces,24
CTR-00250,CLT-1000,PRD-004,AGT-013,AGC-002,2023-05-06,2024-04-30,Résilié,2994000,210000,Annuelle,Non,Virement bancaire,12
CTR-00251,CLT-0666,PRD-006,AGT-056,AGC-011,2024-05-25,2026-05-15,Actif,10406000,1145000,Trimestrielle,Non,Chèque,24
CTR-00252,CLT-0062,PRD-002,AGT-033,AGC-005,2023-01-20,2025-01-09,Expiré,4355000,436000,Mensuelle,Oui,Mobile Money,24
CTR-00253,CLT-0054,PRD-005,AGT-006,AGC-001,2023-01-27,2026-01-11,Actif,1960000,118000,Annuelle,Non,Mobile Money,36
CTR-00254,CLT-0772,PRD-004,AGT-042,AGC-007,2025-01-13,2027-01-03,Actif,5039000,353000,Semestrielle,Non,Virement bancaire,24
CTR-00255,CLT-0059,PRD-007,AGT-032,AGC-005,2025-05-29,2028-05-13,Actif,36738000,4409000,Semestrielle,Oui,Carte bancaire,36
CTR-00256,CLT-0267,PRD-001,AGT-023,AGC-003,2023-09-01,2024-08-26,Expiré,4299000,344000,Mensuelle,Non,Mobile Money,12
CTR-00257,CLT-0556,PRD-002,AGT-030,AGC-005,2024-09-22,2025-09-17,Expiré,6004000,600000,Annuelle,Non,Espèces,12
CTR-00258,CLT-0315,PRD-004,AGT-014,AGC-002,2025-05-17,2026-05-12,Actif,5239000,367000,Trimestrielle,Non,Chèque,12
CTR-00259,CLT-0492,PRD-005,AGT-033,AGC-005,2023-03-01,2024-02-24,Expiré,3420000,205000,Annuelle,Non,Mobile Money,12
CTR-00260,CLT-0265,PRD-006,AGT-017,AGC-002,2023-05-11,2024-05-05,Expiré,22425000,2467000,Mensuelle,Non,Virement bancaire,12
CTR-00261,CLT-0189,PRD-005,AGT-051,AGC-009,2023-02-12,2024-02-07,Expiré,2394000,144000,Annuelle,Non,Espèces,12
CTR-00262,CLT-0866,PRD-007,AGT-023,AGC-003,2023-02-15,2025-02-04,Expiré,13874000,1665000,Trimestrielle,Non,Mobile Money,24
CTR-00263,CLT-0334,PRD-004,AGT-052,AGC-009,2023-03-15,2025-03-04,Résilié,3002000,210000,Trimestrielle,Non,Carte bancaire,24
CTR-00264,CLT-0344,PRD-008,AGT-054,AGC-010,2024-04-26,2027-04-11,Actif,37055000,4817000,Trimestrielle,Oui,Mobile Money,36
CTR-00265,CLT-0154,PRD-008,AGT-004,AGC-001,2025-04-07,2026-04-02,Actif,68683000,8929000,Annuelle,Non,Virement bancaire,12
CTR-00266,CLT-0963,PRD-002,AGT-049,AGC-009,2024-11-03,2026-10-24,Actif,7049000,705000,Mensuelle,Non,Espèces,24
CTR-00267,CLT-0958,PRD-008,AGT-034,AGC-005,2024-10-07,2025-10-02,Expiré,69978000,9097000,Trimestrielle,Non,Espèces,12
CTR-00268,CLT-0484,PRD-005,AGT-027,AGC-004,2023-10-03,2024-09-27,Expiré,2304000,138000,Annuelle,Non,Chèque,12
CTR-00269,CLT-0237,PRD-003,AGT-040,AGC-007,2024-12-10,2025-12-05,Expiré,13563000,1221000,Trimestrielle,Non,Mobile Money,12
CTR-00270,CLT-0937,PRD-003,AGT-026,AGC-004,2024-04-04,2026-03-25,Actif,5757000,518000,Annuelle,Non,Chèque,24
CTR-00271,CLT-0251,PRD-006,AGT-022,AGC-003,2024-11-12,2025-11-07,Expiré,13242000,1457000,Mensuelle,Oui,Mobile Money,12
CTR-00272,CLT-0152,PRD-004,AGT-036,AGC-006,2023-07-04,2025-06-23,Expiré,2846000,199000,Semestrielle,Oui,Chèque,24
CTR-00273,CLT-0761,PRD-001,AGT-052,AGC-009,2023-01-25,2025-01-14,Résilié,1963000,157000,Annuelle,Non,Chèque,24
CTR-00274,CLT-0926,PRD-003,AGT-009,AGC-001,2023-09-05,2025-08-25,Expiré,13769000,1239000,Semestrielle,Non,Virement bancaire,24
CTR-00275,CLT-0740,PRD-001,AGT-042,AGC-007,2024-04-04,2027-03-20,Actif,3708000,297000,Trimestrielle,Non,Carte bancaire,36
CTR-00276,CLT-0717,PRD-001,AGT-011,AGC-002,2023-06-05,2025-05-25,Expiré,2795000,224000,Trimestrielle,Non,Mobile Money,24
CTR-00277,CLT-0521,PRD-006,AGT-011,AGC-002,2023-08-26,2024-08-20,Expiré,16283000,1791000,Semestrielle,Non,Carte bancaire,12
CTR-00278,CLT-0437,PRD-002,AGT-024,AGC-003,2023-07-02,2026-06-16,Actif,4335000,434000,Annuelle,Non,Virement bancaire,36
CTR-00279,CLT-0441,PRD-004,AGT-034,AGC-005,2023-11-18,2024-11-12,Expiré,3572000,250000,Trimestrielle,Oui,Carte bancaire,12
CTR-00280,CLT-0296,PRD-008,AGT-011,AGC-002,2023-08-26,2025-08-15,Expiré,49339000,6414000,Annuelle,Non,Espèces,24
CTR-00281,CLT-0925,PRD-001,AGT-055,AGC-010,2025-03-29,2026-03-24,Actif,3209000,257000,Trimestrielle,Non,Mobile Money,12
CTR-00282,CLT-0971,PRD-004,AGT-044,AGC-007,2023-05-10,2025-04-29,Expiré,2767000,194000,Annuelle,Non,Mobile Money,24
CTR-00283,CLT-0443,PRD-004,AGT-003,AGC-001,2023-10-13,2025-10-02,Expiré,7102000,497000,Annuelle,Oui,Virement bancaire,24
CTR-00284,CLT-0335,PRD-001,AGT-021,AGC-003,2024-10-07,2026-09-27,Actif,3852000,308000,Semestrielle,Oui,Carte bancaire,24
CTR-00285,CLT-0040,PRD-003,AGT-058,AGC-011,2023-11-22,2024-11-16,Expiré,13052000,1175000,Annuelle,Non,Virement bancaire,12
CTR-00286,CLT-0252,PRD-001,AGT-019,AGC-003,2024-11-20,2025-11-15,Expiré,3196000,256000,Trimestrielle,Oui,Espèces,12
CTR-00287,CLT-0651,PRD-007,AGT-058,AGC-011,2025-02-06,2026-02-01,Actif,31716000,3806000,Semestrielle,Non,Virement bancaire,12
CTR-00288,CLT-0040,PRD-003,AGT-016,AGC-002,2024-10-08,2025-10-03,Expiré,8811000,793000,Mensuelle,Non,Mobile Money,12
CTR-00289,CLT-0238,PRD-007,AGT-038,AGC-006,2025-03-26,2027-03-16,Actif,48273000,5793000,Mensuelle,Oui,Mobile Money,24
CTR-00290,CLT-0987,PRD-007,AGT-042,AGC-007,2024-03-05,2027-02-18,Actif,26270000,3152000,Mensuelle,Non,Mobile Money,36
CTR-00291,CLT-0327,PRD-005,AGT-021,AGC-003,2024-12-22,2025-12-17,Résilié,2148000,129000,Annuelle,Non,Virement bancaire,12
CTR-00292,CLT-0704,PRD-002,AGT-013,AGC-002,2025-06-30,2027-06-20,Actif,7272000,727000,Trimestrielle,Non,Virement bancaire,24
CTR-00293,CLT-0422,PRD-003,AGT-021,AGC-003,2023-09-24,2026-09-08,Actif,6220000,560000,Trimestrielle,Non,Carte bancaire,36
CTR-00294,CLT-0316,PRD-003,AGT-012,AGC-002,2024-07-02,2025-06-27,Expiré,14375000,1294000,Trimestrielle,Non,Virement bancaire,12
CTR-00295,CLT-0021,PRD-008,AGT-007,AGC-001,2023-04-03,2025-03-23,Expiré,41453000,5389000,Mensuelle,Non,Espèces,24
CTR-00296,CLT-0216,PRD-003,AGT-012,AGC-002,2025-05-08,2026-05-03,Actif,13317000,1199000,Annuelle,Oui,Chèque,12
CTR-00297,CLT-0340,PRD-003,AGT-031,AGC-005,2023-01-14,2024-01-09,Expiré,21480000,1933000,Trimestrielle,Oui,Mobile Money,12
CTR-00298,CLT-0161,PRD-002,AGT-004,AGC-001,2023-02-04,2024-01-30,Expiré,10272000,1027000,Mensuelle,Non,Virement bancaire,12
CTR-00299,CLT-0277,PRD-007,AGT-009,AGC-001,2025-01-09,2026-12-30,Actif,46632000,5596000,Semestrielle,Oui,Mobile Money,24
CTR-00300,CLT-0942,PRD-001,AGT-043,AGC-007,2023-07-18,2025-07-07,Résilié,4247000,340000,Trimestrielle,Non,Virement bancaire,24
CTR-00301,CLT-0310,PRD-002,AGT-014,AGC-002,2024-11-02,2025-10-28,Expiré,7436000,744000,Trimestrielle,Oui,Mobile Money,12
CTR-00302,CLT-0292,PRD-008,AGT-026,AGC-004,2024-01-27,2025-01-21,Expiré,69514000,9037000,Trimestrielle,Oui,Espèces,12
CTR-00303,CLT-0230,PRD-004,AGT-004,AGC-001,2024-04-02,2025-03-28,Expiré,6500000,455000,Annuelle,Oui,Chèque,12
CTR-00304,CLT-0098,PRD-004,AGT-017,AGC-002,2024-08-30,2025-08-25,Expiré,7655000,536000,Semestrielle,Non,Virement bancaire,12
CTR-00305,CLT-0239,PRD-001,AGT-028,AGC-004,2023-11-15,2025-11-04,Résilié,1628000,130000,Semestrielle,Non,Virement bancaire,24
CTR-00306,CLT-0893,PRD-001,AGT-044,AGC-007,2025-03-24,2026-03-19,Actif,3249000,260000,Mensuelle,Non,Mobile Money,12
CTR-00307,CLT-0495,PRD-004,AGT-049,AGC-009,2023-04-18,2024-04-12,Expiré,2891000,202000,Trimestrielle,Oui,Espèces,12
CTR-00308,CLT-0203,PRD-003,AGT-059,AGC-012,2025-06-25,2026-06-20,Actif,8319000,749000,Trimestrielle,Non,Virement bancaire,12
CTR-00309,CLT-0561,PRD-003,AGT-002,AGC-001,2024-03-21,2027-03-06,Actif,11639000,1048000,Mensuelle,Non,Mobile Money,36
CTR-00310,CLT-0911,PRD-003,AGT-036,AGC-006,2023-10-25,2024-10-19,Expiré,10368000,933000,Trimestrielle,Non,Mobile Money,12
CTR-00311,CLT-0474,PRD-002,AGT-023,AGC-003,2025-01-07,2027-12-23,Actif,11423000,1142000,Semestrielle,Oui,Mobile Money,36
CTR-00312,CLT-0326,PRD-003,AGT-002,AGC-001,2023-01-06,2024-01-01,Expiré,11329000,1020000,Trimestrielle,Non,Espèces,12
CTR-00313,CLT-0480,PRD-004,AGT-009,AGC-001,2025-06-23,2026-06-18,Actif,6402000,448000,Mensuelle,Non,Carte bancaire,12
CTR-00314,CLT-0889,PRD-003,AGT-042,AGC-007,2024-10-01,2026-09-21,Actif,14212000,1279000,Semestrielle,Non,Mobile Money,24
CTR-00315,CLT-0607,PRD-001,AGT-042,AGC-007,2023-07-02,2024-06-26,Expiré,4289000,343000,Annuelle,Non,Mobile Money,12
CTR-00316,CLT-0791,PRD-007,AGT-034,AGC-005,2024-11-15,2027-10-31,Actif,20465000,2456000,Mensuelle,Oui,Mobile Money,36
CTR-00317,CLT-0952,PRD-007,AGT-003,AGC-001,2024-05-01,2026-04-21,Actif,26167000,3140000,Mensuelle,Non,Mobile Money,24
CTR-00318,CLT-0451,PRD-003,AGT-027,AGC-004,2024-05-27,2026-05-17,Actif,5889000,530000,Annuelle,Oui,Virement bancaire,24
CTR-00319,CLT-0364,PRD-002,AGT-029,AGC-004,2023-03-22,2025-03-11,Résilié,11643000,1164000,Annuelle,Non,Carte bancaire,24
CTR-00320,CLT-0729,PRD-001,AGT-021,AGC-003,2024-05-16,2026-05-06,Actif,2377000,190000,Annuelle,Oui,Virement bancaire,24
CTR-00321,CLT-0183,PRD-001,AGT-021,AGC-003,2025-02-28,2027-02-18,Actif,6197000,496000,Semestrielle,Oui,Chèque,24
CTR-00322,CLT-0962,PRD-002,AGT-023,AGC-003,2023-01-11,2024-01-06,Expiré,6993000,699000,Trimestrielle,Non,Chèque,12
CTR-00323,CLT-0938,PRD-002,AGT-058,AGC-011,2023-10-07,2024-10-01,Expiré,7830000,783000,Semestrielle,Oui,Mobile Money,12
CTR-00324,CLT-0641,PRD-001,AGT-030,AGC-005,2025-06-02,2027-05-23,Actif,4960000,397000,Trimestrielle,Non,Espèces,24
CTR-00325,CLT-0768,PRD-007,AGT-040,AGC-007,2023-02-09,2024-02-04,Expiré,45666000,5480000,Mensuelle,Non,Carte bancaire,12
CTR-00326,CLT-0085,PRD-003,AGT-049,AGC-009,2024-03-30,2026-03-20,Actif,4779000,430000,Trimestrielle,Oui,Chèque,24
CTR-00327,CLT-0199,PRD-005,AGT-042,AGC-007,2025-05-07,2027-04-27,Actif,2279000,137000,Mensuelle,Non,Chèque,24
CTR-00328,CLT-0740,PRD-008,AGT-028,AGC-004,2024-03-02,2026-02-20,Actif,65223000,8479000,Annuelle,Oui,Mobile Money,24
CTR-00329,CLT-0747,PRD-002,AGT-001,AGC-001,2023-10-10,2025-09-29,Expiré,7274000,727000,Annuelle,Non,Chèque,24
CTR-00330,CLT-0319,PRD-002,AGT-020,AGC-003,2024-04-22,2025-04-17,Expiré,8530000,853000,Mensuelle,Non,Espèces,12
CTR-00331,CLT-0748,PRD-001,AGT-010,AGC-002,2025-02-24,2026-02-19,Actif,2750000,220000,Trimestrielle,Non,Carte bancaire,12
CTR-00332,CLT-0966,PRD-002,AGT-050,AGC-009,2025-02-04,2027-01-25,Actif,6421000,642000,Semestrielle,Oui,Espèces,24
CTR-00333,CLT-0144,PRD-004,AGT-024,AGC-003,2023-07-12,2024-07-06,Expiré,8855000,620000,Trimestrielle,Oui,Espèces,12
CTR-00334,CLT-0364,PRD-004,AGT-023,AGC-003,2024-06-19,2025-06-14,Expiré,7822000,548000,Annuelle,Oui,Mobile Money,12
CTR-00335,CLT-0551,PRD-004,AGT-060,AGC-012,2023-12-22,2025-12-11,Expiré,4021000,281000,Annuelle,Oui,Virement bancaire,24
CTR-00336,CLT-0761,PRD-006,AGT-004,AGC-001,2023-09-22,2024-09-16,Expiré,23438000,2578000,Semestrielle,Non,Mobile Money,12
CTR-00337,CLT-0479,PRD-004,AGT-021,AGC-003,2024-11-05,2025-10-31,Expiré,8351000,585000,Annuelle,Non,Espèces,12
CTR-00338,CLT-0432,PRD-003,AGT-018,AGC-003,2023-07-11,2026-06-25,Actif,6675000,601000,Mensuelle,Non,Espèces,36
CTR-00339,CLT-0829,PRD-005,AGT-033,AGC-005,2025-01-18,2026-01-13,Actif,2135000,128000,Trimestrielle,Oui,Mobile Money,12
CTR-00340,CLT-0695,PRD-003,AGT-004,AGC-001,2025-02-20,2028-02-05,Actif,14123000,1271000,Trimestrielle,Oui,Mobile Money,36
CTR-00341,CLT-0592,PRD-003,AGT-009,AGC-001,2023-06-20,2026-06-04,Actif,13639000,1228000,Annuelle,Non,Espèces,36
CTR-00342,CLT-0996,PRD-004,AGT-006,AGC-001,2025-03-18,2028-03-02,Actif,8792000,615000,Annuelle,Oui,Carte bancaire,36
CTR-00343,CLT-0470,PRD-003,AGT-026,AGC-004,2023-07-25,2025-07-14,Expiré,3965000,357000,Mensuelle,Oui,Espèces,24
CTR-00344,CLT-0251,PRD-001,AGT-032,AGC-005,2023-01-06,2024-01-01,Expiré,3857000,309000,Semestrielle,Non,Chèque,12
CTR-00345,CLT-0685,PRD-003,AGT-026,AGC-004,2025-02-20,2028-02-05,Actif,12028000,1083000,Annuelle,Oui,Mobile Money,36
CTR-00346,CLT-0335,PRD-007,AGT-048,AGC-008,2024-09-03,2025-08-29,Expiré,34415000,4130000,Semestrielle,Non,Mobile Money,12
CTR-00347,CLT-0624,PRD-001,AGT-015,AGC-002,2023-12-15,2024-12-09,Expiré,4377000,350000,Mensuelle,Oui,Mobile Money,12
CTR-00348,CLT-0512,PRD-002,AGT-016,AGC-002,2023-04-06,2024-03-31,Expiré,7406000,741000,Trimestrielle,Oui,Carte bancaire,12
CTR-00349,CLT-0036,PRD-002,AGT-056,AGC-011,2023-06-17,2024-06-11,Expiré,4851000,485000,Trimestrielle,Non,Virement bancaire,12
CTR-00350,CLT-0672,PRD-007,AGT-045,AGC-008,2023-06-14,2024-06-08,Expiré,45647000,5478000,Trimestrielle,Oui,Chèque,12
CTR-00351,CLT-0412,PRD-003,AGT-007,AGC-001,2023-09-22,2025-09-11,Expiré,12686000,1142000,Trimestrielle,Non,Carte bancaire,24
CTR-00352,CLT-0730,PRD-003,AGT-027,AGC-004,2023-04-25,2025-04-14,Résilié,11397000,1026000,Trimestrielle,Non,Virement bancaire,24
CTR-00353,CLT-0154,PRD-001,AGT-058,AGC-011,2024-08-27,2025-08-22,Expiré,3651000,292000,Trimestrielle,Non,Mobile Money,12
CTR-00354,CLT-0041,PRD-001,AGT-027,AGC-004,2023-02-21,2025-02-10,Expiré,2383000,191000,Mensuelle,Oui,Carte bancaire,24
CTR-00355,CLT-0556,PRD-002,AGT-016,AGC-002,2023-01-18,2024-01-13,Expiré,4285000,428000,Semestrielle,Oui,Mobile Money,12
CTR-00356,CLT-0406,PRD-002,AGT-002,AGC-001,2023-05-10,2025-04-29,Expiré,7449000,745000,Annuelle,Oui,Virement bancaire,24
CTR-00357,CLT-0250,PRD-008,AGT-055,AGC-010,2025-04-20,2026-04-15,Actif,49381000,6420000,Trimestrielle,Oui,Espèces,12
CTR-00358,CLT-0742,PRD-005,AGT-054,AGC-010,2024-06-08,2027-05-24,Actif,596000,36000,Semestrielle,Non,Mobile Money,36
CTR-00359,CLT-0023,PRD-002,AGT-040,AGC-007,2025-05-06,2028-04-20,Actif,11721000,1172000,Semestrielle,Non,Chèque,36
CTR-00360,CLT-0631,PRD-004,AGT-050,AGC-009,2024-12-11,2026-12-01,Actif,4620000,323000,Annuelle,Non,Mobile Money,24
CTR-00361,CLT-0765,PRD-005,AGT-010,AGC-002,2024-09-11,2025-09-06,Expiré,927000,56000,Mensuelle,Oui,Carte bancaire,12
CTR-00362,CLT-0673,PRD-001,AGT-015,AGC-002,2023-04-10,2024-04-04,Expiré,2636000,211000,Mensuelle,Oui,Virement bancaire,12
CTR-00363,CLT-0847,PRD-003,AGT-022,AGC-003,2023-12-03,2024-11-27,Expiré,9692000,872000,Trimestrielle,Non,Carte bancaire,12
CTR-00364,CLT-0156,PRD-003,AGT-041,AGC-007,2024-06-29,2026-06-19,Actif,13389000,1205000,Mensuelle,Oui,Carte bancaire,24
CTR-00365,CLT-0991,PRD-001,AGT-027,AGC-004,2023-03-27,2024-03-21,Résilié,3445000,276000,Mensuelle,Non,Mobile Money,12
CTR-00366,CLT-0691,PRD-003,AGT-003,AGC-001,2024-10-01,2025-09-26,Expiré,14950000,1346000,Annuelle,Oui,Virement bancaire,12
CTR-00367,CLT-0503,PRD-008,AGT-022,AGC-003,2023-05-15,2024-05-09,Résilié,24262000,3154000,Trimestrielle,Non,Mobile Money,12
CTR-00368,CLT-0114,PRD-004,AGT-003,AGC-001,2025-02-24,2027-02-14,Actif,7141000,500000,Trimestrielle,Non,Carte bancaire,24
CTR-00369,CLT-0429,PRD-008,AGT-015,AGC-002,2024-10-07,2025-10-02,Résilié,87018000,11312000,Annuelle,Non,Mobile Money,12
CTR-00370,CLT-0549,PRD-004,AGT-016,AGC-002,2024-05-21,2026-05-11,Actif,4948000,346000,Mensuelle,Non,Carte bancaire,24
CTR-00371,CLT-0410,PRD-002,AGT-027,AGC-004,2025-02-20,2026-02-15,Actif,5378000,538000,Trimestrielle,Non,Virement bancaire,12
CTR-00372,CLT-0998,PRD-003,AGT-010,AGC-002,2024-09-25,2025-09-20,Expiré,9040000,814000,Semestrielle,Oui,Mobile Money,12
CTR-00373,CLT-0024,PRD-003,AGT-017,AGC-002,2024-12-01,2025-11-26,Expiré,11916000,1072000,Semestrielle,Non,Virement bancaire,12
CTR-00374,CLT-0885,PRD-002,AGT-054,AGC-010,2024-01-13,2026-01-02,Actif,5915000,592000,Semestrielle,Non,Espèces,24
CTR-00375,CLT-0136,PRD-002,AGT-053,AGC-010,2024-08-14,2025-08-09,Expiré,8826000,883000,Annuelle,Non,Chèque,12
CTR-00376,CLT-0513,PRD-005,AGT-047,AGC-008,2025-06-12,2028-05-27,Actif,650000,39000,Annuelle,Non,Espèces,36
CTR-00377,CLT-0034,PRD-005,AGT-022,AGC-003,2024-04-26,2026-04-16,Actif,574000,34000,Mensuelle,Non,Virement bancaire,24
CTR-00378,CLT-0124,PRD-006,AGT-034,AGC-005,2025-01-01,2025-12-27,Expiré,19521000,2147000,Trimestrielle,Oui,Carte bancaire,12
CTR-00379,CLT-0788,PRD-001,AGT-022,AGC-003,2024-10-06,2026-09-26,Actif,3000000,240000,Mensuelle,Oui,Mobile Money,24
CTR-00380,CLT-0846,PRD-004,AGT-046,AGC-008,2024-01-11,2025-01-05,Expiré,8391000,587000,Mensuelle,Non,Espèces,12
CTR-00381,CLT-0658,PRD-005,AGT-023,AGC-003,2024-05-18,2026-05-08,Actif,1965000,118000,Semestrielle,Non,Mobile Money,24
CTR-00382,CLT-0462,PRD-005,AGT-034,AGC-005,2023-02-06,2025-01-26,Expiré,935000,56000,Trimestrielle,Oui,Mobile Money,24
CTR-00383,CLT-0299,PRD-002,AGT-044,AGC-007,2024-10-11,2025-10-06,Expiré,9386000,939000,Annuelle,Oui,Espèces,12
CTR-00384,CLT-0623,PRD-002,AGT-023,AGC-003,2023-08-22,2024-08-16,Expiré,7987000,799000,Mensuelle,Non,Virement bancaire,12
CTR-00385,CLT-0764,PRD-007,AGT-028,AGC-004,2024-09-25,2027-09-10,Actif,58620000,7034000,Semestrielle,Non,Mobile Money,36
CTR-00386,CLT-0536,PRD-003,AGT-052,AGC-009,2024-10-25,2025-10-20,Expiré,5105000,459000,Mensuelle,Non,Chèque,12
CTR-00387,CLT-0351,PRD-002,AGT-012,AGC-002,2023-10-12,2025-10-01,Expiré,4957000,496000,Trimestrielle,Oui,Virement bancaire,24
CTR-00388,CLT-0654,PRD-008,AGT-050,AGC-009,2025-01-29,2026-01-24,Actif,64818000,8426000,Mensuelle,Oui,Mobile Money,12
CTR-00389,CLT-0069,PRD-002,AGT-059,AGC-012,2025-03-28,2026-03-23,Actif,8534000,853000,Mensuelle,Oui,Virement bancaire,12
CTR-00390,CLT-0707,PRD-008,AGT-050,AGC-009,2024-12-07,2026-11-27,Actif,28307000,3680000,Mensuelle,Non,Mobile Money,24
CTR-00391,CLT-0761,PRD-002,AGT-049,AGC-009,2023-05-16,2024-05-10,Expiré,5821000,582000,Semestrielle,Non,Mobile Money,12
CTR-00392,CLT-0550,PRD-007,AGT-002,AGC-001,2023-07-21,2024-07-15,Expiré,33802000,4056000,Semestrielle,Oui,Virement bancaire,12
CTR-00393,CLT-0308,PRD-004,AGT-030,AGC-005,2025-01-07,2026-12-28,Actif,7442000,521000,Annuelle,Oui,Virement bancaire,24
CTR-00394,CLT-0468,PRD-008,AGT-016,AGC-002,2024-09-07,2025-09-02,Expiré,39648000,5154000,Mensuelle,Oui,Virement bancaire,12
CTR-00395,CLT-0271,PRD-007,AGT-014,AGC-002,2024-11-25,2025-11-20,Expiré,32002000,3840000,Annuelle,Non,Mobile Money,12
CTR-00396,CLT-0327,PRD-007,AGT-028,AGC-004,2023-06-17,2024-06-11,Expiré,43649000,5238000,Annuelle,Oui,Mobile Money,12
CTR-00397,CLT-0704,PRD-004,AGT-011,AGC-002,2025-02-20,2026-02-15,Actif,4150000,290000,Annuelle,Oui,Mobile Money,12
CTR-00398,CLT-0702,PRD-002,AGT-034,AGC-005,2024-11-19,2025-11-14,Expiré,10131000,1013000,Annuelle,Non,Virement bancaire,12
CTR-00399,CLT-0161,PRD-003,AGT-028,AGC-004,2024-10-31,2025-10-26,Expiré,11718000,1055000,Mensuelle,Oui,Chèque,12
CTR-00400,CLT-0855,PRD-002,AGT-006,AGC-001,2025-01-14,2026-01-09,Actif,9962000,996000,Trimestrielle,Non,Mobile Money,12
CTR-00401,CLT-0428,PRD-001,AGT-056,AGC-011,2024-02-23,2025-02-17,Résilié,4912000,393000,Annuelle,Non,Espèces,12
CTR-00402,CLT-0722,PRD-002,AGT-037,AGC-006,2023-10-29,2025-10-18,Expiré,7420000,742000,Semestrielle,Non,Virement bancaire,24
CTR-00403,CLT-0817,PRD-002,AGT-027,AGC-004,2023-04-20,2024-04-14,Expiré,9783000,978000,Semestrielle,Non,Chèque,12
CTR-00404,CLT-0970,PRD-001,AGT-038,AGC-006,2023-09-13,2024-09-07,Expiré,2813000,225000,Semestrielle,Oui,Mobile Money,12
CTR-00405,CLT-0379,PRD-003,AGT-017,AGC-002,2023-05-18,2025-05-07,Expiré,14726000,1325000,Annuelle,Non,Carte bancaire,24
CTR-00406,CLT-0604,PRD-002,AGT-011,AGC-002,2024-03-24,2025-03-19,Expiré,10102000,1010000,Trimestrielle,Oui,Mobile Money,12
CTR-00407,CLT-0023,PRD-001,AGT-047,AGC-008,2025-05-23,2026-05-18,Actif,4204000,336000,Mensuelle,Non,Mobile Money,12
CTR-00408,CLT-0234,PRD-003,AGT-023,AGC-003,2024-12-21,2025-12-16,Expiré,14192000,1277000,Semestrielle,Oui,Mobile Money,12
CTR-00409,CLT-0826,PRD-004,AGT-009,AGC-001,2023-03-03,2026-02-15,Actif,5586000,391000,Trimestrielle,Oui,Espèces,36
CTR-00410,CLT-0517,PRD-007,AGT-017,AGC-002,2023-10-17,2024-10-11,Expiré,46722000,5607000,Annuelle,Non,Carte bancaire,12
CTR-00411,CLT-0545,PRD-001,AGT-025,AGC-004,2024-08-10,2027-07-26,Actif,3635000,291000,Annuelle,Non,Carte bancaire,36
CTR-00412,CLT-0442,PRD-007,AGT-026,AGC-004,2024-10-28,2025-10-23,Expiré,38761000,4651000,Annuelle,Oui,Virement bancaire,12
CTR-00413,CLT-0972,PRD-003,AGT-005,AGC-001,2023-01-07,2024-12-27,Expiré,3102000,279000,Mensuelle,Oui,Carte bancaire,24
CTR-00414,CLT-0599,PRD-005,AGT-017,AGC-002,2024-10-31,2026-10-21,Actif,2400000,144000,Trimestrielle,Non,Carte bancaire,24
CTR-00415,CLT-0889,PRD-004,AGT-012,AGC-002,2023-07-31,2024-07-25,Expiré,5734000,401000,Mensuelle,Non,Espèces,12
CTR-00416,CLT-0357,PRD-008,AGT-015,AGC-002,2023-08-24,2025-08-13,Expiré,27247000,3542000,Mensuelle,Non,Chèque,24
CTR-00417,CLT-0791,PRD-003,AGT-008,AGC-001,2023-05-07,2025-04-26,Expiré,8327000,749000,Semestrielle,Non,Mobile Money,24
CTR-00418,CLT-0458,PRD-003,AGT-016,AGC-002,2024-08-27,2026-08-17,Actif,4114000,370000,Annuelle,Oui,Virement bancaire,24
CTR-00419,CLT-0125,PRD-001,AGT-017,AGC-002,2025-01-28,2027-01-18,Actif,4124000,330000,Mensuelle,Oui,Chèque,24
CTR-00420,CLT-0819,PRD-004,AGT-029,AGC-004,2023-04-25,2026-04-09,Actif,2113000,148000,Trimestrielle,Oui,Chèque,36
CTR-00421,CLT-0103,PRD-003,AGT-056,AGC-011,2024-03-20,2027-03-05,Actif,10824000,974000,Semestrielle,Oui,Virement bancaire,36
CTR-00422,CLT-0830,PRD-003,AGT-027,AGC-004,2025-01-17,2027-01-07,Actif,6879000,619000,Mensuelle,Oui,Virement bancaire,24
CTR-00423,CLT-0132,PRD-004,AGT-008,AGC-001,2025-02-19,2026-02-14,Actif,6173000,432000,Semestrielle,Oui,Mobile Money,12
CTR-00424,CLT-0633,PRD-003,AGT-003,AGC-001,2023-06-28,2026-06-12,Actif,14584000,1313000,Annuelle,Non,Espèces,36
CTR-00425,CLT-0901,PRD-008,AGT-045,AGC-008,2024-05-24,2025-05-19,Expiré,42989000,5589000,Semestrielle,Non,Espèces,12
CTR-00426,CLT-0027,PRD-003,AGT-053,AGC-010,2025-01-22,2027-01-12,Actif,13963000,1257000,Trimestrielle,Oui,Virement bancaire,24
CTR-00427,CLT-0538,PRD-001,AGT-006,AGC-001,2023-08-17,2024-08-11,Résilié,1893000,151000,Trimestrielle,Non,Chèque,12
CTR-00428,CLT-0877,PRD-007,AGT-024,AGC-003,2024-09-09,2026-08-30,Actif,13043000,1565000,Annuelle,Oui,Mobile Money,24
CTR-00429,CLT-0331,PRD-005,AGT-022,AGC-003,2024-11-15,2026-11-05,Actif,1351000,81000,Annuelle,Non,Espèces,24
CTR-00430,CLT-0225,PRD-004,AGT-046,AGC-008,2023-08-19,2025-08-08,Expiré,7021000,491000,Semestrielle,Oui,Mobile Money,24
CTR-00431,CLT-0257,PRD-002,AGT-037,AGC-006,2024-12-28,2027-12-13,Actif,11349000,1135000,Semestrielle,Non,Carte bancaire,36
CTR-00432,CLT-0779,PRD-007,AGT-015,AGC-002,2024-11-08,2025-11-03,Expiré,52537000,6304000,Annuelle,Non,Virement bancaire,12
CTR-00433,CLT-0814,PRD-002,AGT-012,AGC-002,2024-10-11,2025-10-06,Expiré,5295000,530000,Semestrielle,Oui,Mobile Money,12
CTR-00434,CLT-0353,PRD-002,AGT-052,AGC-009,2024-04-07,2027-03-23,Actif,7626000,763000,Trimestrielle,Oui,Virement bancaire,36
CTR-00435,CLT-0672,PRD-006,AGT-057,AGC-011,2023-07-10,2024-07-04,Résilié,22890000,2518000,Trimestrielle,Non,Virement bancaire,12
CTR-00436,CLT-0685,PRD-007,AGT-047,AGC-008,2023-03-06,2025-02-23,Expiré,19830000,2380000,Mensuelle,Oui,Chèque,24
CTR-00437,CLT-0850,PRD-001,AGT-032,AGC-005,2023-05-10,2025-04-29,Expiré,3027000,242000,Mensuelle,Non,Carte bancaire,24
CTR-00438,CLT-0517,PRD-002,AGT-050,AGC-009,2023-05-26,2025-05-15,Expiré,4134000,413000,Trimestrielle,Non,Virement bancaire,24
CTR-00439,CLT-0156,PRD-004,AGT-025,AGC-004,2025-03-30,2026-03-25,Actif,7024000,492000,Annuelle,Non,Espèces,12
CTR-00440,CLT-0163,PRD-001,AGT-004,AGC-001,2025-05-13,2028-04-27,Actif,4006000,320000,Annuelle,Non,Mobile Money,36
CTR-00441,CLT-0208,PRD-002,AGT-057,AGC-011,2023-10-31,2024-10-25,Expiré,7370000,737000,Trimestrielle,Non,Virement bancaire,12
CTR-00442,CLT-0308,PRD-001,AGT-014,AGC-002,2023-08-02,2026-07-17,Actif,3646000,292000,Mensuelle,Non,Mobile Money,36
CTR-00443,CLT-0148,PRD-004,AGT-004,AGC-001,2024-02-05,2026-01-25,Actif,6523000,457000,Mensuelle,Oui,Carte bancaire,24
CTR-00444,CLT-0073,PRD-002,AGT-056,AGC-011,2024-02-16,2025-02-10,Expiré,11555000,1156000,Trimestrielle,Oui,Virement bancaire,12
CTR-00445,CLT-0779,PRD-003,AGT-039,AGC-006,2023-11-15,2024-11-09,Expiré,10181000,916000,Trimestrielle,Oui,Carte bancaire,12
CTR-00446,CLT-0555,PRD-006,AGT-018,AGC-003,2025-06-20,2028-06-04,Actif,23210000,2553000,Mensuelle,Oui,Chèque,36
CTR-00447,CLT-0391,PRD-007,AGT-017,AGC-002,2024-03-12,2025-03-07,Résilié,44572000,5349000,Annuelle,Non,Carte bancaire,12
CTR-00448,CLT-0231,PRD-004,AGT-006,AGC-001,2023-09-05,2025-08-25,Expiré,7857000,550000,Trimestrielle,Non,Virement bancaire,24
CTR-00449,CLT-0886,PRD-006,AGT-051,AGC-009,2023-09-15,2025-09-04,Expiré,28009000,3081000,Trimestrielle,Oui,Espèces,24
CTR-00450,CLT-0731,PRD-007,AGT-017,AGC-002,2023-08-15,2024-08-09,Expiré,15198000,1824000,Semestrielle,Non,Virement bancaire,12
CTR-00451,CLT-0858,PRD-004,AGT-033,AGC-005,2023-02-13,2025-02-02,Expiré,7555000,529000,Semestrielle,Non,Espèces,24
CTR-00452,CLT-0783,PRD-002,AGT-034,AGC-005,2024-03-07,2026-02-25,Actif,9746000,975000,Semestrielle,Oui,Mobile Money,24
CTR-00453,CLT-0472,PRD-004,AGT-028,AGC-004,2025-04-12,2027-04-02,Actif,7211000,505000,Annuelle,Non,Mobile Money,24
CTR-00454,CLT-0186,PRD-001,AGT-056,AGC-011,2023-10-27,2026-10-11,Actif,4307000,345000,Annuelle,Non,Mobile Money,36
CTR-00455,CLT-0839,PRD-005,AGT-019,AGC-003,2023-10-11,2024-10-05,Expiré,1308000,78000,Mensuelle,Non,Carte bancaire,12
CTR-00456,CLT-0215,PRD-004,AGT-051,AGC-009,2025-01-28,2026-01-23,Actif,5458000,382000,Annuelle,Non,Carte bancaire,12
CTR-00457,CLT-0342,PRD-003,AGT-026,AGC-004,2023-11-21,2025-11-10,Expiré,11663000,1050000,Trimestrielle,Non,Mobile Money,24
CTR-00458,CLT-0191,PRD-006,AGT-017,AGC-002,2023-12-26,2024-12-20,Expiré,14994000,1649000,Mensuelle,Oui,Espèces,12
CTR-00459,CLT-0195,PRD-004,AGT-055,AGC-010,2024-10-19,2025-10-14,Expiré,8929000,625000,Semestrielle,Oui,Espèces,12
CTR-00460,CLT-0093,PRD-006,AGT-055,AGC-010,2024-02-19,2026-02-08,Actif,7915000,871000,Trimestrielle,Oui,Espèces,24
CTR-00461,CLT-0395,PRD-001,AGT-057,AGC-011,2024-09-20,2025-09-15,Expiré,4998000,400000,Mensuelle,Non,Mobile Money,12
CTR-00462,CLT-0684,PRD-008,AGT-004,AGC-001,2025-05-03,2027-04-23,Actif,38879000,5054000,Trimestrielle,Non,Carte bancaire,24
CTR-00463,CLT-0149,PRD-001,AGT-010,AGC-002,2025-05-28,2027-05-18,Actif,4433000,355000,Semestrielle,Non,Virement bancaire,24
CTR-00464,CLT-0423,PRD-002,AGT-028,AGC-004,2024-10-04,2025-09-29,Résilié,11381000,1138000,Mensuelle,Non,Carte bancaire,12
CTR-00465,CLT-0373,PRD-007,AGT-015,AGC-002,2024-01-09,2026-12-24,Actif,56846000,6822000,Trimestrielle,Oui,Chèque,36
CTR-00466,CLT-0138,PRD-003,AGT-050,AGC-009,2025-03-25,2026-03-20,Actif,4545000,409000,Annuelle,Non,Mobile Money,12
CTR-00467,CLT-0488,PRD-004,AGT-004,AGC-001,2025-01-07,2026-01-02,Actif,6915000,484000,Annuelle,Non,Mobile Money,12
CTR-00468,CLT-0276,PRD-004,AGT-008,AGC-001,2024-05-24,2025-05-19,Expiré,8971000,628000,Trimestrielle,Oui,Virement bancaire,12
CTR-00469,CLT-0918,PRD-003,AGT-050,AGC-009,2023-03-07,2025-02-24,Expiré,11626000,1046000,Annuelle,Non,Virement bancaire,24
CTR-00470,CLT-0731,PRD-004,AGT-024,AGC-003,2023-05-17,2026-05-01,Actif,3506000,245000,Trimestrielle,Non,Virement bancaire,36
CTR-00471,CLT-0339,PRD-002,AGT-048,AGC-008,2023-05-28,2025-05-17,Résilié,8695000,870000,Annuelle,Non,Chèque,24
CTR-00472,CLT-0055,PRD-006,AGT-018,AGC-003,2025-03-04,2028-02-17,Actif,17277000,1900000,Semestrielle,Non,Virement bancaire,36
CTR-00473,CLT-0255,PRD-008,AGT-046,AGC-008,2025-05-05,2026-04-30,Actif,63706000,8282000,Mensuelle,Oui,Espèces,12
CTR-00474,CLT-0969,PRD-003,AGT-043,AGC-007,2025-04-04,2026-03-30,Actif,11357000,1022000,Trimestrielle,Oui,Espèces,12
CTR-00475,CLT-0364,PRD-001,AGT-020,AGC-003,2024-05-26,2025-05-21,Expiré,2202000,176000,Semestrielle,Non,Espèces,12
CTR-00476,CLT-0463,PRD-006,AGT-025,AGC-004,2025-06-19,2027-06-09,Actif,24640000,2710000,Trimestrielle,Oui,Espèces,24
CTR-00477,CLT-0987,PRD-008,AGT-006,AGC-001,2024-01-29,2025-01-23,Résilié,57606000,7489000,Trimestrielle,Non,Espèces,12
CTR-00478,CLT-0177,PRD-002,AGT-036,AGC-006,2024-07-02,2025-06-27,Expiré,13223000,1322000,Semestrielle,Non,Virement bancaire,12
CTR-00479,CLT-0913,PRD-003,AGT-050,AGC-009,2024-06-03,2025-05-29,Résilié,4328000,390000,Mensuelle,Non,Mobile Money,12
CTR-00480,CLT-0982,PRD-006,AGT-005,AGC-001,2023-10-26,2024-10-20,Expiré,16802000,1848000,Mensuelle,Oui,Espèces,12
CTR-00481,CLT-0159,PRD-008,AGT-054,AGC-010,2024-11-05,2025-10-31,Expiré,48595000,6317000,Semestrielle,Oui,Mobile Money,12
CTR-00482,CLT-0375,PRD-001,AGT-060,AGC-012,2023-07-12,2025-07-01,Expiré,2981000,238000,Trimestrielle,Non,Carte bancaire,24
CTR-00483,CLT-0676,PRD-006,AGT-049,AGC-009,2025-05-18,2026-05-13,Actif,18270000,2010000,Trimestrielle,Oui,Virement bancaire,12
CTR-00484,CLT-0545,PRD-004,AGT-041,AGC-007,2023-10-17,2024-10-11,Expiré,3386000,237000,Trimestrielle,Non,Mobile Money,12
CTR-00485,CLT-0085,PRD-004,AGT-027,AGC-004,2024-07-28,2025-07-23,Expiré,6680000,468000,Mensuelle,Non,Virement bancaire,12
CTR-00486,CLT-0057,PRD-004,AGT-002,AGC-001,2023-11-11,2025-10-31,Expiré,9256000,648000,Trimestrielle,Oui,Espèces,24
CTR-00487,CLT-0029,PRD-001,AGT-013,AGC-002,2023-12-27,2026-12-11,Actif,1684000,135000,Annuelle,Non,Virement bancaire,36
CTR-00488,CLT-0537,PRD-007,AGT-025,AGC-004,2023-08-08,2024-08-02,Résilié,54618000,6554000,Semestrielle,Non,Espèces,12
CTR-00489,CLT-0209,PRD-004,AGT-034,AGC-005,2023-01-16,2024-01-11,Expiré,8302000,581000,Mensuelle,Oui,Chèque,12
CTR-00490,CLT-0676,PRD-007,AGT-050,AGC-009,2024-02-04,2026-01-24,Actif,28589000,3431000,Mensuelle,Non,Espèces,24
CTR-00491,CLT-0253,PRD-005,AGT-016,AGC-002,2024-11-27,2025-11-22,Résilié,1678000,101000,Mensuelle,Non,Carte bancaire,12
CTR-00492,CLT-0755,PRD-008,AGT-018,AGC-003,2024-03-01,2026-02-19,Actif,43285000,5627000,Mensuelle,Non,Carte bancaire,24
CTR-00493,CLT-0260,PRD-005,AGT-038,AGC-006,2023-02-12,2025-02-01,Expiré,1759000,106000,Semestrielle,Oui,Espèces,24
CTR-00494,CLT-0924,PRD-006,AGT-009,AGC-001,2023-12-02,2024-11-26,Expiré,24106000,2652000,Semestrielle,Non,Mobile Money,12
CTR-00495,CLT-0294,PRD-002,AGT-030,AGC-005,2025-02-18,2026-02-13,Actif,10583000,1058000,Annuelle,Non,Virement bancaire,12
CTR-00496,CLT-0510,PRD-002,AGT-025,AGC-004,2024-04-25,2025-04-20,Expiré,7611000,761000,Mensuelle,Oui,Virement bancaire,12
CTR-00497,CLT-0070,PRD-002,AGT-033,AGC-005,2025-01-26,2026-01-21,Actif,10692000,1069000,Annuelle,Oui,Carte bancaire,12
CTR-00498,CLT-0194,PRD-006,AGT-040,AGC-007,2024-08-05,2025-07-31,Expiré,22190000,2441000,Mensuelle,Oui,Mobile Money,12
CTR-00499,CLT-0924,PRD-005,AGT-019,AGC-003,2023-10-26,2024-10-20,Expiré,1680000,101000,Semestrielle,Non,Espèces,12
CTR-00500,CLT-0452,PRD-001,AGT-014,AGC-002,2024-07-24,2025-07-19,Expiré,2611000,209000,Mensuelle,Oui,Mobile Money,12
CTR-00501,CLT-0018,PRD-005,AGT-006,AGC-001,2024-01-15,2025-01-09,Résilié,1805000,108000,Mensuelle,Non,Espèces,12
CTR-00502,CLT-0060,PRD-007,AGT-045,AGC-008,2025-05-27,2026-05-22,Actif,41414000,4970000,Mensuelle,Non,Virement bancaire,12
CTR-00503,CLT-0933,PRD-003,AGT-033,AGC-005,2023-10-17,2025-10-06,Expiré,13923000,1253000,Trimestrielle,Oui,Mobile Money,24
CTR-00504,CLT-0652,PRD-003,AGT-053,AGC-010,2024-04-10,2025-04-05,Expiré,4733000,426000,Mensuelle,Non,Chèque,12
CTR-00505,CLT-0264,PRD-007,AGT-018,AGC-003,2024-03-18,2026-03-08,Actif,17199000,2064000,Semestrielle,Non,Mobile Money,24
CTR-00506,CLT-0233,PRD-008,AGT-006,AGC-001,2023-08-02,2026-07-17,Actif,46586000,6056000,Semestrielle,Oui,Mobile Money,36
CTR-00507,CLT-0398,PRD-003,AGT-023,AGC-003,2024-02-13,2025-02-07,Expiré,5952000,536000,Semestrielle,Non,Chèque,12
CTR-00508,CLT-0747,PRD-005,AGT-033,AGC-005,2024-07-15,2026-07-05,Actif,2043000,123000,Trimestrielle,Non,Mobile Money,24
CTR-00509,CLT-0482,PRD-001,AGT-037,AGC-006,2025-05-02,2028-04-16,Actif,4545000,364000,Mensuelle,Non,Mobile Money,36
CTR-00510,CLT-0912,PRD-001,AGT-022,AGC-003,2024-03-18,2025-03-13,Expiré,3929000,314000,Semestrielle,Oui,Mobile Money,12
CTR-00511,CLT-0764,PRD-005,AGT-048,AGC-008,2024-08-11,2026-08-01,Actif,735000,44000,Trimestrielle,Non,Carte bancaire,24
CTR-00512,CLT-0134,PRD-006,AGT-029,AGC-004,2025-02-20,2027-02-10,Actif,19706000,2168000,Semestrielle,Non,Carte bancaire,24
CTR-00513,CLT-0088,PRD-001,AGT-056,AGC-011,2023-12-06,2025-11-25,Expiré,4656000,372000,Mensuelle,Oui,Mobile Money,24
CTR-00514,CLT-0861,PRD-001,AGT-037,AGC-006,2024-08-20,2027-08-05,Actif,3063000,245000,Mensuelle,Non,Mobile Money,36
CTR-00515,CLT-0822,PRD-004,AGT-053,AGC-010,2023-06-17,2024-06-11,Expiré,6328000,443000,Semestrielle,Oui,Mobile Money,12
CTR-00516,CLT-0288,PRD-005,AGT-053,AGC-010,2024-11-10,2027-10-26,Actif,2300000,138000,Mensuelle,Oui,Carte bancaire,36
CTR-00517,CLT-0485,PRD-003,AGT-001,AGC-001,2024-08-23,2026-08-13,Actif,15433000,1389000,Semestrielle,Non,Espèces,24
CTR-00518,CLT-0916,PRD-001,AGT-029,AGC-004,2023-12-19,2025-12-08,Résilié,4603000,368000,Mensuelle,Non,Espèces,24
CTR-00519,CLT-0308,PRD-005,AGT-053,AGC-010,2025-03-20,2028-03-04,Actif,734000,44000,Mensuelle,Non,Carte bancaire,36
CTR-00520,CLT-0806,PRD-001,AGT-033,AGC-005,2023-01-17,2025-01-06,Expiré,4971000,398000,Mensuelle,Non,Mobile Money,24
CTR-00521,CLT-0533,PRD-008,AGT-006,AGC-001,2023-06-20,2024-06-14,Expiré,37998000,4940000,Trimestrielle,Non,Espèces,12
CTR-00522,CLT-0768,PRD-008,AGT-035,AGC-006,2023-12-07,2024-12-01,Expiré,88369000,11488000,Semestrielle,Non,Espèces,12
CTR-00523,CLT-0390,PRD-002,AGT-028,AGC-004,2023-02-06,2025-01-26,Expiré,7001000,700000,Trimestrielle,Non,Chèque,24
CTR-00524,CLT-0435,PRD-003,AGT-020,AGC-003,2025-01-06,2026-01-01,Actif,6620000,596000,Mensuelle,Oui,Mobile Money,12
CTR-00525,CLT-0688,PRD-001,AGT-037,AGC-006,2025-06-01,2026-05-27,Actif,1897000,152000,Annuelle,Non,Espèces,12
CTR-00526,CLT-0077,PRD-001,AGT-004,AGC-001,2025-03-08,2026-03-03,Actif,1764000,141000,Semestrielle,Non,Mobile Money,12
CTR-00527,CLT-0931,PRD-005,AGT-008,AGC-001,2024-10-08,2026-09-28,Actif,2442000,147000,Mensuelle,Oui,Virement bancaire,24
CTR-00528,CLT-0205,PRD-008,AGT-056,AGC-011,2023-04-04,2025-03-24,Expiré,47473000,6171000,Mensuelle,Non,Virement bancaire,24
CTR-00529,CLT-0397,PRD-003,AGT-028,AGC-004,2025-04-17,2026-04-12,Actif,14855000,1337000,Mensuelle,Non,Mobile Money,12
CTR-00530,CLT-0693,PRD-004,AGT-052,AGC-009,2023-07-09,2024-07-03,Expiré,8819000,617000,Annuelle,Oui,Virement bancaire,12
CTR-00531,CLT-0194,PRD-005,AGT-040,AGC-007,2023-07-12,2024-07-06,Expiré,2482000,149000,Semestrielle,Oui,Virement bancaire,12
CTR-00532,CLT-0616,PRD-003,AGT-036,AGC-006,2024-03-12,2025-03-07,Expiré,5889000,530000,Annuelle,Oui,Virement bancaire,12
CTR-00533,CLT-0289,PRD-006,AGT-002,AGC-001,2024-05-20,2025-05-15,Expiré,21066000,2317000,Mensuelle,Non,Carte bancaire,12
CTR-00534,CLT-0734,PRD-003,AGT-059,AGC-012,2023-11-23,2024-11-17,Résilié,8997000,810000,Semestrielle,Non,Virement bancaire,12
CTR-00535,CLT-0068,PRD-004,AGT-042,AGC-007,2024-04-06,2025-04-01,Résilié,4593000,322000,Trimestrielle,Non,Mobile Money,12
CTR-00536,CLT-0560,PRD-008,AGT-012,AGC-002,2023-02-13,2025-02-02,Expiré,80998000,10530000,Annuelle,Oui,Chèque,24
CTR-00537,CLT-0413,PRD-003,AGT-054,AGC-010,2023-06-06,2024-05-31,Expiré,8035000,723000,Mensuelle,Oui,Mobile Money,12
CTR-00538,CLT-0892,PRD-005,AGT-018,AGC-003,2024-03-20,2026-03-10,Actif,1756000,105000,Semestrielle,Oui,Espèces,24
CTR-00539,CLT-0098,PRD-001,AGT-027,AGC-004,2023-12-12,2024-12-06,Expiré,2591000,207000,Annuelle,Non,Mobile Money,12
CTR-00540,CLT-0195,PRD-004,AGT-043,AGC-007,2024-03-21,2027-03-06,Actif,5182000,363000,Mensuelle,Non,Chèque,36
CTR-00541,CLT-0069,PRD-008,AGT-044,AGC-007,2023-10-24,2024-10-18,Expiré,52067000,6769000,Trimestrielle,Oui,Chèque,12
CTR-00542,CLT-0647,PRD-001,AGT-039,AGC-006,2024-03-15,2026-03-05,Actif,3597000,288000,Trimestrielle,Non,Mobile Money,24
CTR-00543,CLT-0706,PRD-007,AGT-021,AGC-003,2023-03-06,2024-02-29,Expiré,22305000,2677000,Semestrielle,Non,Chèque,12
CTR-00544,CLT-0925,PRD-002,AGT-054,AGC-010,2025-03-16,2026-03-11,Actif,6726000,673000,Semestrielle,Non,Chèque,12
CTR-00545,CLT-0989,PRD-003,AGT-036,AGC-006,2024-12-26,2025-12-21,Expiré,15457000,1391000,Trimestrielle,Non,Espèces,12
CTR-00546,CLT-0524,PRD-007,AGT-019,AGC-003,2024-09-30,2025-09-25,Expiré,33134000,3976000,Annuelle,Non,Virement bancaire,12
CTR-00547,CLT-0069,PRD-003,AGT-047,AGC-008,2024-12-29,2025-12-24,Résilié,3708000,334000,Mensuelle,Non,Virement bancaire,12
CTR-00548,CLT-0336,PRD-003,AGT-039,AGC-006,2023-05-30,2025-05-19,Résilié,8816000,793000,Trimestrielle,Non,Carte bancaire,24
CTR-00549,CLT-0205,PRD-007,AGT-039,AGC-006,2024-09-11,2025-09-06,Expiré,46775000,5613000,Annuelle,Oui,Mobile Money,12
CTR-00550,CLT-0810,PRD-003,AGT-040,AGC-007,2023-11-02,2024-10-27,Expiré,3303000,297000,Annuelle,Non,Espèces,12
CTR-00551,CLT-0477,PRD-006,AGT-060,AGC-012,2024-10-02,2025-09-27,Expiré,13883000,1527000,Annuelle,Oui,Mobile Money,12
CTR-00552,CLT-0203,PRD-006,AGT-019,AGC-003,2024-08-23,2025-08-18,Résilié,12532000,1379000,Annuelle,Non,Virement bancaire,12
CTR-00553,CLT-0378,PRD-001,AGT-052,AGC-009,2024-07-17,2025-07-12,Expiré,4255000,340000,Semestrielle,Oui,Carte bancaire,12
CTR-00554,CLT-0660,PRD-002,AGT-034,AGC-005,2023-02-10,2025-01-30,Expiré,9738000,974000,Mensuelle,Oui,Espèces,24
CTR-00555,CLT-0156,PRD-001,AGT-004,AGC-001,2023-04-05,2025-03-25,Résilié,3320000,266000,Trimestrielle,Non,Carte bancaire,24
CTR-00556,CLT-0505,PRD-003,AGT-007,AGC-001,2024-10-19,2026-10-09,Actif,11335000,1020000,Mensuelle,Non,Mobile Money,24
CTR-00557,CLT-0163,PRD-001,AGT-054,AGC-010,2023-08-21,2024-08-15,Expiré,3452000,276000,Annuelle,Oui,Mobile Money,12
CTR-00558,CLT-0044,PRD-001,AGT-041,AGC-007,2025-06-10,2026-06-05,Actif,2618000,209000,Semestrielle,Non,Mobile Money,12
CTR-00559,CLT-0523,PRD-006,AGT-028,AGC-004,2024-07-17,2025-07-12,Expiré,5720000,629000,Trimestrielle,Oui,Mobile Money,12
CTR-00560,CLT-0083,PRD-004,AGT-024,AGC-003,2023-06-18,2024-06-12,Expiré,2660000,186000,Semestrielle,Non,Mobile Money,12
CTR-00561,CLT-0384,PRD-004,AGT-004,AGC-001,2025-02-11,2027-02-01,Actif,4341000,304000,Mensuelle,Oui,Espèces,24
CTR-00562,CLT-0293,PRD-003,AGT-023,AGC-003,2024-11-18,2025-11-13,Expiré,5218000,470000,Annuelle,Oui,Virement bancaire,12
CTR-00563,CLT-0896,PRD-002,AGT-042,AGC-007,2025-05-02,2027-04-22,Actif,5715000,572000,Trimestrielle,Non,Mobile Money,24
CTR-00564,CLT-0664,PRD-005,AGT-032,AGC-005,2023-08-11,2024-08-05,Expiré,776000,47000,Trimestrielle,Oui,Mobile Money,12
CTR-00565,CLT-0738,PRD-003,AGT-016,AGC-002,2024-09-08,2026-08-29,Actif,21146000,1903000,Semestrielle,Non,Carte bancaire,24
CTR-00566,CLT-0684,PRD-007,AGT-011,AGC-002,2025-06-24,2026-06-19,Actif,14841000,1781000,Mensuelle,Oui,Mobile Money,12
CTR-00567,CLT-0001,PRD-002,AGT-022,AGC-003,2023-06-13,2024-06-07,Expiré,9166000,917000,Semestrielle,Non,Mobile Money,12
CTR-00568,CLT-0287,PRD-003,AGT-001,AGC-001,2023-05-03,2024-04-27,Expiré,14162000,1275000,Annuelle,Non,Mobile Money,12
CTR-00569,CLT-0942,PRD-005,AGT-056,AGC-011,2025-06-20,2028-06-04,Actif,1348000,81000,Mensuelle,Oui,Mobile Money,36
CTR-00570,CLT-0891,PRD-007,AGT-042,AGC-007,2023-10-04,2024-09-28,Expiré,22556000,2707000,Mensuelle,Non,Mobile Money,12
CTR-00571,CLT-0387,PRD-001,AGT-028,AGC-004,2024-02-27,2025-02-21,Expiré,4641000,371000,Annuelle,Non,Carte bancaire,12
CTR-00572,CLT-0727,PRD-002,AGT-027,AGC-004,2023-01-25,2025-01-14,Résilié,6930000,693000,Semestrielle,Non,Carte bancaire,24
CTR-00573,CLT-0666,PRD-001,AGT-033,AGC-005,2024-07-26,2027-07-11,Actif,3210000,257000,Annuelle,Oui,Espèces,36
CTR-00574,CLT-0373,PRD-001,AGT-024,AGC-003,2024-04-28,2025-04-23,Expiré,4656000,372000,Trimestrielle,Non,Mobile Money,12
CTR-00575,CLT-0655,PRD-003,AGT-007,AGC-001,2024-01-17,2025-01-11,Expiré,6509000,586000,Annuelle,Non,Mobile Money,12
CTR-00576,CLT-0556,PRD-003,AGT-059,AGC-012,2024-09-08,2025-09-03,Expiré,14097000,1269000,Trimestrielle,Non,Mobile Money,12
CTR-00577,CLT-0697,PRD-001,AGT-009,AGC-001,2025-05-30,2028-05-14,Actif,2008000,161000,Semestrielle,Non,Virement bancaire,36
CTR-00578,CLT-0872,PRD-006,AGT-004,AGC-001,2025-04-24,2027-04-14,Actif,6635000,730000,Mensuelle,Non,Mobile Money,24
CTR-00579,CLT-0043,PRD-004,AGT-032,AGC-005,2024-07-17,2026-07-07,Actif,5231000,366000,Semestrielle,Oui,Mobile Money,24
CTR-00580,CLT-0120,PRD-003,AGT-051,AGC-009,2024-07-15,2027-06-30,Actif,9277000,835000,Mensuelle,Non,Mobile Money,36
CTR-00581,CLT-0418,PRD-005,AGT-059,AGC-012,2024-10-17,2026-10-07,Actif,643000,39000,Annuelle,Non,Virement bancaire,24
CTR-00582,CLT-0915,PRD-006,AGT-025,AGC-004,2024-05-22,2025-05-17,Expiré,24002000,2640000,Trimestrielle,Oui,Carte bancaire,12
CTR-00583,CLT-0555,PRD-005,AGT-056,AGC-011,2023-01-25,2024-01-20,Expiré,756000,45000,Semestrielle,Non,Espèces,12
CTR-00584,CLT-0464,PRD-008,AGT-020,AGC-003,2024-11-08,2025-11-03,Expiré,46069000,5989000,Mensuelle,Oui,Mobile Money,12
CTR-00585,CLT-0604,PRD-008,AGT-039,AGC-006,2023-02-12,2025-02-01,Résilié,52500000,6825000,Trimestrielle,Non,Mobile Money,24
CTR-00586,CLT-0485,PRD-007,AGT-022,AGC-003,2025-02-27,2026-02-22,Actif,53627000,6435000,Trimestrielle,Non,Chèque,12
CTR-00587,CLT-0503,PRD-008,AGT-021,AGC-003,2025-02-16,2028-02-01,Actif,50615000,6580000,Mensuelle,Non,Virement bancaire,36
CTR-00588,CLT-0733,PRD-005,AGT-007,AGC-001,2025-02-06,2026-02-01,Actif,1628000,98000,Trimestrielle,Non,Virement bancaire,12
CTR-00589,CLT-0721,PRD-007,AGT-016,AGC-002,2023-04-08,2024-04-02,Expiré,63900000,7668000,Annuelle,Non,Mobile Money,12
CTR-00590,CLT-0515,PRD-002,AGT-016,AGC-002,2025-03-31,2028-03-15,Actif,9230000,923000,Semestrielle,Oui,Virement bancaire,36
CTR-00591,CLT-0503,PRD-001,AGT-024,AGC-003,2023-06-16,2024-06-10,Expiré,2994000,240000,Annuelle,Non,Espèces,12
CTR-00592,CLT-0494,PRD-004,AGT-003,AGC-001,2025-03-02,2026-02-25,Actif,5079000,356000,Annuelle,Oui,Virement bancaire,12
CTR-00593,CLT-0506,PRD-002,AGT-023,AGC-003,2023-04-29,2024-04-23,Expiré,12011000,1201000,Semestrielle,Non,Mobile Money,12
CTR-00594,CLT-0376,PRD-006,AGT-023,AGC-003,2024-06-21,2026-06-11,Actif,12366000,1360000,Trimestrielle,Non,Espèces,24
CTR-00595,CLT-0447,PRD-004,AGT-018,AGC-003,2023-03-31,2024-03-25,Résilié,4503000,315000,Trimestrielle,Non,Chèque,12
CTR-00596,CLT-0929,PRD-008,AGT-001,AGC-001,2023-06-15,2024-06-09,Expiré,29739000,3866000,Trimestrielle,Non,Virement bancaire,12
CTR-00597,CLT-0490,PRD-001,AGT-046,AGC-008,2024-08-19,2025-08-14,Expiré,2313000,185000,Mensuelle,Oui,Virement bancaire,12
CTR-00598,CLT-0012,PRD-003,AGT-025,AGC-004,2023-04-26,2024-04-20,Expiré,9366000,843000,Annuelle,Oui,Mobile Money,12
CTR-00599,CLT-0250,PRD-007,AGT-046,AGC-008,2024-11-10,2025-11-05,Expiré,14952000,1794000,Semestrielle,Oui,Mobile Money,12
CTR-00600,CLT-0824,PRD-001,AGT-039,AGC-006,2023-05-29,2025-05-18,Expiré,3297000,264000,Semestrielle,Non,Mobile Money,24
CTR-00601,CLT-0772,PRD-003,AGT-036,AGC-006,2025-04-27,2026-04-22,Actif,3716000,334000,Annuelle,Non,Carte bancaire,12
CTR-00602,CLT-0029,PRD-002,AGT-042,AGC-007,2024-02-05,2025-01-30,Résilié,5798000,580000,Annuelle,Non,Mobile Money,12
CTR-00603,CLT-0973,PRD-006,AGT-055,AGC-010,2025-06-11,2027-06-01,Actif,8146000,896000,Mensuelle,Non,Carte bancaire,24
CTR-00604,CLT-0444,PRD-004,AGT-022,AGC-003,2023-03-28,2025-03-17,Expiré,7410000,519000,Mensuelle,Oui,Mobile Money,24
CTR-00605,CLT-0666,PRD-007,AGT-054,AGC-010,2025-05-06,2026-05-01,Actif,26354000,3162000,Annuelle,Oui,Mobile Money,12
CTR-00606,CLT-0396,PRD-006,AGT-050,AGC-009,2024-04-25,2025-04-20,Expiré,24505000,2696000,Semestrielle,Non,Espèces,12
CTR-00607,CLT-0645,PRD-002,AGT-014,AGC-002,2024-08-31,2025-08-26,Expiré,11246000,1125000,Semestrielle,Non,Mobile Money,12
CTR-00608,CLT-0314,PRD-002,AGT-023,AGC-003,2024-02-26,2025-02-20,Expiré,9357000,936000,Semestrielle,Oui,Carte bancaire,12
CTR-00609,CLT-0822,PRD-006,AGT-015,AGC-002,2024-12-30,2025-12-25,Expiré,20961000,2306000,Mensuelle,Non,Virement bancaire,12
CTR-00610,CLT-0898,PRD-002,AGT-015,AGC-002,2023-07-07,2025-06-26,Résilié,7000000,700000,Trimestrielle,Non,Virement bancaire,24
CTR-00611,CLT-0955,PRD-004,AGT-026,AGC-004,2023-09-18,2025-09-07,Expiré,8766000,614000,Annuelle,Non,Espèces,24
CTR-00612,CLT-0194,PRD-007,AGT-017,AGC-002,2024-04-10,2027-03-26,Actif,37532000,4504000,Trimestrielle,Non,Mobile Money,36
CTR-00613,CLT-0273,PRD-001,AGT-021,AGC-003,2024-09-01,2025-08-27,Expiré,4203000,336000,Mensuelle,Oui,Carte bancaire,12
CTR-00614,CLT-0056,PRD-001,AGT-002,AGC-001,2024-07-15,2025-07-10,Expiré,1836000,147000,Trimestrielle,Non,Espèces,12
CTR-00615,CLT-0677,PRD-004,AGT-006,AGC-001,2024-10-01,2026-09-21,Actif,3989000,279000,Mensuelle,Oui,Virement bancaire,24
CTR-00616,CLT-0770,PRD-002,AGT-031,AGC-005,2023-06-05,2024-05-30,Expiré,10099000,1010000,Annuelle,Oui,Mobile Money,12
CTR-00617,CLT-0555,PRD-005,AGT-056,AGC-011,2024-08-07,2026-07-28,Actif,2453000,147000,Trimestrielle,Non,Espèces,24
CTR-00618,CLT-0866,PRD-003,AGT-012,AGC-002,2023-06-27,2026-06-11,Actif,6354000,572000,Semestrielle,Oui,Mobile Money,36
CTR-00619,CLT-0882,PRD-004,AGT-019,AGC-003,2023-08-26,2024-08-20,Expiré,6987000,489000,Semestrielle,Non,Mobile Money,12
CTR-00620,CLT-0630,PRD-006,AGT-005,AGC-001,2023-07-30,2025-07-19,Expiré,20792000,2287000,Trimestrielle,Non,Mobile Money,24
CTR-00621,CLT-0631,PRD-003,AGT-019,AGC-003,2024-01-17,2025-01-11,Expiré,13043000,1174000,Mensuelle,Non,Mobile Money,12
CTR-00622,CLT-0224,PRD-002,AGT-019,AGC-003,2025-01-02,2025-12-28,Expiré,8803000,880000,Mensuelle,Non,Chèque,12
CTR-00623,CLT-0250,PRD-005,AGT-001,AGC-001,2024-02-03,2025-01-28,Expiré,345000,21000,Trimestrielle,Non,Mobile Money,12
CTR-00624,CLT-0448,PRD-002,AGT-015,AGC-002,2023-09-24,2024-09-18,Expiré,10829000,1083000,Semestrielle,Non,Carte bancaire,12
CTR-00625,CLT-0867,PRD-001,AGT-018,AGC-003,2025-02-17,2026-02-12,Actif,3975000,318000,Semestrielle,Oui,Virement bancaire,12
CTR-00626,CLT-0257,PRD-001,AGT-057,AGC-011,2023-06-02,2024-05-27,Résilié,3078000,246000,Annuelle,Non,Mobile Money,12
CTR-00627,CLT-0320,PRD-001,AGT-002,AGC-001,2024-09-27,2025-09-22,Expiré,4245000,340000,Annuelle,Non,Espèces,12
CTR-00628,CLT-0562,PRD-003,AGT-019,AGC-003,2023-08-30,2024-08-24,Résilié,10232000,921000,Mensuelle,Non,Carte bancaire,12
CTR-00629,CLT-0276,PRD-007,AGT-002,AGC-001,2025-03-08,2026-03-03,Actif,48043000,5765000,Mensuelle,Non,Chèque,12
CTR-00630,CLT-0252,PRD-006,AGT-012,AGC-002,2025-02-23,2026-02-18,Actif,21266000,2339000,Annuelle,Non,Mobile Money,12
CTR-00631,CLT-0172,PRD-001,AGT-003,AGC-001,2023-09-05,2025-08-25,Résilié,5455000,436000,Mensuelle,Non,Mobile Money,24
CTR-00632,CLT-0180,PRD-006,AGT-041,AGC-007,2024-10-17,2026-10-07,Actif,5845000,643000,Mensuelle,Non,Mobile Money,24
CTR-00633,CLT-0542,PRD-006,AGT-038,AGC-006,2024-07-17,2025-07-12,Expiré,15501000,1705000,Annuelle,Non,Mobile Money,12
CTR-00634,CLT-0621,PRD-004,AGT-052,AGC-009,2025-02-08,2026-02-03,Actif,8558000,599000,Annuelle,Oui,Espèces,12
CTR-00635,CLT-0038,PRD-002,AGT-032,AGC-005,2025-05-12,2026-05-07,Actif,10760000,1076000,Trimestrielle,Oui,Mobile Money,12
CTR-00636,CLT-0323,PRD-004,AGT-041,AGC-007,2024-03-21,2026-03-11,Actif,7252000,508000,Semestrielle,Non,Carte bancaire,24
CTR-00637,CLT-0144,PRD-005,AGT-013,AGC-002,2023-05-26,2024-05-20,Expiré,1266000,76000,Trimestrielle,Non,Mobile Money,12
CTR-00638,CLT-0904,PRD-002,AGT-001,AGC-001,2023-09-09,2026-08-24,Actif,11176000,1118000,Mensuelle,Non,Espèces,36
CTR-00639,CLT-0477,PRD-008,AGT-054,AGC-010,2023-03-21,2024-03-15,Expiré,53442000,6947000,Annuelle,Non,Carte bancaire,12
CTR-00640,CLT-0491,PRD-001,AGT-020,AGC-003,2024-06-02,2025-05-28,Résilié,2011000,161000,Semestrielle,Non,Mobile Money,12
CTR-00641,CLT-0026,PRD-004,AGT-037,AGC-006,2023-01-25,2024-01-20,Expiré,6290000,440000,Trimestrielle,Non,Mobile Money,12
CTR-00642,CLT-0821,PRD-004,AGT-008,AGC-001,2025-02-15,2026-02-10,Actif,7345000,514000,Annuelle,Oui,Virement bancaire,12
CTR-00643,CLT-0580,PRD-004,AGT-059,AGC-012,2025-04-24,2026-04-19,Actif,6624000,464000,Semestrielle,Non,Mobile Money,12
CTR-00644,CLT-0146,PRD-006,AGT-016,AGC-002,2023-10-10,2024-10-04,Expiré,17633000,1940000,Mensuelle,Non,Virement bancaire,12
CTR-00645,CLT-0428,PRD-006,AGT-054,AGC-010,2024-07-14,2025-07-09,Résilié,9212000,1013000,Annuelle,Non,Espèces,12
CTR-00646,CLT-0039,PRD-002,AGT-025,AGC-004,2023-08-13,2024-08-07,Résilié,13708000,1371000,Trimestrielle,Non,Espèces,12
CTR-00647,CLT-0471,PRD-007,AGT-023,AGC-003,2024-01-17,2026-01-06,Actif,57783000,6934000,Semestrielle,Oui,Carte bancaire,24
CTR-00648,CLT-0834,PRD-006,AGT-037,AGC-006,2024-06-23,2025-06-18,Expiré,19331000,2126000,Mensuelle,Non,Virement bancaire,12
CTR-00649,CLT-0919,PRD-002,AGT-048,AGC-008,2024-05-09,2025-05-04,Résilié,6405000,640000,Annuelle,Non,Chèque,12
CTR-00650,CLT-0053,PRD-008,AGT-014,AGC-002,2023-04-20,2025-04-09,Expiré,94237000,12251000,Annuelle,Oui,Mobile Money,24
CTR-00651,CLT-0157,PRD-008,AGT-044,AGC-007,2024-01-07,2025-01-01,Expiré,88190000,11465000,Mensuelle,Oui,Virement bancaire,12
CTR-00652,CLT-0972,PRD-008,AGT-006,AGC-001,2025-06-29,2026-06-24,Actif,45444000,5908000,Trimestrielle,Oui,Chèque,12
CTR-00653,CLT-0342,PRD-008,AGT-004,AGC-001,2024-05-13,2026-05-03,Actif,51890000,6746000,Semestrielle,Non,Mobile Money,24
CTR-00654,CLT-0870,PRD-002,AGT-012,AGC-002,2023-12-11,2024-12-05,Expiré,7015000,702000,Mensuelle,Oui,Carte bancaire,12
CTR-00655,CLT-0009,PRD-001,AGT-018,AGC-003,2025-03-23,2027-03-13,Actif,5810000,465000,Mensuelle,Non,Espèces,24
CTR-00656,CLT-0137,PRD-002,AGT-051,AGC-009,2024-11-13,2025-11-08,Expiré,13414000,1341000,Mensuelle,Oui,Virement bancaire,12
CTR-00657,CLT-0041,PRD-005,AGT-050,AGC-009,2025-03-19,2026-03-14,Actif,1160000,70000,Mensuelle,Non,Virement bancaire,12
CTR-00658,CLT-0631,PRD-007,AGT-005,AGC-001,2023-05-22,2024-05-16,Expiré,22999000,2760000,Semestrielle,Non,Espèces,12
CTR-00659,CLT-0622,PRD-002,AGT-016,AGC-002,2025-05-22,2026-05-17,Actif,5302000,530000,Trimestrielle,Non,Chèque,12
CTR-00660,CLT-0314,PRD-002,AGT-043,AGC-007,2024-03-04,2026-02-22,Actif,5881000,588000,Trimestrielle,Non,Mobile Money,24
CTR-00661,CLT-0247,PRD-003,AGT-040,AGC-007,2023-03-23,2024-03-17,Résilié,4772000,429000,Annuelle,Non,Espèces,12
CTR-00662,CLT-0741,PRD-001,AGT-047,AGC-008,2024-08-16,2025-08-11,Expiré,3610000,289000,Semestrielle,Non,Virement bancaire,12
CTR-00663,CLT-0747,PRD-004,AGT-056,AGC-011,2024-04-29,2026-04-19,Actif,4549000,318000,Trimestrielle,Non,Espèces,24
CTR-00664,CLT-0862,PRD-007,AGT-012,AGC-002,2025-04-12,2026-04-07,Actif,42916000,5150000,Semestrielle,Oui,Mobile Money,12
CTR-00665,CLT-0137,PRD-007,AGT-043,AGC-007,2024-11-05,2025-10-31,Résilié,46428000,5571000,Semestrielle,Non,Espèces,12
CTR-00666,CLT-0803,PRD-001,AGT-011,AGC-002,2024-05-13,2026-05-03,Actif,2671000,214000,Mensuelle,Oui,Mobile Money,24
CTR-00667,CLT-0508,PRD-008,AGT-055,AGC-010,2023-07-04,2024-06-28,Expiré,62365000,8107000,Annuelle,Non,Mobile Money,12
CTR-00668,CLT-0003,PRD-001,AGT-046,AGC-008,2023-08-05,2024-07-30,Expiré,4502000,360000,Mensuelle,Non,Mobile Money,12
CTR-00669,CLT-0542,PRD-008,AGT-034,AGC-005,2023-07-21,2024-07-15,Résilié,75021000,9753000,Trimestrielle,Non,Virement bancaire,12
CTR-00670,CLT-0561,PRD-002,AGT-060,AGC-012,2023-02-15,2024-02-10,Expiré,8715000,872000,Mensuelle,Non,Carte bancaire,12
CTR-00671,CLT-0428,PRD-008,AGT-055,AGC-010,2024-08-08,2025-08-03,Expiré,59317000,7711000,Trimestrielle,Oui,Virement bancaire,12
CTR-00672,CLT-0040,PRD-007,AGT-039,AGC-006,2023-09-18,2024-09-12,Expiré,21461000,2575000,Annuelle,Oui,Mobile Money,12
CTR-00673,CLT-0003,PRD-003,AGT-057,AGC-011,2024-07-02,2026-06-22,Actif,9559000,860000,Trimestrielle,Non,Chèque,24
CTR-00674,CLT-0814,PRD-006,AGT-045,AGC-008,2024-05-23,2027-05-08,Actif,9268000,1019000,Mensuelle,Non,Espèces,36
CTR-00675,CLT-0241,PRD-008,AGT-023,AGC-003,2023-12-03,2024-11-27,Expiré,28535000,3710000,Trimestrielle,Oui,Mobile Money,12
CTR-00676,CLT-0492,PRD-001,AGT-005,AGC-001,2023-06-23,2025-06-12,Expiré,4695000,376000,Mensuelle,Non,Espèces,24
CTR-00677,CLT-0100,PRD-006,AGT-011,AGC-002,2023-03-20,2026-03-04,Actif,27021000,2972000,Mensuelle,Non,Mobile Money,36
CTR-00678,CLT-0798,PRD-006,AGT-042,AGC-007,2023-07-03,2024-06-27,Expiré,7429000,817000,Annuelle,Non,Mobile Money,12
CTR-00679,CLT-0126,PRD-004,AGT-030,AGC-005,2023-12-31,2025-12-20,Expiré,4715000,330000,Annuelle,Oui,Virement bancaire,24
CTR-00680,CLT-0933,PRD-008,AGT-045,AGC-008,2023-03-06,2024-02-29,Expiré,54157000,7040000,Mensuelle,Non,Chèque,12
CTR-00681,CLT-0776,PRD-005,AGT-007,AGC-001,2025-03-22,2027-03-12,Actif,528000,32000,Annuelle,Non,Mobile Money,24
CTR-00682,CLT-0195,PRD-005,AGT-029,AGC-004,2025-02-04,2027-01-25,Actif,3673000,220000,Annuelle,Non,Chèque,24
CTR-00683,CLT-0800,PRD-004,AGT-048,AGC-008,2023-11-26,2025-11-15,Expiré,2294000,161000,Mensuelle,Non,Mobile Money,24
CTR-00684,CLT-0681,PRD-008,AGT-038,AGC-006,2025-02-06,2027-01-27,Actif,87719000,11403000,Mensuelle,Non,Carte bancaire,24
CTR-00685,CLT-0609,PRD-004,AGT-046,AGC-008,2024-04-29,2025-04-24,Résilié,7081000,496000,Trimestrielle,Non,Virement bancaire,12
CTR-00686,CLT-0034,PRD-006,AGT-036,AGC-006,2023-11-16,2024-11-10,Expiré,7415000,816000,Annuelle,Oui,Virement bancaire,12
CTR-00687,CLT-0141,PRD-005,AGT-046,AGC-008,2023-10-15,2024-10-09,Expiré,464000,28000,Mensuelle,Non,Mobile Money,12
CTR-00688,CLT-0308,PRD-003,AGT-005,AGC-001,2023-12-02,2024-11-26,Expiré,4649000,418000,Semestrielle,Non,Espèces,12
CTR-00689,CLT-0117,PRD-001,AGT-015,AGC-002,2023-11-22,2025-11-11,Expiré,2243000,179000,Mensuelle,Non,Mobile Money,24
CTR-00690,CLT-0862,PRD-006,AGT-040,AGC-007,2025-04-11,2027-04-01,Actif,23704000,2607000,Trimestrielle,Non,Chèque,24
CTR-00691,CLT-0674,PRD-002,AGT-053,AGC-010,2023-11-16,2026-10-31,Actif,7361000,736000,Mensuelle,Non,Espèces,36
CTR-00692,CLT-0071,PRD-001,AGT-056,AGC-011,2023-04-20,2025-04-09,Expiré,5228000,418000,Mensuelle,Oui,Espèces,24
CTR-00693,CLT-0963,PRD-004,AGT-045,AGC-008,2023-12-09,2024-12-03,Expiré,5983000,419000,Semestrielle,Non,Espèces,12
CTR-00694,CLT-0224,PRD-006,AGT-009,AGC-001,2023-09-02,2026-08-17,Actif,5106000,562000,Mensuelle,Non,Carte bancaire,36
CTR-00695,CLT-0795,PRD-007,AGT-026,AGC-004,2023-03-02,2024-02-25,Expiré,35918000,4310000,Mensuelle,Non,Espèces,12
CTR-00696,CLT-0998,PRD-004,AGT-054,AGC-010,2023-10-03,2024-09-27,Résilié,2873000,201000,Trimestrielle,Non,Virement bancaire,12
CTR-00697,CLT-0510,PRD-001,AGT-004,AGC-001,2025-02-03,2026-01-29,Actif,3315000,265000,Semestrielle,Oui,Espèces,12
CTR-00698,CLT-0688,PRD-002,AGT-041,AGC-007,2023-09-13,2025-09-02,Expiré,9473000,947000,Mensuelle,Oui,Chèque,24
CTR-00699,CLT-0589,PRD-001,AGT-011,AGC-002,2025-04-29,2027-04-19,Actif,2947000,236000,Trimestrielle,Non,Espèces,24
CTR-00700,CLT-0664,PRD-006,AGT-051,AGC-009,2024-02-25,2025-02-19,Expiré,10501000,1155000,Annuelle,Non,Espèces,12
CTR-00701,CLT-0399,PRD-003,AGT-050,AGC-009,2024-05-16,2025-05-11,Expiré,3587000,323000,Trimestrielle,Oui,Espèces,12
CTR-00702,CLT-0911,PRD-007,AGT-044,AGC-007,2023-10-24,2024-10-18,Expiré,24360000,2923000,Mensuelle,Oui,Carte bancaire,12
CTR-00703,CLT-0485,PRD-006,AGT-029,AGC-004,2024-04-10,2025-04-05,Expiré,17060000,1877000,Mensuelle,Non,Mobile Money,12
CTR-00704,CLT-0400,PRD-002,AGT-028,AGC-004,2023-05-17,2024-05-11,Expiré,9670000,967000,Annuelle,Oui,Mobile Money,12
CTR-00705,CLT-0957,PRD-001,AGT-015,AGC-002,2024-06-18,2025-06-13,Expiré,5441000,435000,Trimestrielle,Non,Mobile Money,12
CTR-00706,CLT-0065,PRD-004,AGT-053,AGC-010,2023-10-17,2024-10-11,Expiré,10453000,732000,Annuelle,Non,Virement bancaire,12
CTR-00707,CLT-0947,PRD-004,AGT-017,AGC-002,2024-06-25,2025-06-20,Résilié,5284000,370000,Semestrielle,Non,Virement bancaire,12
CTR-00708,CLT-0582,PRD-003,AGT-026,AGC-004,2023-04-22,2025-04-11,Expiré,8098000,729000,Mensuelle,Non,Espèces,24
CTR-00709,CLT-0412,PRD-005,AGT-060,AGC-012,2023-04-09,2024-04-03,Expiré,2259000,136000,Annuelle,Non,Mobile Money,12
CTR-00710,CLT-0778,PRD-002,AGT-019,AGC-003,2024-03-17,2027-03-02,Actif,4131000,413000,Semestrielle,Oui,Espèces,36
CTR-00711,CLT-0421,PRD-007,AGT-016,AGC-002,2024-07-01,2027-06-16,Actif,13630000,1636000,Annuelle,Non,Mobile Money,36
CTR-00712,CLT-0139,PRD-002,AGT-015,AGC-002,2023-04-10,2024-04-04,Expiré,8700000,870000,Mensuelle,Oui,Virement bancaire,12
CTR-00713,CLT-0461,PRD-007,AGT-004,AGC-001,2024-09-18,2025-09-13,Résilié,74959000,8995000,Trimestrielle,Non,Virement bancaire,12
CTR-00714,CLT-0780,PRD-002,AGT-027,AGC-004,2024-07-08,2025-07-03,Expiré,9829000,983000,Trimestrielle,Non,Chèque,12
CTR-00715,CLT-0815,PRD-003,AGT-018,AGC-003,2024-05-30,2025-05-25,Résilié,6332000,570000,Trimestrielle,Non,Mobile Money,12
CTR-00716,CLT-0366,PRD-006,AGT-031,AGC-005,2023-01-28,2025-01-17,Résilié,19935000,2193000,Semestrielle,Non,Espèces,24
CTR-00717,CLT-0843,PRD-001,AGT-041,AGC-007,2023-07-20,2025-07-09,Expiré,2532000,203000,Trimestrielle,Oui,Virement bancaire,24
CTR-00718,CLT-0033,PRD-001,AGT-053,AGC-010,2024-01-11,2025-12-31,Actif,4581000,366000,Semestrielle,Oui,Espèces,24
CTR-00719,CLT-0065,PRD-007,AGT-007,AGC-001,2023-01-08,2024-01-03,Expiré,23331000,2800000,Trimestrielle,Non,Espèces,12
CTR-00720,CLT-0162,PRD-002,AGT-002,AGC-001,2024-03-21,2025-03-16,Résilié,6129000,613000,Trimestrielle,Non,Virement bancaire,12
CTR-00721,CLT-0694,PRD-004,AGT-055,AGC-010,2024-08-22,2027-08-07,Actif,12375000,866000,Annuelle,Oui,Mobile Money,36
CTR-00722,CLT-0581,PRD-002,AGT-019,AGC-003,2024-09-17,2026-09-07,Actif,7561000,756000,Semestrielle,Oui,Chèque,24
CTR-00723,CLT-0818,PRD-006,AGT-007,AGC-001,2023-10-30,2024-10-24,Expiré,35427000,3897000,Mensuelle,Non,Virement bancaire,12
CTR-00724,CLT-0923,PRD-001,AGT-044,AGC-007,2025-05-27,2026-05-22,Actif,3891000,311000,Semestrielle,Non,Virement bancaire,12
CTR-00725,CLT-0139,PRD-001,AGT-004,AGC-001,2025-03-29,2026-03-24,Actif,4678000,374000,Semestrielle,Non,Carte bancaire,12
CTR-00726,CLT-0248,PRD-004,AGT-009,AGC-001,2024-07-04,2025-06-29,Expiré,5842000,409000,Mensuelle,Non,Mobile Money,12
CTR-00727,CLT-0859,PRD-002,AGT-046,AGC-008,2024-12-16,2026-12-06,Actif,8144000,814000,Mensuelle,Non,Virement bancaire,24
CTR-00728,CLT-0560,PRD-001,AGT-048,AGC-008,2023-06-18,2025-06-07,Résilié,2682000,215000,Mensuelle,Non,Espèces,24
CTR-00729,CLT-0028,PRD-006,AGT-040,AGC-007,2023-03-27,2024-03-21,Expiré,21159000,2327000,Mensuelle,Non,Espèces,12
CTR-00730,CLT-0976,PRD-007,AGT-022,AGC-003,2024-10-25,2025-10-20,Expiré,57160000,6859000,Semestrielle,Non,Chèque,12
CTR-00731,CLT-0321,PRD-003,AGT-009,AGC-001,2024-10-23,2025-10-18,Expiré,4911000,442000,Mensuelle,Non,Virement bancaire,12
CTR-00732,CLT-0553,PRD-003,AGT-025,AGC-004,2023-06-04,2024-05-29,Expiré,9017000,812000,Trimestrielle,Non,Mobile Money,12
CTR-00733,CLT-0520,PRD-003,AGT-001,AGC-001,2023-01-03,2024-12-23,Résilié,7535000,678000,Semestrielle,Non,Espèces,24
CTR-00734,CLT-0742,PRD-004,AGT-028,AGC-004,2024-01-22,2025-01-16,Expiré,3824000,268000,Mensuelle,Oui,Mobile Money,12
CTR-00735,CLT-0678,PRD-001,AGT-012,AGC-002,2025-03-14,2026-03-09,Actif,4054000,324000,Mensuelle,Non,Mobile Money,12
CTR-00736,CLT-0417,PRD-002,AGT-024,AGC-003,2024-09-20,2025-09-15,Expiré,10292000,1029000,Semestrielle,Oui,Virement bancaire,12
CTR-00737,CLT-0962,PRD-007,AGT-026,AGC-004,2023-03-08,2024-03-02,Résilié,67760000,8131000,Annuelle,Non,Mobile Money,12
CTR-00738,CLT-0542,PRD-001,AGT-034,AGC-005,2025-01-26,2026-01-21,Actif,3690000,295000,Annuelle,Oui,Espèces,12
CTR-00739,CLT-0972,PRD-003,AGT-053,AGC-010,2024-06-12,2025-06-07,Expiré,5252000,473000,Trimestrielle,Non,Mobile Money,12
CTR-00740,CLT-0690,PRD-001,AGT-044,AGC-007,2024-11-25,2025-11-20,Expiré,4264000,341000,Semestrielle,Non,Mobile Money,12
CTR-00741,CLT-0163,PRD-001,AGT-055,AGC-010,2023-05-14,2024-05-08,Expiré,3349000,268000,Trimestrielle,Oui,Carte bancaire,12
CTR-00742,CLT-0085,PRD-003,AGT-007,AGC-001,2023-10-26,2026-10-10,Actif,12806000,1153000,Annuelle,Oui,Mobile Money,36
CTR-00743,CLT-0298,PRD-007,AGT-007,AGC-001,2025-03-18,2026-03-13,Actif,43788000,5255000,Semestrielle,Oui,Mobile Money,12
CTR-00744,CLT-0983,PRD-007,AGT-040,AGC-007,2024-04-26,2025-04-21,Expiré,23989000,2879000,Semestrielle,Oui,Carte bancaire,12
CTR-00745,CLT-0518,PRD-008,AGT-004,AGC-001,2025-01-18,2026-01-13,Actif,33108000,4304000,Trimestrielle,Non,Carte bancaire,12
CTR-00746,CLT-0283,PRD-003,AGT-060,AGC-012,2024-09-16,2026-09-06,Actif,3738000,336000,Mensuelle,Non,Virement bancaire,24
CTR-00747,CLT-0059,PRD-008,AGT-013,AGC-002,2023-08-10,2024-08-04,Expiré,41630000,5412000,Mensuelle,Non,Mobile Money,12
CTR-00748,CLT-0726,PRD-001,AGT-041,AGC-007,2025-04-05,2026-03-31,Actif,1831000,146000,Trimestrielle,Non,Virement bancaire,12
CTR-00749,CLT-0807,PRD-001,AGT-004,AGC-001,2023-09-04,2024-08-29,Expiré,2193000,175000,Trimestrielle,Oui,Mobile Money,12
CTR-00750,CLT-0232,PRD-001,AGT-018,AGC-003,2025-01-10,2026-01-05,Actif,3103000,248000,Annuelle,Non,Mobile Money,12
CTR-00751,CLT-0985,PRD-003,AGT-021,AGC-003,2024-05-27,2026-05-17,Actif,12347000,1111000,Trimestrielle,Non,Espèces,24
CTR-00752,CLT-0934,PRD-002,AGT-049,AGC-009,2024-08-23,2025-08-18,Expiré,8410000,841000,Semestrielle,Oui,Chèque,12
CTR-00753,CLT-0251,PRD-005,AGT-023,AGC-003,2024-12-20,2025-12-15,Expiré,2538000,152000,Annuelle,Non,Chèque,12
CTR-00754,CLT-0939,PRD-001,AGT-036,AGC-006,2024-02-06,2025-01-31,Expiré,2492000,199000,Trimestrielle,Oui,Espèces,12
CTR-00755,CLT-0127,PRD-007,AGT-039,AGC-006,2023-10-21,2024-10-15,Expiré,21567000,2588000,Trimestrielle,Non,Espèces,12
CTR-00756,CLT-0143,PRD-006,AGT-019,AGC-003,2025-04-14,2027-04-04,Actif,23832000,2622000,Trimestrielle,Non,Espèces,24
CTR-00757,CLT-0463,PRD-002,AGT-018,AGC-003,2023-04-05,2024-03-30,Expiré,9968000,997000,Mensuelle,Non,Mobile Money,12
CTR-00758,CLT-0964,PRD-006,AGT-049,AGC-009,2025-03-07,2027-02-25,Actif,12085000,1329000,Trimestrielle,Non,Chèque,24
CTR-00759,CLT-0762,PRD-001,AGT-040,AGC-007,2025-02-03,2026-01-29,Actif,4231000,338000,Mensuelle,Oui,Espèces,12
CTR-00760,CLT-0057,PRD-004,AGT-016,AGC-002,2024-02-12,2026-02-01,Actif,4475000,313000,Mensuelle,Non,Espèces,24
CTR-00761,CLT-0467,PRD-001,AGT-056,AGC-011,2023-04-13,2026-03-28,Actif,5059000,405000,Trimestrielle,Oui,Espèces,36
CTR-00762,CLT-0441,PRD-004,AGT-011,AGC-002,2024-05-12,2026-05-02,Actif,6579000,461000,Semestrielle,Non,Espèces,24
CTR-00763,CLT-0216,PRD-008,AGT-051,AGC-009,2025-02-06,2028-01-22,Actif,23687000,3079000,Semestrielle,Oui,Carte bancaire,36
CTR-00764,CLT-0459,PRD-006,AGT-019,AGC-003,2024-05-03,2026-04-23,Actif,35013000,3851000,Trimestrielle,Non,Mobile Money,24
CTR-00765,CLT-0218,PRD-002,AGT-023,AGC-003,2023-05-08,2024-05-02,Expiré,9354000,935000,Semestrielle,Non,Espèces,12
CTR-00766,CLT-0378,PRD-008,AGT-030,AGC-005,2025-04-02,2026-03-28,Actif,89001000,11570000,Semestrielle,Non,Mobile Money,12
CTR-00767,CLT-0262,PRD-004,AGT-007,AGC-001,2025-02-24,2027-02-14,Actif,7656000,536000,Semestrielle,Non,Carte bancaire,24
CTR-00768,CLT-0658,PRD-005,AGT-033,AGC-005,2023-04-02,2025-03-22,Expiré,1478000,89000,Trimestrielle,Non,Chèque,24
CTR-00769,CLT-0255,PRD-001,AGT-032,AGC-005,2023-01-22,2025-01-11,Résilié,3493000,279000,Annuelle,Non,Carte bancaire,24
CTR-00770,CLT-0977,PRD-001,AGT-012,AGC-002,2025-05-09,2027-04-29,Actif,5268000,421000,Mensuelle,Oui,Chèque,24
CTR-00771,CLT-0414,PRD-004,AGT-059,AGC-012,2024-02-22,2026-02-11,Actif,2161000,151000,Mensuelle,Non,Virement bancaire,24
CTR-00772,CLT-0469,PRD-006,AGT-059,AGC-012,2024-10-19,2025-10-14,Expiré,11190000,1231000,Semestrielle,Non,Mobile Money,12
CTR-00773,CLT-0226,PRD-003,AGT-037,AGC-006,2024-10-27,2025-10-22,Résilié,4662000,420000,Annuelle,Non,Carte bancaire,12
CTR-00774,CLT-0857,PRD-007,AGT-010,AGC-002,2023-12-19,2026-12-03,Actif,54364000,6524000,Mensuelle,Oui,Virement bancaire,36
CTR-00775,CLT-0625,PRD-003,AGT-003,AGC-001,2024-02-20,2025-02-14,Expiré,11119000,1001000,Mensuelle,Non,Carte bancaire,12
CTR-00776,CLT-0392,PRD-004,AGT-023,AGC-003,2023-03-16,2026-02-28,Actif,3516000,246000,Annuelle,Non,Espèces,36
CTR-00777,CLT-0851,PRD-005,AGT-004,AGC-001,2025-04-06,2026-04-01,Actif,2375000,142000,Annuelle,Non,Mobile Money,12
CTR-00778,CLT-0197,PRD-006,AGT-019,AGC-003,2023-09-04,2024-08-29,Expiré,21995000,2419000,Annuelle,Oui,Carte bancaire,12
CTR-00779,CLT-0853,PRD-008,AGT-026,AGC-004,2023-01-02,2023-12-28,Résilié,47569000,6184000,Trimestrielle,Non,Carte bancaire,12
CTR-00780,CLT-0065,PRD-008,AGT-007,AGC-001,2024-05-30,2025-05-25,Expiré,36610000,4759000,Annuelle,Non,Carte bancaire,12
CTR-00781,CLT-0027,PRD-001,AGT-009,AGC-001,2023-02-27,2025-02-16,Expiré,2526000,202000,Annuelle,Non,Mobile Money,24
CTR-00782,CLT-0465,PRD-003,AGT-009,AGC-001,2023-07-20,2025-07-09,Résilié,10705000,963000,Semestrielle,Non,Espèces,24
CTR-00783,CLT-0378,PRD-002,AGT-010,AGC-002,2024-05-22,2025-05-17,Expiré,11420000,1142000,Annuelle,Oui,Carte bancaire,12
CTR-00784,CLT-0744,PRD-003,AGT-050,AGC-009,2024-09-02,2025-08-28,Expiré,12584000,1133000,Trimestrielle,Non,Virement bancaire,12
CTR-00785,CLT-0486,PRD-008,AGT-056,AGC-011,2024-08-01,2026-07-22,Actif,60135000,7818000,Mensuelle,Non,Mobile Money,24
CTR-00786,CLT-0537,PRD-005,AGT-013,AGC-002,2023-07-23,2024-07-17,Expiré,2362000,142000,Trimestrielle,Non,Virement bancaire,12
CTR-00787,CLT-0176,PRD-002,AGT-054,AGC-010,2023-04-22,2024-04-16,Résilié,12214000,1221000,Mensuelle,Non,Chèque,12
CTR-00788,CLT-0930,PRD-001,AGT-003,AGC-001,2023-01-01,2023-12-27,Expiré,3659000,293000,Annuelle,Non,Mobile Money,12
CTR-00789,CLT-0479,PRD-004,AGT-032,AGC-005,2024-01-21,2025-01-15,Expiré,3210000,225000,Mensuelle,Non,Mobile Money,12
CTR-00790,CLT-0051,PRD-006,AGT-006,AGC-001,2023-02-18,2024-02-13,Expiré,15205000,1673000,Mensuelle,Non,Mobile Money,12
CTR-00791,CLT-0055,PRD-002,AGT-014,AGC-002,2025-05-01,2026-04-26,Actif,7763000,776000,Mensuelle,Oui,Mobile Money,12
CTR-00792,CLT-0810,PRD-004,AGT-026,AGC-004,2023-03-18,2024-03-12,Expiré,2646000,185000,Annuelle,Non,Mobile Money,12
CTR-00793,CLT-0187,PRD-001,AGT-016,AGC-002,2023-06-25,2024-06-19,Expiré,4404000,352000,Semestrielle,Non,Mobile Money,12
CTR-00794,CLT-0777,PRD-003,AGT-050,AGC-009,2025-06-16,2026-06-11,Actif,9184000,827000,Annuelle,Non,Mobile Money,12
CTR-00795,CLT-0347,PRD-002,AGT-040,AGC-007,2024-05-19,2026-05-09,Actif,8709000,871000,Trimestrielle,Non,Virement bancaire,24
CTR-00796,CLT-0122,PRD-003,AGT-043,AGC-007,2025-05-31,2028-05-15,Actif,9435000,849000,Annuelle,Oui,Espèces,36
CTR-00797,CLT-0812,PRD-001,AGT-048,AGC-008,2024-07-07,2025-07-02,Expiré,2098000,168000,Trimestrielle,Oui,Virement bancaire,12
CTR-00798,CLT-0089,PRD-008,AGT-037,AGC-006,2023-01-16,2025-01-05,Expiré,75306000,9790000,Mensuelle,Oui,Virement bancaire,24
CTR-00799,CLT-0751,PRD-001,AGT-036,AGC-006,2023-03-16,2026-02-28,Actif,3366000,269000,Annuelle,Non,Carte bancaire,36
CTR-00800,CLT-0978,PRD-001,AGT-032,AGC-005,2023-08-29,2024-08-23,Expiré,2511000,201000,Mensuelle,Non,Espèces,12
CTR-00801,CLT-0914,PRD-008,AGT-049,AGC-009,2024-09-11,2026-09-01,Actif,32235000,4191000,Trimestrielle,Non,Virement bancaire,24
CTR-00802,CLT-0734,PRD-005,AGT-027,AGC-004,2024-10-25,2025-10-20,Résilié,1271000,76000,Semestrielle,Non,Mobile Money,12
CTR-00803,CLT-0645,PRD-001,AGT-006,AGC-001,2024-04-07,2026-03-28,Actif,3276000,262000,Annuelle,Non,Espèces,24
CTR-00804,CLT-0671,PRD-003,AGT-019,AGC-003,2023-08-29,2025-08-18,Expiré,7686000,692000,Annuelle,Oui,Virement bancaire,24
CTR-00805,CLT-0027,PRD-008,AGT-021,AGC-003,2025-03-09,2026-03-04,Actif,61052000,7937000,Semestrielle,Non,Mobile Money,12
CTR-00806,CLT-0626,PRD-004,AGT-019,AGC-003,2025-05-27,2027-05-17,Actif,8407000,588000,Semestrielle,Non,Espèces,24
CTR-00807,CLT-0855,PRD-001,AGT-026,AGC-004,2024-05-20,2027-05-05,Actif,1634000,131000,Trimestrielle,Non,Mobile Money,36
CTR-00808,CLT-0409,PRD-005,AGT-036,AGC-006,2024-01-13,2025-01-07,Expiré,366000,22000,Trimestrielle,Non,Chèque,12
CTR-00809,CLT-0391,PRD-006,AGT-021,AGC-003,2024-08-05,2025-07-31,Expiré,8358000,919000,Mensuelle,Non,Virement bancaire,12
CTR-00810,CLT-0873,PRD-003,AGT-016,AGC-002,2024-04-16,2025-04-11,Expiré,7236000,651000,Mensuelle,Non,Virement bancaire,12
CTR-00811,CLT-0650,PRD-008,AGT-039,AGC-006,2025-05-17,2026-05-12,Actif,44354000,5766000,Annuelle,Non,Espèces,12
CTR-00812,CLT-0984,PRD-008,AGT-030,AGC-005,2023-12-15,2024-12-09,Expiré,100923000,13120000,Mensuelle,Non,Carte bancaire,12
CTR-00813,CLT-0740,PRD-008,AGT-027,AGC-004,2024-02-03,2025-01-28,Expiré,45274000,5886000,Annuelle,Non,Mobile Money,12
CTR-00814,CLT-0543,PRD-005,AGT-035,AGC-006,2023-08-17,2025-08-06,Résilié,881000,53000,Semestrielle,Non,Mobile Money,24
CTR-00815,CLT-0027,PRD-008,AGT-027,AGC-004,2024-01-31,2027-01-15,Actif,56901000,7397000,Trimestrielle,Oui,Mobile Money,36
CTR-00816,CLT-0697,PRD-002,AGT-010,AGC-002,2023-07-18,2024-07-12,Expiré,11022000,1102000,Annuelle,Non,Espèces,12
CTR-00817,CLT-0853,PRD-001,AGT-028,AGC-004,2023-06-18,2024-06-12,Expiré,3966000,317000,Mensuelle,Non,Espèces,12
CTR-00818,CLT-0859,PRD-003,AGT-018,AGC-003,2023-11-30,2024-11-24,Expiré,12931000,1164000,Mensuelle,Oui,Espèces,12
CTR-00819,CLT-0635,PRD-007,AGT-048,AGC-008,2025-01-15,2027-01-05,Actif,36226000,4347000,Trimestrielle,Oui,Carte bancaire,24
CTR-00820,CLT-0047,PRD-001,AGT-036,AGC-006,2024-12-14,2026-12-04,Actif,5200000,416000,Annuelle,Oui,Espèces,24
CTR-00821,CLT-0795,PRD-003,AGT-022,AGC-003,2024-06-25,2027-06-10,Actif,5620000,506000,Trimestrielle,Non,Espèces,36
CTR-00822,CLT-0751,PRD-007,AGT-040,AGC-007,2023-10-06,2024-09-30,Expiré,55026000,6603000,Annuelle,Oui,Mobile Money,12
CTR-00823,CLT-0912,PRD-001,AGT-024,AGC-003,2025-04-08,2027-03-29,Actif,2956000,236000,Annuelle,Non,Virement bancaire,24
CTR-00824,CLT-0426,PRD-006,AGT-021,AGC-003,2023-10-14,2024-10-08,Expiré,14854000,1634000,Trimestrielle,Oui,Virement bancaire,12
CTR-00825,CLT-0686,PRD-002,AGT-039,AGC-006,2024-03-08,2027-02-21,Actif,10373000,1037000,Semestrielle,Oui,Virement bancaire,36
CTR-00826,CLT-0183,PRD-004,AGT-011,AGC-002,2023-03-26,2025-03-15,Expiré,6890000,482000,Annuelle,Oui,Carte bancaire,24
CTR-00827,CLT-0044,PRD-001,AGT-013,AGC-002,2024-08-23,2026-08-13,Actif,2312000,185000,Mensuelle,Non,Carte bancaire,24
CTR-00828,CLT-0905,PRD-008,AGT-006,AGC-001,2025-06-08,2026-06-03,Actif,30626000,3981000,Trimestrielle,Oui,Mobile Money,12
CTR-00829,CLT-0649,PRD-005,AGT-031,AGC-005,2024-11-29,2025-11-24,Expiré,2172000,130000,Trimestrielle,Non,Virement bancaire,12
CTR-00830,CLT-0734,PRD-004,AGT-026,AGC-004,2024-03-09,2025-03-04,Expiré,6217000,435000,Semestrielle,Non,Espèces,12
CTR-00831,CLT-0007,PRD-001,AGT-050,AGC-009,2024-01-13,2025-01-07,Résilié,1744000,140000,Mensuelle,Non,Carte bancaire,12
CTR-00832,CLT-0725,PRD-004,AGT-046,AGC-008,2023-07-14,2025-07-03,Expiré,6246000,437000,Semestrielle,Non,Virement bancaire,24
CTR-00833,CLT-0640,PRD-001,AGT-018,AGC-003,2025-06-25,2026-06-20,Actif,2357000,189000,Mensuelle,Oui,Virement bancaire,12
CTR-00834,CLT-0475,PRD-003,AGT-028,AGC-004,2024-02-18,2025-02-12,Expiré,8472000,762000,Annuelle,Non,Mobile Money,12
CTR-00835,CLT-0329,PRD-002,AGT-060,AGC-012,2024-05-10,2025-05-05,Expiré,8570000,857000,Mensuelle,Oui,Espèces,12
CTR-00836,CLT-0837,PRD-006,AGT-038,AGC-006,2024-01-27,2026-01-16,Actif,19514000,2147000,Trimestrielle,Non,Mobile Money,24
CTR-00837,CLT-0187,PRD-006,AGT-060,AGC-012,2023-06-29,2024-06-23,Expiré,8966000,986000,Semestrielle,Non,Chèque,12
CTR-00838,CLT-0672,PRD-004,AGT-010,AGC-002,2023-11-30,2024-11-24,Expiré,13056000,914000,Mensuelle,Non,Mobile Money,12
CTR-00839,CLT-0176,PRD-008,AGT-042,AGC-007,2024-11-04,2026-10-25,Actif,35139000,4568000,Semestrielle,Oui,Espèces,24
CTR-00840,CLT-0919,PRD-001,AGT-036,AGC-006,2025-03-19,2026-03-14,Actif,4631000,370000,Semestrielle,Oui,Mobile Money,12
CTR-00841,CLT-0428,PRD-001,AGT-043,AGC-007,2025-01-24,2027-01-14,Actif,3226000,258000,Trimestrielle,Oui,Mobile Money,24
CTR-00842,CLT-0021,PRD-004,AGT-014,AGC-002,2024-08-14,2026-08-04,Actif,7425000,520000,Semestrielle,Non,Espèces,24
CTR-00843,CLT-0458,PRD-005,AGT-052,AGC-009,2023-01-03,2023-12-29,Expiré,454000,27000,Mensuelle,Oui,Chèque,12
CTR-00844,CLT-0480,PRD-006,AGT-055,AGC-010,2023-04-26,2024-04-20,Expiré,21350000,2348000,Annuelle,Oui,Chèque,12
CTR-00845,CLT-0532,PRD-002,AGT-002,AGC-001,2023-05-18,2025-05-07,Expiré,12473000,1247000,Trimestrielle,Non,Espèces,24
CTR-00846,CLT-0905,PRD-001,AGT-048,AGC-008,2024-09-13,2026-09-03,Actif,3901000,312000,Trimestrielle,Non,Carte bancaire,24
CTR-00847,CLT-0449,PRD-003,AGT-015,AGC-002,2024-11-14,2025-11-09,Expiré,10649000,958000,Mensuelle,Oui,Carte bancaire,12
CTR-00848,CLT-0769,PRD-006,AGT-045,AGC-008,2023-07-26,2024-07-20,Résilié,9726000,1070000,Trimestrielle,Non,Espèces,12
CTR-00849,CLT-0587,PRD-007,AGT-030,AGC-005,2024-04-16,2025-04-11,Résilié,18150000,2178000,Mensuelle,Non,Virement bancaire,12
CTR-00850,CLT-0921,PRD-008,AGT-003,AGC-001,2024-10-20,2025-10-15,Expiré,105815000,13756000,Trimestrielle,Oui,Espèces,12
CTR-00851,CLT-0311,PRD-002,AGT-013,AGC-002,2023-02-28,2025-02-17,Expiré,4039000,404000,Trimestrielle,Non,Mobile Money,24
CTR-00852,CLT-0608,PRD-004,AGT-030,AGC-005,2023-05-29,2024-05-23,Expiré,10844000,759000,Mensuelle,Oui,Carte bancaire,12
CTR-00853,CLT-0947,PRD-006,AGT-028,AGC-004,2025-02-09,2027-01-30,Actif,7757000,853000,Semestrielle,Non,Espèces,24
CTR-00854,CLT-0116,PRD-003,AGT-003,AGC-001,2023-02-12,2024-02-07,Expiré,13035000,1173000,Semestrielle,Non,Chèque,12
CTR-00855,CLT-0779,PRD-003,AGT-013,AGC-002,2023-02-07,2024-02-02,Expiré,7563000,681000,Mensuelle,Oui,Espèces,12
CTR-00856,CLT-0667,PRD-007,AGT-045,AGC-008,2023-06-03,2025-05-23,Expiré,15023000,1803000,Annuelle,Oui,Virement bancaire,24
CTR-00857,CLT-0641,PRD-004,AGT-056,AGC-011,2024-08-13,2026-08-03,Actif,13322000,933000,Mensuelle,Oui,Espèces,24
CTR-00858,CLT-0861,PRD-007,AGT-015,AGC-002,2023-12-25,2025-12-14,Résilié,13301000,1596000,Semestrielle,Non,Virement bancaire,24
CTR-00859,CLT-0825,PRD-008,AGT-044,AGC-007,2024-09-02,2025-08-28,Expiré,90014000,11702000,Annuelle,Non,Mobile Money,12
CTR-00860,CLT-0465,PRD-001,AGT-016,AGC-002,2024-01-03,2024-12-28,Expiré,2856000,228000,Mensuelle,Non,Carte bancaire,12
CTR-00861,CLT-0266,PRD-008,AGT-053,AGC-010,2023-01-27,2024-01-22,Expiré,19036000,2475000,Semestrielle,Oui,Mobile Money,12
CTR-00862,CLT-0571,PRD-004,AGT-001,AGC-001,2024-03-29,2026-03-19,Actif,8748000,612000,Annuelle,Non,Espèces,24
CTR-00863,CLT-0234,PRD-001,AGT-049,AGC-009,2023-12-17,2024-12-11,Résilié,2055000,164000,Annuelle,Non,Virement bancaire,12
CTR-00864,CLT-0008,PRD-002,AGT-042,AGC-007,2023-02-03,2024-01-29,Expiré,13854000,1385000,Trimestrielle,Non,Mobile Money,12
CTR-00865,CLT-0937,PRD-006,AGT-021,AGC-003,2025-03-16,2026-03-11,Actif,6298000,693000,Semestrielle,Oui,Chèque,12
CTR-00866,CLT-0381,PRD-002,AGT-050,AGC-009,2023-09-15,2024-09-09,Expiré,12898000,1290000,Trimestrielle,Oui,Espèces,12
CTR-00867,CLT-0569,PRD-001,AGT-009,AGC-001,2023-05-06,2024-04-30,Expiré,5641000,451000,Semestrielle,Non,Espèces,12
CTR-00868,CLT-0409,PRD-002,AGT-057,AGC-011,2023-06-15,2024-06-09,Expiré,4105000,410000,Semestrielle,Oui,Mobile Money,12
CTR-00869,CLT-0110,PRD-001,AGT-002,AGC-001,2023-12-17,2025-12-06,Expiré,2184000,175000,Trimestrielle,Oui,Mobile Money,24
CTR-00870,CLT-0474,PRD-006,AGT-018,AGC-003,2025-04-12,2027-04-02,Actif,12222000,1344000,Mensuelle,Non,Mobile Money,24
CTR-00871,CLT-0821,PRD-003,AGT-004,AGC-001,2023-01-26,2024-01-21,Expiré,7187000,647000,Semestrielle,Non,Mobile Money,12
CTR-00872,CLT-0721,PRD-003,AGT-010,AGC-002,2023-07-29,2024-07-23,Expiré,6705000,603000,Annuelle,Non,Mobile Money,12
CTR-00873,CLT-0413,PRD-001,AGT-048,AGC-008,2023-09-18,2025-09-07,Résilié,3029000,242000,Mensuelle,Non,Mobile Money,24
CTR-00874,CLT-0066,PRD-004,AGT-052,AGC-009,2023-01-20,2024-01-15,Résilié,4821000,337000,Trimestrielle,Non,Mobile Money,12
CTR-00875,CLT-0339,PRD-005,AGT-002,AGC-001,2025-03-25,2026-03-20,Actif,1283000,77000,Trimestrielle,Non,Chèque,12
CTR-00876,CLT-0039,PRD-001,AGT-039,AGC-006,2023-08-30,2024-08-24,Résilié,2225000,178000,Semestrielle,Non,Carte bancaire,12
CTR-00877,CLT-0879,PRD-006,AGT-044,AGC-007,2023-01-04,2023-12-30,Expiré,19155000,2107000,Mensuelle,Oui,Mobile Money,12
CTR-00878,CLT-0624,PRD-004,AGT-047,AGC-008,2024-10-24,2026-10-14,Actif,9338000,654000,Trimestrielle,Non,Virement bancaire,24
CTR-00879,CLT-0505,PRD-005,AGT-036,AGC-006,2024-04-19,2025-04-14,Expiré,2090000,125000,Semestrielle,Non,Mobile Money,12
CTR-00880,CLT-0421,PRD-008,AGT-056,AGC-011,2023-08-10,2024-08-04,Résilié,51377000,6679000,Semestrielle,Non,Mobile Money,12
CTR-00881,CLT-0851,PRD-001,AGT-012,AGC-002,2023-08-04,2025-07-24,Résilié,5915000,473000,Semestrielle,Non,Virement bancaire,24
CTR-00882,CLT-0934,PRD-001,AGT-030,AGC-005,2023-03-10,2025-02-27,Résilié,3493000,279000,Trimestrielle,Non,Chèque,24
CTR-00883,CLT-0677,PRD-001,AGT-010,AGC-002,2024-06-11,2025-06-06,Résilié,4455000,356000,Mensuelle,Non,Mobile Money,12
CTR-00884,CLT-0862,PRD-001,AGT-035,AGC-006,2024-10-07,2026-09-27,Actif,3697000,296000,Annuelle,Oui,Chèque,24
CTR-00885,CLT-0967,PRD-008,AGT-006,AGC-001,2024-12-01,2026-11-21,Actif,61141000,7948000,Trimestrielle,Non,Chèque,24
CTR-00886,CLT-0599,PRD-003,AGT-002,AGC-001,2023-03-27,2026-03-11,Actif,17472000,1572000,Trimestrielle,Non,Virement bancaire,36
CTR-00887,CLT-0988,PRD-002,AGT-035,AGC-006,2025-04-14,2027-04-04,Actif,7963000,796000,Trimestrielle,Non,Mobile Money,24
CTR-00888,CLT-0548,PRD-001,AGT-043,AGC-007,2025-06-20,2027-06-10,Actif,3327000,266000,Mensuelle,Non,Chèque,24
CTR-00889,CLT-0996,PRD-004,AGT-018,AGC-003,2024-07-06,2025-07-01,Résilié,3817000,267000,Mensuelle,Non,Mobile Money,12
CTR-00890,CLT-0485,PRD-005,AGT-050,AGC-009,2025-05-12,2026-05-07,Actif,1861000,112000,Trimestrielle,Oui,Carte bancaire,12
CTR-00891,CLT-0685,PRD-001,AGT-008,AGC-001,2024-11-21,2026-11-11,Actif,3998000,320000,Semestrielle,Oui,Virement bancaire,24
CTR-00892,CLT-0517,PRD-001,AGT-043,AGC-007,2024-08-15,2027-07-31,Actif,3846000,308000,Semestrielle,Non,Espèces,36
CTR-00893,CLT-0045,PRD-004,AGT-011,AGC-002,2023-09-22,2026-09-06,Actif,2619000,183000,Mensuelle,Non,Mobile Money,36
CTR-00894,CLT-0507,PRD-007,AGT-036,AGC-006,2024-05-14,2025-05-09,Résilié,44547000,5346000,Semestrielle,Non,Mobile Money,12
CTR-00895,CLT-0387,PRD-003,AGT-048,AGC-008,2024-08-17,2026-08-07,Actif,12658000,1139000,Trimestrielle,Non,Mobile Money,24
CTR-00896,CLT-0047,PRD-007,AGT-058,AGC-011,2024-10-17,2025-10-12,Expiré,35640000,4277000,Mensuelle,Oui,Virement bancaire,12
CTR-00897,CLT-0027,PRD-002,AGT-026,AGC-004,2023-03-08,2024-03-02,Expiré,6704000,670000,Mensuelle,Non,Chèque,12
CTR-00898,CLT-0594,PRD-006,AGT-052,AGC-009,2023-10-09,2024-10-03,Expiré,15051000,1656000,Annuelle,Non,Mobile Money,12
CTR-00899,CLT-0548,PRD-003,AGT-041,AGC-007,2024-09-20,2025-09-15,Expiré,14820000,1334000,Mensuelle,Non,Chèque,12
CTR-00900,CLT-0540,PRD-003,AGT-033,AGC-005,2023-01-23,2025-01-12,Expiré,6599000,594000,Annuelle,Oui,Virement bancaire,24
CTR-00901,CLT-0775,PRD-008,AGT-012,AGC-002,2025-04-20,2027-04-10,Actif,68605000,8919000,Mensuelle,Oui,Virement bancaire,24
CTR-00902,CLT-0916,PRD-001,AGT-013,AGC-002,2023-02-14,2026-01-29,Actif,2624000,210000,Trimestrielle,Non,Carte bancaire,36
CTR-00903,CLT-0718,PRD-001,AGT-005,AGC-001,2025-02-07,2026-02-02,Actif,2006000,160000,Mensuelle,Oui,Mobile Money,12
CTR-00904,CLT-0033,PRD-007,AGT-042,AGC-007,2023-01-29,2025-01-18,Expiré,52256000,6271000,Semestrielle,Oui,Carte bancaire,24
CTR-00905,CLT-0954,PRD-006,AGT-046,AGC-008,2024-12-17,2025-12-12,Expiré,20060000,2207000,Trimestrielle,Non,Chèque,12
CTR-00906,CLT-0747,PRD-001,AGT-024,AGC-003,2024-07-18,2025-07-13,Expiré,3050000,244000,Annuelle,Non,Espèces,12
CTR-00907,CLT-0232,PRD-007,AGT-038,AGC-006,2024-10-03,2025-09-28,Expiré,48397000,5808000,Semestrielle,Non,Chèque,12
CTR-00908,CLT-0716,PRD-008,AGT-022,AGC-003,2024-07-16,2025-07-11,Résilié,43587000,5666000,Trimestrielle,Non,Carte bancaire,12
CTR-00909,CLT-0093,PRD-003,AGT-032,AGC-005,2025-04-02,2027-03-23,Actif,4328000,390000,Semestrielle,Non,Virement bancaire,24
CTR-00910,CLT-0060,PRD-007,AGT-047,AGC-008,2023-09-10,2025-08-30,Expiré,44738000,5369000,Mensuelle,Oui,Espèces,24
CTR-00911,CLT-0700,PRD-006,AGT-016,AGC-002,2023-08-01,2024-07-26,Expiré,24517000,2697000,Mensuelle,Non,Virement bancaire,12
CTR-00912,CLT-0336,PRD-003,AGT-008,AGC-001,2023-01-08,2024-01-03,Expiré,10816000,973000,Mensuelle,Oui,Mobile Money,12
CTR-00913,CLT-0595,PRD-002,AGT-007,AGC-001,2024-01-20,2026-01-09,Actif,7721000,772000,Annuelle,Non,Virement bancaire,24
CTR-00914,CLT-0442,PRD-004,AGT-007,AGC-001,2023-09-26,2024-09-20,Résilié,8520000,596000,Trimestrielle,Non,Carte bancaire,12
CTR-00915,CLT-0502,PRD-006,AGT-018,AGC-003,2024-08-07,2025-08-02,Résilié,24548000,2700000,Annuelle,Non,Espèces,12
CTR-00916,CLT-0519,PRD-007,AGT-003,AGC-001,2023-09-06,2025-08-26,Expiré,75523000,9063000,Annuelle,Non,Carte bancaire,24
CTR-00917,CLT-0189,PRD-006,AGT-020,AGC-003,2023-02-25,2024-02-20,Expiré,17073000,1878000,Annuelle,Oui,Espèces,12
CTR-00918,CLT-0955,PRD-005,AGT-003,AGC-001,2023-05-02,2024-04-26,Expiré,2419000,145000,Trimestrielle,Non,Carte bancaire,12
CTR-00919,CLT-0711,PRD-005,AGT-012,AGC-002,2025-02-21,2026-02-16,Actif,448000,27000,Mensuelle,Oui,Mobile Money,12
CTR-00920,CLT-0103,PRD-001,AGT-055,AGC-010,2025-04-14,2028-03-29,Actif,3367000,269000,Trimestrielle,Non,Espèces,36
CTR-00921,CLT-0779,PRD-008,AGT-025,AGC-004,2024-04-30,2025-04-25,Résilié,51090000,6642000,Trimestrielle,Non,Virement bancaire,12
CTR-00922,CLT-0201,PRD-007,AGT-006,AGC-001,2024-03-30,2027-03-15,Actif,82603000,9912000,Mensuelle,Non,Espèces,36
CTR-00923,CLT-0736,PRD-003,AGT-012,AGC-002,2024-10-15,2026-10-05,Actif,3914000,352000,Annuelle,Non,Espèces,24
CTR-00924,CLT-0542,PRD-002,AGT-043,AGC-007,2023-12-17,2024-12-11,Expiré,8710000,871000,Annuelle,Non,Espèces,12
CTR-00925,CLT-0568,PRD-003,AGT-046,AGC-008,2024-01-13,2026-12-28,Actif,14376000,1294000,Mensuelle,Oui,Virement bancaire,36
CTR-00926,CLT-0712,PRD-006,AGT-027,AGC-004,2024-01-06,2025-12-26,Résilié,10367000,1140000,Mensuelle,Non,Chèque,24
CTR-00927,CLT-0261,PRD-002,AGT-023,AGC-003,2024-04-23,2025-04-18,Expiré,9326000,933000,Mensuelle,Non,Chèque,12
CTR-00928,CLT-0158,PRD-008,AGT-060,AGC-012,2025-02-27,2026-02-22,Actif,72401000,9412000,Trimestrielle,Non,Chèque,12
CTR-00929,CLT-0752,PRD-007,AGT-008,AGC-001,2025-03-03,2026-02-26,Actif,32852000,3942000,Semestrielle,Non,Virement bancaire,12
CTR-00930,CLT-0171,PRD-004,AGT-009,AGC-001,2024-07-05,2025-06-30,Expiré,2509000,176000,Semestrielle,Non,Virement bancaire,12
CTR-00931,CLT-0063,PRD-007,AGT-007,AGC-001,2023-09-10,2025-08-30,Expiré,45738000,5489000,Trimestrielle,Oui,Chèque,24
CTR-00932,CLT-0236,PRD-003,AGT-031,AGC-005,2023-10-01,2025-09-20,Expiré,13173000,1186000,Mensuelle,Non,Carte bancaire,24
CTR-00933,CLT-0884,PRD-006,AGT-035,AGC-006,2024-06-11,2025-06-06,Résilié,13811000,1519000,Trimestrielle,Non,Mobile Money,12
CTR-00934,CLT-0069,PRD-007,AGT-019,AGC-003,2023-10-13,2024-10-07,Résilié,57776000,6933000,Mensuelle,Non,Mobile Money,12
CTR-00935,CLT-0846,PRD-004,AGT-047,AGC-008,2024-12-05,2025-11-30,Expiré,3522000,247000,Semestrielle,Non,Espèces,12
CTR-00936,CLT-0703,PRD-005,AGT-055,AGC-010,2024-11-16,2025-11-11,Expiré,571000,34000,Annuelle,Non,Mobile Money,12
CTR-00937,CLT-0262,PRD-007,AGT-044,AGC-007,2024-08-04,2025-07-30,Résilié,36385000,4366000,Annuelle,Non,Carte bancaire,12
CTR-00938,CLT-0783,PRD-005,AGT-006,AGC-001,2024-05-07,2025-05-02,Expiré,1355000,81000,Trimestrielle,Non,Espèces,12
CTR-00939,CLT-0386,PRD-002,AGT-048,AGC-008,2024-12-28,2025-12-23,Expiré,16969000,1697000,Semestrielle,Non,Virement bancaire,12
CTR-00940,CLT-0167,PRD-004,AGT-011,AGC-002,2023-06-04,2026-05-19,Actif,8897000,623000,Trimestrielle,Non,Mobile Money,36
CTR-00941,CLT-0837,PRD-001,AGT-053,AGC-010,2023-06-26,2024-06-20,Expiré,2150000,172000,Annuelle,Non,Espèces,12
CTR-00942,CLT-0125,PRD-001,AGT-003,AGC-001,2023-08-24,2024-08-18,Expiré,1721000,138000,Trimestrielle,Non,Mobile Money,12
CTR-00943,CLT-0047,PRD-008,AGT-029,AGC-004,2024-11-18,2026-11-08,Actif,100880000,13114000,Semestrielle,Non,Espèces,24
CTR-00944,CLT-0561,PRD-001,AGT-015,AGC-002,2024-01-28,2026-01-17,Actif,2511000,201000,Mensuelle,Non,Virement bancaire,24
CTR-00945,CLT-0951,PRD-002,AGT-011,AGC-002,2024-08-26,2025-08-21,Expiré,9640000,964000,Annuelle,Oui,Carte bancaire,12
CTR-00946,CLT-0657,PRD-001,AGT-016,AGC-002,2025-06-06,2028-05-21,Actif,4219000,338000,Mensuelle,Non,Espèces,36
CTR-00947,CLT-0751,PRD-006,AGT-007,AGC-001,2023-07-06,2024-06-30,Résilié,16950000,1864000,Trimestrielle,Non,Virement bancaire,12
CTR-00948,CLT-0389,PRD-003,AGT-001,AGC-001,2024-12-06,2025-12-01,Expiré,13763000,1239000,Mensuelle,Non,Espèces,12
CTR-00949,CLT-0927,PRD-005,AGT-054,AGC-010,2025-06-07,2026-06-02,Actif,830000,50000,Annuelle,Non,Mobile Money,12
CTR-00950,CLT-0289,PRD-001,AGT-020,AGC-003,2023-04-13,2024-04-07,Résilié,5661000,453000,Mensuelle,Non,Virement bancaire,12
CTR-00951,CLT-0043,PRD-004,AGT-009,AGC-001,2025-02-17,2026-02-12,Actif,7755000,543000,Semestrielle,Oui,Mobile Money,12
CTR-00952,CLT-0744,PRD-004,AGT-036,AGC-006,2024-02-02,2026-01-22,Actif,7494000,525000,Trimestrielle,Non,Virement bancaire,24
CTR-00953,CLT-0533,PRD-007,AGT-033,AGC-005,2024-06-25,2027-06-10,Actif,43021000,5163000,Semestrielle,Non,Mobile Money,36
CTR-00954,CLT-0380,PRD-007,AGT-020,AGC-003,2024-04-09,2026-03-30,Actif,46592000,5591000,Mensuelle,Non,Virement bancaire,24
CTR-00955,CLT-0130,PRD-001,AGT-007,AGC-001,2025-06-21,2027-06-11,Actif,4959000,397000,Annuelle,Non,Mobile Money,24
CTR-00956,CLT-0573,PRD-007,AGT-010,AGC-002,2023-11-06,2026-10-21,Actif,57837000,6940000,Annuelle,Oui,Carte bancaire,36
CTR-00957,CLT-0378,PRD-008,AGT-057,AGC-011,2024-01-05,2024-12-30,Expiré,130392000,16951000,Trimestrielle,Oui,Virement bancaire,12
CTR-00958,CLT-0688,PRD-006,AGT-028,AGC-004,2024-09-08,2025-09-03,Expiré,15836000,1742000,Semestrielle,Non,Espèces,12
CTR-00959,CLT-0095,PRD-005,AGT-031,AGC-005,2024-03-22,2025-03-17,Expiré,1627000,98000,Trimestrielle,Non,Espèces,12
CTR-00960,CLT-0055,PRD-007,AGT-054,AGC-010,2025-01-08,2026-12-29,Actif,23320000,2798000,Annuelle,Oui,Mobile Money,24
CTR-00961,CLT-0301,PRD-003,AGT-049,AGC-009,2023-11-23,2024-11-17,Expiré,3035000,273000,Mensuelle,Non,Carte bancaire,12
CTR-00962,CLT-0509,PRD-007,AGT-040,AGC-007,2025-01-21,2026-01-16,Actif,41606000,4993000,Semestrielle,Oui,Mobile Money,12
CTR-00963,CLT-0282,PRD-008,AGT-019,AGC-003,2025-04-27,2026-04-22,Actif,78571000,10214000,Mensuelle,Non,Espèces,12
CTR-00964,CLT-0574,PRD-005,AGT-054,AGC-010,2023-01-06,2024-01-01,Expiré,1734000,104000,Trimestrielle,Non,Espèces,12
CTR-00965,CLT-0269,PRD-006,AGT-012,AGC-002,2024-03-05,2025-02-28,Résilié,15845000,1743000,Annuelle,Non,Carte bancaire,12
CTR-00966,CLT-0007,PRD-004,AGT-006,AGC-001,2024-07-29,2026-07-19,Actif,7271000,509000,Mensuelle,Oui,Mobile Money,24
CTR-00967,CLT-0002,PRD-005,AGT-049,AGC-009,2025-04-15,2027-04-05,Actif,1212000,73000,Semestrielle,Non,Espèces,24
CTR-00968,CLT-0372,PRD-002,AGT-048,AGC-008,2023-02-24,2025-02-13,Expiré,4351000,435000,Annuelle,Non,Virement bancaire,24
CTR-00969,CLT-0697,PRD-001,AGT-057,AGC-011,2024-12-18,2026-12-08,Actif,3788000,303000,Semestrielle,Non,Mobile Money,24
CTR-00970,CLT-0729,PRD-003,AGT-012,AGC-002,2025-03-27,2026-03-22,Actif,8620000,776000,Semestrielle,Non,Carte bancaire,12
CTR-00971,CLT-0423,PRD-003,AGT-032,AGC-005,2024-04-28,2026-04-18,Actif,12469000,1122000,Annuelle,Non,Carte bancaire,24
CTR-00972,CLT-0528,PRD-008,AGT-059,AGC-012,2025-04-04,2026-03-30,Actif,55381000,7200000,Annuelle,Oui,Carte bancaire,12
CTR-00973,CLT-0037,PRD-002,AGT-006,AGC-001,2025-03-04,2026-02-27,Actif,8886000,889000,Mensuelle,Oui,Mobile Money,12
CTR-00974,CLT-0304,PRD-002,AGT-055,AGC-010,2024-01-04,2024-12-29,Expiré,16718000,1672000,Annuelle,Oui,Espèces,12
CTR-00975,CLT-0543,PRD-001,AGT-052,AGC-009,2023-02-09,2025-01-29,Expiré,5524000,442000,Semestrielle,Oui,Mobile Money,24
CTR-00976,CLT-0307,PRD-008,AGT-029,AGC-004,2023-11-07,2026-10-22,Actif,38844000,5050000,Annuelle,Oui,Carte bancaire,36
CTR-00977,CLT-0646,PRD-008,AGT-012,AGC-002,2024-07-07,2025-07-02,Expiré,48414000,6294000,Mensuelle,Oui,Espèces,12
CTR-00978,CLT-0369,PRD-003,AGT-018,AGC-003,2024-01-08,2026-12-23,Actif,4913000,442000,Semestrielle,Non,Espèces,36
CTR-00979,CLT-0035,PRD-004,AGT-024,AGC-003,2023-11-29,2024-11-23,Expiré,6899000,483000,Semestrielle,Non,Virement bancaire,12
CTR-00980,CLT-0911,PRD-002,AGT-056,AGC-011,2024-04-18,2026-04-08,Actif,11531000,1153000,Annuelle,Oui,Espèces,24
CTR-00981,CLT-0337,PRD-007,AGT-043,AGC-007,2024-11-29,2025-11-24,Expiré,18857000,2263000,Trimestrielle,Non,Virement bancaire,12
CTR-00982,CLT-0942,PRD-002,AGT-047,AGC-008,2024-12-16,2027-12-01,Actif,9461000,946000,Annuelle,Non,Virement bancaire,36
CTR-00983,CLT-0187,PRD-003,AGT-015,AGC-002,2025-06-11,2028-05-26,Actif,3127000,281000,Annuelle,Non,Virement bancaire,36
CTR-00984,CLT-0052,PRD-001,AGT-004,AGC-001,2025-06-02,2027-05-23,Actif,2141000,171000,Annuelle,Non,Virement bancaire,24
CTR-00985,CLT-0703,PRD-004,AGT-022,AGC-003,2023-12-14,2024-12-08,Expiré,8691000,608000,Annuelle,Non,Virement bancaire,12
CTR-00986,CLT-0865,PRD-001,AGT-030,AGC-005,2023-12-29,2025-12-18,Expiré,2782000,223000,Mensuelle,Oui,Carte bancaire,24
CTR-00987,CLT-0068,PRD-001,AGT-060,AGC-012,2024-11-24,2026-11-14,Actif,4894000,392000,Mensuelle,Non,Virement bancaire,24
CTR-00988,CLT-0593,PRD-001,AGT-012,AGC-002,2023-02-02,2025-01-22,Expiré,3273000,262000,Annuelle,Non,Espèces,24
CTR-00989,CLT-0556,PRD-002,AGT-030,AGC-005,2023-08-15,2026-07-30,Actif,6694000,669000,Annuelle,Non,Chèque,36
CTR-00990,CLT-0368,PRD-003,AGT-042,AGC-007,2024-12-03,2025-11-28,Expiré,7336000,660000,Mensuelle,Oui,Chèque,12
CTR-00991,CLT-0584,PRD-008,AGT-001,AGC-001,2024-02-12,2025-02-06,Résilié,99932000,12991000,Trimestrielle,Non,Espèces,12
CTR-00992,CLT-0397,PRD-006,AGT-025,AGC-004,2025-03-07,2027-02-25,Actif,9833000,1082000,Mensuelle,Non,Virement bancaire,24
CTR-00993,CLT-0734,PRD-007,AGT-013,AGC-002,2024-08-06,2026-07-27,Actif,31099000,3732000,Annuelle,Non,Carte bancaire,24
CTR-00994,CLT-0022,PRD-001,AGT-028,AGC-004,2025-02-15,2027-02-05,Actif,2050000,164000,Mensuelle,Oui,Virement bancaire,24
CTR-00995,CLT-0849,PRD-001,AGT-028,AGC-004,2023-11-17,2024-11-11,Résilié,2143000,171000,Mensuelle,Non,Mobile Money,12
CTR-00996,CLT-0189,PRD-004,AGT-039,AGC-006,2024-12-20,2026-12-10,Actif,3532000,247000,Trimestrielle,Oui,Espèces,24
CTR-00997,CLT-0016,PRD-006,AGT-001,AGC-001,2024-10-20,2026-10-10,Actif,13435000,1478000,Trimestrielle,Non,Espèces,24
CTR-00998,CLT-0783,PRD-008,AGT-033,AGC-005,2024-06-06,2025-06-01,Expiré,81480000,10592000,Trimestrielle,Oui,Mobile Money,12
CTR-00999,CLT-0814,PRD-001,AGT-057,AGC-011,2024-11-25,2025-11-20,Résilié,4692000,375000,Trimestrielle,Non,Carte bancaire,12
CTR-01000,CLT-0577,PRD-004,AGT-060,AGC-012,2023-11-28,2025-11-17,Résilié,2614000,183000,Semestrielle,Non,Virement bancaire,24
CTR-01001,CLT-0434,PRD-002,AGT-019,AGC-003,2025-05-13,2026-05-08,Actif,9368000,937000,Annuelle,Non,Carte bancaire,12
CTR-01002,CLT-0145,PRD-003,AGT-019,AGC-003,2023-03-21,2024-03-15,Résilié,20618000,1856000,Semestrielle,Non,Espèces,12
CTR-01003,CLT-0930,PRD-003,AGT-006,AGC-001,2025-05-12,2026-05-07,Actif,13963000,1257000,Mensuelle,Non,Mobile Money,12
CTR-01004,CLT-0981,PRD-001,AGT-039,AGC-006,2025-01-12,2027-01-02,Actif,2223000,178000,Trimestrielle,Non,Espèces,24
CTR-01005,CLT-0587,PRD-008,AGT-042,AGC-007,2024-08-02,2025-07-28,Expiré,23405000,3043000,Trimestrielle,Oui,Mobile Money,12
CTR-01006,CLT-0564,PRD-001,AGT-032,AGC-005,2024-08-05,2026-07-26,Actif,3916000,313000,Semestrielle,Non,Espèces,24
CTR-01007,CLT-0570,PRD-004,AGT-042,AGC-007,2023-08-31,2024-08-25,Expiré,6896000,483000,Mensuelle,Non,Chèque,12
CTR-01008,CLT-0624,PRD-008,AGT-029,AGC-004,2024-05-06,2026-04-26,Actif,90628000,11782000,Annuelle,Oui,Mobile Money,24
CTR-01009,CLT-0055,PRD-005,AGT-059,AGC-012,2023-06-22,2025-06-11,Expiré,303000,18000,Mensuelle,Oui,Mobile Money,24
CTR-01010,CLT-0131,PRD-005,AGT-050,AGC-009,2023-05-19,2025-05-08,Expiré,854000,51000,Trimestrielle,Oui,Mobile Money,24
CTR-01011,CLT-0217,PRD-006,AGT-058,AGC-011,2025-02-04,2026-01-30,Actif,13429000,1477000,Trimestrielle,Non,Virement bancaire,12
CTR-01012,CLT-0201,PRD-006,AGT-035,AGC-006,2023-05-11,2024-05-05,Expiré,10445000,1149000,Semestrielle,Non,Mobile Money,12
CTR-01013,CLT-0135,PRD-001,AGT-020,AGC-003,2025-05-20,2028-05-04,Actif,3934000,315000,Trimestrielle,Oui,Espèces,36
CTR-01014,CLT-0921,PRD-006,AGT-002,AGC-001,2024-03-03,2025-02-26,Expiré,16224000,1785000,Semestrielle,Oui,Carte bancaire,12
CTR-01015,CLT-0353,PRD-006,AGT-033,AGC-005,2024-04-12,2025-04-07,Expiré,16691000,1836000,Mensuelle,Non,Carte bancaire,12
CTR-01016,CLT-0701,PRD-001,AGT-002,AGC-001,2024-03-01,2026-02-19,Actif,4345000,348000,Mensuelle,Non,Mobile Money,24
CTR-01017,CLT-0886,PRD-005,AGT-050,AGC-009,2024-08-19,2026-08-09,Actif,2244000,135000,Annuelle,Oui,Mobile Money,24
CTR-01018,CLT-0863,PRD-008,AGT-032,AGC-005,2023-03-10,2025-02-27,Expiré,26313000,3421000,Annuelle,Oui,Chèque,24
CTR-01019,CLT-0430,PRD-004,AGT-027,AGC-004,2024-02-20,2025-02-14,Expiré,9498000,665000,Annuelle,Non,Mobile Money,12
CTR-01020,CLT-0772,PRD-007,AGT-004,AGC-001,2024-12-18,2025-12-13,Expiré,38516000,4622000,Trimestrielle,Non,Espèces,12
CTR-01021,CLT-0596,PRD-002,AGT-047,AGC-008,2023-11-04,2025-10-24,Expiré,9170000,917000,Semestrielle,Non,Virement bancaire,24
CTR-01022,CLT-0194,PRD-006,AGT-032,AGC-005,2023-01-09,2024-01-04,Expiré,8345000,918000,Annuelle,Oui,Mobile Money,12
CTR-01023,CLT-0445,PRD-007,AGT-005,AGC-001,2023-05-31,2024-05-25,Expiré,43273000,5193000,Semestrielle,Non,Chèque,12
CTR-01024,CLT-0569,PRD-005,AGT-012,AGC-002,2023-04-14,2025-04-03,Résilié,2051000,123000,Annuelle,Non,Mobile Money,24
CTR-01025,CLT-0505,PRD-008,AGT-034,AGC-005,2023-04-11,2025-03-31,Résilié,26064000,3388000,Mensuelle,Non,Mobile Money,24
CTR-01026,CLT-0841,PRD-006,AGT-039,AGC-006,2024-11-30,2025-11-25,Expiré,16194000,1781000,Annuelle,Non,Virement bancaire,12
CTR-01027,CLT-0986,PRD-008,AGT-056,AGC-011,2025-06-29,2026-06-24,Actif,19320000,2512000,Mensuelle,Non,Mobile Money,12
CTR-01028,CLT-0208,PRD-008,AGT-004,AGC-001,2023-03-21,2024-03-15,Résilié,78625000,10221000,Trimestrielle,Non,Mobile Money,12
CTR-01029,CLT-0383,PRD-008,AGT-017,AGC-002,2025-03-08,2027-02-26,Actif,83710000,10882000,Mensuelle,Non,Mobile Money,24
CTR-01030,CLT-0465,PRD-003,AGT-042,AGC-007,2025-01-09,2026-12-30,Actif,13818000,1244000,Annuelle,Non,Mobile Money,24
CTR-01031,CLT-0246,PRD-003,AGT-032,AGC-005,2024-02-07,2025-02-01,Expiré,12323000,1109000,Annuelle,Oui,Mobile Money,12
CTR-01032,CLT-0928,PRD-002,AGT-006,AGC-001,2023-10-20,2024-10-14,Expiré,17009000,1701000,Annuelle,Non,Chèque,12
CTR-01033,CLT-0940,PRD-008,AGT-027,AGC-004,2023-07-09,2025-06-28,Expiré,39232000,5100000,Semestrielle,Non,Mobile Money,24
CTR-01034,CLT-0865,PRD-003,AGT-004,AGC-001,2023-01-14,2024-01-09,Résilié,4641000,418000,Trimestrielle,Non,Virement bancaire,12
CTR-01035,CLT-0122,PRD-002,AGT-024,AGC-003,2023-10-20,2024-10-14,Expiré,10060000,1006000,Mensuelle,Non,Carte bancaire,12
CTR-01036,CLT-0162,PRD-008,AGT-047,AGC-008,2025-03-06,2026-03-01,Actif,38171000,4962000,Mensuelle,Non,Virement bancaire,12
CTR-01037,CLT-0226,PRD-005,AGT-018,AGC-003,2024-11-28,2027-11-13,Actif,366000,22000,Semestrielle,Non,Mobile Money,36
CTR-01038,CLT-0544,PRD-007,AGT-053,AGC-010,2023-05-04,2024-04-28,Expiré,50158000,6019000,Semestrielle,Non,Mobile Money,12
CTR-01039,CLT-0215,PRD-003,AGT-060,AGC-012,2025-01-26,2027-01-16,Actif,10005000,900000,Annuelle,Non,Mobile Money,24
CTR-01040,CLT-0865,PRD-005,AGT-054,AGC-010,2023-02-19,2024-02-14,Expiré,2423000,145000,Annuelle,Non,Virement bancaire,12
CTR-01041,CLT-0709,PRD-004,AGT-046,AGC-008,2023-08-16,2026-07-31,Actif,5240000,367000,Trimestrielle,Oui,Virement bancaire,36
CTR-01042,CLT-0417,PRD-002,AGT-025,AGC-004,2023-10-13,2026-09-27,Actif,9166000,917000,Annuelle,Oui,Virement bancaire,36
CTR-01043,CLT-0835,PRD-001,AGT-022,AGC-003,2023-03-06,2024-02-29,Résilié,2639000,211000,Trimestrielle,Non,Chèque,12
CTR-01044,CLT-0038,PRD-001,AGT-003,AGC-001,2025-01-16,2026-01-11,Actif,3202000,256000,Semestrielle,Oui,Chèque,12
CTR-01045,CLT-0123,PRD-003,AGT-031,AGC-005,2024-08-10,2026-07-31,Actif,4481000,403000,Annuelle,Non,Mobile Money,24
CTR-01046,CLT-0643,PRD-005,AGT-026,AGC-004,2023-02-05,2024-01-31,Expiré,2015000,121000,Mensuelle,Non,Carte bancaire,12
CTR-01047,CLT-0181,PRD-008,AGT-003,AGC-001,2024-08-12,2026-08-02,Actif,119442000,15527000,Trimestrielle,Non,Virement bancaire,24
CTR-01048,CLT-0990,PRD-005,AGT-050,AGC-009,2023-08-29,2024-08-23,Expiré,2199000,132000,Mensuelle,Non,Virement bancaire,12
CTR-01049,CLT-0916,PRD-004,AGT-030,AGC-005,2023-10-22,2024-10-16,Expiré,6854000,480000,Annuelle,Non,Carte bancaire,12
CTR-01050,CLT-0231,PRD-001,AGT-018,AGC-003,2024-06-03,2025-05-29,Expiré,2890000,231000,Semestrielle,Non,Mobile Money,12
CTR-01051,CLT-0524,PRD-002,AGT-030,AGC-005,2025-02-21,2026-02-16,Actif,5267000,527000,Trimestrielle,Non,Espèces,12
CTR-01052,CLT-0504,PRD-001,AGT-020,AGC-003,2024-10-22,2026-10-12,Actif,4383000,351000,Annuelle,Non,Virement bancaire,24
CTR-01053,CLT-0574,PRD-005,AGT-011,AGC-002,2025-05-29,2026-05-24,Actif,2046000,123000,Annuelle,Non,Carte bancaire,12
CTR-01054,CLT-0547,PRD-007,AGT-048,AGC-008,2023-07-25,2024-07-19,Expiré,20730000,2488000,Annuelle,Oui,Mobile Money,12
CTR-01055,CLT-0708,PRD-008,AGT-003,AGC-001,2024-12-30,2025-12-25,Expiré,71579000,9305000,Annuelle,Oui,Mobile Money,12
CTR-01056,CLT-0687,PRD-007,AGT-031,AGC-005,2023-07-02,2025-06-21,Expiré,12858000,1543000,Annuelle,Oui,Chèque,24
CTR-01057,CLT-0346,PRD-002,AGT-038,AGC-006,2023-09-06,2025-08-26,Expiré,11843000,1184000,Mensuelle,Non,Carte bancaire,24
CTR-01058,CLT-0118,PRD-004,AGT-017,AGC-002,2023-10-10,2024-10-04,Expiré,5399000,378000,Annuelle,Oui,Chèque,12
CTR-01059,CLT-0791,PRD-001,AGT-031,AGC-005,2023-01-14,2025-01-03,Expiré,4212000,337000,Semestrielle,Oui,Mobile Money,24
CTR-01060,CLT-0294,PRD-005,AGT-017,AGC-002,2024-11-03,2025-10-29,Expiré,1907000,114000,Mensuelle,Non,Mobile Money,12
CTR-01061,CLT-0583,PRD-001,AGT-002,AGC-001,2024-01-13,2025-01-07,Résilié,2437000,195000,Mensuelle,Non,Carte bancaire,12
CTR-01062,CLT-0690,PRD-003,AGT-018,AGC-003,2024-08-06,2027-07-22,Actif,5188000,467000,Semestrielle,Non,Mobile Money,36
CTR-01063,CLT-0329,PRD-003,AGT-026,AGC-004,2023-03-03,2024-02-26,Expiré,4645000,418000,Trimestrielle,Oui,Espèces,12
CTR-01064,CLT-0016,PRD-001,AGT-052,AGC-009,2023-04-09,2024-04-03,Expiré,2024000,162000,Mensuelle,Oui,Mobile Money,12
CTR-01065,CLT-0734,PRD-003,AGT-057,AGC-011,2024-04-18,2025-04-13,Expiré,9624000,866000,Trimestrielle,Non,Mobile Money,12
CTR-01066,CLT-0169,PRD-003,AGT-053,AGC-010,2023-03-23,2025-03-12,Résilié,5224000,470000,Trimestrielle,Non,Mobile Money,24
CTR-01067,CLT-0783,PRD-001,AGT-058,AGC-011,2024-08-13,2027-07-29,Actif,3372000,270000,Trimestrielle,Non,Mobile Money,36
CTR-01068,CLT-0861,PRD-005,AGT-014,AGC-002,2023-07-27,2024-07-21,Expiré,1994000,120000,Mensuelle,Non,Chèque,12
CTR-01069,CLT-0689,PRD-006,AGT-032,AGC-005,2023-07-06,2024-06-30,Expiré,13518000,1487000,Trimestrielle,Non,Espèces,12
CTR-01070,CLT-0358,PRD-004,AGT-020,AGC-003,2024-07-30,2026-07-20,Actif,11515000,806000,Mensuelle,Oui,Espèces,24
CTR-01071,CLT-0144,PRD-003,AGT-033,AGC-005,2023-11-10,2024-11-04,Expiré,8223000,740000,Semestrielle,Non,Virement bancaire,12
CTR-01072,CLT-0946,PRD-002,AGT-057,AGC-011,2025-04-15,2026-04-10,Actif,13393000,1339000,Annuelle,Oui,Mobile Money,12
CTR-01073,CLT-0339,PRD-001,AGT-020,AGC-003,2023-11-19,2025-11-08,Expiré,1632000,131000,Annuelle,Non,Virement bancaire,24
CTR-01074,CLT-0632,PRD-002,AGT-025,AGC-004,2023-04-23,2025-04-12,Expiré,6865000,686000,Trimestrielle,Non,Mobile Money,24
CTR-01075,CLT-0051,PRD-005,AGT-030,AGC-005,2023-07-03,2024-06-27,Expiré,1464000,88000,Semestrielle,Non,Mobile Money,12
CTR-01076,CLT-0241,PRD-008,AGT-051,AGC-009,2024-06-21,2026-06-11,Actif,87436000,11367000,Trimestrielle,Oui,Mobile Money,24
CTR-01077,CLT-0945,PRD-002,AGT-036,AGC-006,2023-11-02,2026-10-17,Actif,10030000,1003000,Annuelle,Non,Mobile Money,36
CTR-01078,CLT-0227,PRD-002,AGT-011,AGC-002,2025-03-21,2027-03-11,Actif,8896000,890000,Annuelle,Non,Virement bancaire,24
CTR-01079,CLT-0772,PRD-005,AGT-051,AGC-009,2023-10-10,2024-10-04,Expiré,1565000,94000,Trimestrielle,Non,Espèces,12
CTR-01080,CLT-0778,PRD-005,AGT-039,AGC-006,2023-06-25,2024-06-19,Expiré,1022000,61000,Semestrielle,Non,Mobile Money,12
CTR-01081,CLT-0958,PRD-002,AGT-034,AGC-005,2024-10-19,2026-10-09,Actif,8179000,818000,Mensuelle,Non,Mobile Money,24
CTR-01082,CLT-0107,PRD-008,AGT-060,AGC-012,2023-05-13,2024-05-07,Expiré,95647000,12434000,Trimestrielle,Non,Mobile Money,12
CTR-01083,CLT-0873,PRD-004,AGT-016,AGC-002,2024-01-15,2025-01-09,Résilié,2923000,205000,Annuelle,Non,Espèces,12
CTR-01084,CLT-0011,PRD-001,AGT-016,AGC-002,2025-05-18,2026-05-13,Actif,4751000,380000,Semestrielle,Oui,Virement bancaire,12
CTR-01085,CLT-0843,PRD-001,AGT-054,AGC-010,2023-04-20,2024-04-14,Expiré,4068000,325000,Annuelle,Non,Carte bancaire,12
CTR-01086,CLT-0542,PRD-006,AGT-020,AGC-003,2024-08-19,2025-08-14,Expiré,14427000,1587000,Annuelle,Oui,Chèque,12
CTR-01087,CLT-0081,PRD-008,AGT-030,AGC-005,2023-09-25,2025-09-14,Expiré,29186000,3794000,Trimestrielle,Non,Mobile Money,24
CTR-01088,CLT-0075,PRD-002,AGT-032,AGC-005,2023-02-19,2025-02-08,Expiré,6889000,689000,Mensuelle,Non,Virement bancaire,24
CTR-01089,CLT-0139,PRD-001,AGT-014,AGC-002,2024-04-13,2025-04-08,Expiré,2228000,178000,Trimestrielle,Oui,Virement bancaire,12
CTR-01090,CLT-0732,PRD-004,AGT-028,AGC-004,2025-03-11,2027-03-01,Actif,7818000,547000,Annuelle,Oui,Chèque,24
CTR-01091,CLT-0667,PRD-002,AGT-041,AGC-007,2024-08-05,2026-07-26,Actif,7051000,705000,Mensuelle,Non,Carte bancaire,24
CTR-01092,CLT-0670,PRD-001,AGT-038,AGC-006,2024-03-24,2026-03-14,Actif,1725000,138000,Annuelle,Oui,Mobile Money,24
CTR-01093,CLT-0862,PRD-002,AGT-009,AGC-001,2025-03-23,2027-03-13,Actif,6933000,693000,Mensuelle,Oui,Virement bancaire,24
CTR-01094,CLT-0967,PRD-002,AGT-019,AGC-003,2024-04-04,2026-03-25,Actif,9839000,984000,Annuelle,Non,Espèces,24
CTR-01095,CLT-0137,PRD-004,AGT-004,AGC-001,2023-01-10,2024-01-05,Expiré,5890000,412000,Mensuelle,Non,Carte bancaire,12
CTR-01096,CLT-0236,PRD-001,AGT-016,AGC-002,2024-04-24,2025-04-19,Expiré,1930000,154000,Annuelle,Non,Mobile Money,12
CTR-01097,CLT-0836,PRD-001,AGT-050,AGC-009,2025-03-05,2026-02-28,Actif,4420000,354000,Trimestrielle,Non,Carte bancaire,12
CTR-01098,CLT-0059,PRD-001,AGT-036,AGC-006,2023-02-27,2024-02-22,Résilié,4686000,375000,Semestrielle,Non,Virement bancaire,12
CTR-01099,CLT-0265,PRD-007,AGT-001,AGC-001,2023-08-10,2024-08-04,Résilié,49620000,5954000,Mensuelle,Non,Mobile Money,12
CTR-01100,CLT-0470,PRD-001,AGT-059,AGC-012,2023-04-04,2024-03-29,Expiré,2072000,166000,Mensuelle,Non,Carte bancaire,12
CTR-01101,CLT-0060,PRD-003,AGT-054,AGC-010,2025-05-01,2026-04-26,Actif,13597000,1224000,Annuelle,Non,Espèces,12
CTR-01102,CLT-0940,PRD-003,AGT-038,AGC-006,2023-11-25,2025-11-14,Expiré,10468000,942000,Annuelle,Non,Espèces,24
CTR-01103,CLT-0271,PRD-001,AGT-022,AGC-003,2023-08-21,2024-08-15,Résilié,2039000,163000,Semestrielle,Non,Virement bancaire,12
CTR-01104,CLT-0348,PRD-004,AGT-056,AGC-011,2023-06-09,2024-06-03,Expiré,8690000,608000,Trimestrielle,Non,Mobile Money,12
CTR-01105,CLT-0547,PRD-002,AGT-012,AGC-002,2023-09-11,2024-09-05,Expiré,9353000,935000,Mensuelle,Non,Espèces,12
CTR-01106,CLT-0134,PRD-001,AGT-059,AGC-012,2024-06-27,2025-06-22,Expiré,2325000,186000,Semestrielle,Oui,Mobile Money,12
CTR-01107,CLT-0941,PRD-006,AGT-002,AGC-001,2024-04-10,2026-03-31,Actif,22259000,2448000,Semestrielle,Non,Carte bancaire,24
CTR-01108,CLT-0955,PRD-002,AGT-002,AGC-001,2024-08-24,2027-08-09,Actif,8938000,894000,Mensuelle,Non,Mobile Money,36
CTR-01109,CLT-0908,PRD-007,AGT-002,AGC-001,2023-06-26,2024-06-20,Résilié,57267000,6872000,Semestrielle,Non,Mobile Money,12
CTR-01110,CLT-0571,PRD-003,AGT-006,AGC-001,2025-05-27,2026-05-22,Actif,4732000,426000,Trimestrielle,Non,Mobile Money,12
CTR-01111,CLT-0831,PRD-002,AGT-054,AGC-010,2025-05-20,2028-05-04,Actif,11270000,1127000,Mensuelle,Non,Mobile Money,36
CTR-01112,CLT-0201,PRD-002,AGT-014,AGC-002,2024-03-29,2026-03-19,Actif,16202000,1620000,Annuelle,Oui,Mobile Money,24
CTR-01113,CLT-0614,PRD-004,AGT-020,AGC-003,2024-04-20,2025-04-15,Expiré,8021000,561000,Trimestrielle,Non,Mobile Money,12
CTR-01114,CLT-0358,PRD-001,AGT-047,AGC-008,2023-07-14,2025-07-03,Expiré,3935000,315000,Mensuelle,Non,Mobile Money,24
CTR-01115,CLT-0674,PRD-002,AGT-058,AGC-011,2025-01-28,2026-01-23,Actif,5865000,586000,Annuelle,Oui,Mobile Money,12
CTR-01116,CLT-0814,PRD-001,AGT-055,AGC-010,2023-06-07,2024-06-01,Expiré,2898000,232000,Mensuelle,Non,Virement bancaire,12
CTR-01117,CLT-0029,PRD-005,AGT-031,AGC-005,2023-06-04,2024-05-29,Expiré,1010000,61000,Annuelle,Non,Mobile Money,12
CTR-01118,CLT-0044,PRD-001,AGT-016,AGC-002,2023-08-27,2024-08-21,Expiré,4021000,322000,Trimestrielle,Oui,Carte bancaire,12
CTR-01119,CLT-0741,PRD-002,AGT-046,AGC-008,2023-02-13,2024-02-08,Expiré,11302000,1130000,Mensuelle,Non,Virement bancaire,12
CTR-01120,CLT-0348,PRD-001,AGT-011,AGC-002,2023-08-17,2025-08-06,Expiré,1642000,131000,Trimestrielle,Oui,Carte bancaire,24
CTR-01121,CLT-0722,PRD-007,AGT-002,AGC-001,2023-07-01,2025-06-20,Expiré,51442000,6173000,Trimestrielle,Non,Mobile Money,24
CTR-01122,CLT-0679,PRD-008,AGT-006,AGC-001,2024-07-05,2025-06-30,Expiré,46287000,6017000,Trimestrielle,Non,Carte bancaire,12
CTR-01123,CLT-0107,PRD-006,AGT-006,AGC-001,2023-09-26,2024-09-20,Expiré,13769000,1515000,Mensuelle,Oui,Carte bancaire,12
CTR-01124,CLT-0001,PRD-001,AGT-022,AGC-003,2024-05-29,2027-05-14,Actif,3242000,259000,Trimestrielle,Non,Carte bancaire,36
CTR-01125,CLT-0534,PRD-003,AGT-043,AGC-007,2024-10-15,2025-10-10,Résilié,7792000,701000,Trimestrielle,Non,Virement bancaire,12
CTR-01126,CLT-0611,PRD-003,AGT-005,AGC-001,2024-11-05,2025-10-31,Expiré,11578000,1042000,Mensuelle,Non,Espèces,12
CTR-01127,CLT-0188,PRD-001,AGT-040,AGC-007,2023-10-19,2024-10-13,Expiré,2259000,181000,Mensuelle,Non,Mobile Money,12
CTR-01128,CLT-0524,PRD-008,AGT-030,AGC-005,2023-04-03,2024-03-28,Expiré,26507000,3446000,Semestrielle,Non,Virement bancaire,12
CTR-01129,CLT-0628,PRD-002,AGT-040,AGC-007,2024-10-29,2025-10-24,Expiré,4887000,489000,Mensuelle,Non,Carte bancaire,12
CTR-01130,CLT-0433,PRD-003,AGT-041,AGC-007,2024-12-24,2025-12-19,Expiré,14235000,1281000,Trimestrielle,Non,Espèces,12
CTR-01131,CLT-0406,PRD-002,AGT-006,AGC-001,2024-10-08,2025-10-03,Résilié,6161000,616000,Annuelle,Non,Carte bancaire,12
CTR-01132,CLT-0564,PRD-006,AGT-058,AGC-011,2024-12-06,2025-12-01,Expiré,21206000,2333000,Annuelle,Oui,Carte bancaire,12
CTR-01133,CLT-0064,PRD-001,AGT-023,AGC-003,2024-03-18,2025-03-13,Expiré,3027000,242000,Mensuelle,Oui,Carte bancaire,12
CTR-01134,CLT-0911,PRD-002,AGT-055,AGC-010,2024-01-30,2026-01-19,Actif,11062000,1106000,Annuelle,Oui,Mobile Money,24
CTR-01135,CLT-0765,PRD-001,AGT-018,AGC-003,2025-06-23,2027-06-13,Actif,3398000,272000,Annuelle,Non,Mobile Money,24
CTR-01136,CLT-0408,PRD-003,AGT-014,AGC-002,2025-03-06,2026-03-01,Actif,22041000,1984000,Semestrielle,Oui,Carte bancaire,12
CTR-01137,CLT-0206,PRD-008,AGT-041,AGC-007,2023-04-12,2025-04-01,Résilié,69832000,9078000,Mensuelle,Non,Carte bancaire,24
CTR-01138,CLT-0473,PRD-006,AGT-040,AGC-007,2024-06-25,2025-06-20,Expiré,20285000,2231000,Mensuelle,Non,Chèque,12
CTR-01139,CLT-0494,PRD-004,AGT-001,AGC-001,2024-03-08,2026-02-26,Actif,8531000,597000,Mensuelle,Non,Virement bancaire,24
CTR-01140,CLT-0957,PRD-004,AGT-005,AGC-001,2023-09-11,2025-08-31,Expiré,6430000,450000,Trimestrielle,Oui,Mobile Money,24
CTR-01141,CLT-0516,PRD-005,AGT-022,AGC-003,2024-03-05,2025-02-28,Expiré,843000,51000,Trimestrielle,Non,Mobile Money,12
CTR-01142,CLT-0753,PRD-005,AGT-059,AGC-012,2024-12-19,2025-12-14,Expiré,2397000,144000,Trimestrielle,Non,Espèces,12
CTR-01143,CLT-0891,PRD-003,AGT-050,AGC-009,2023-11-28,2024-11-22,Expiré,14074000,1267000,Annuelle,Non,Mobile Money,12
CTR-01144,CLT-0229,PRD-005,AGT-035,AGC-006,2025-02-21,2026-02-16,Actif,955000,57000,Annuelle,Oui,Espèces,12
CTR-01145,CLT-0275,PRD-005,AGT-007,AGC-001,2024-03-09,2025-03-04,Résilié,438000,26000,Trimestrielle,Non,Virement bancaire,12
CTR-01146,CLT-0497,PRD-001,AGT-008,AGC-001,2023-11-11,2025-10-31,Expiré,3457000,277000,Annuelle,Non,Mobile Money,24
CTR-01147,CLT-0283,PRD-001,AGT-029,AGC-004,2025-04-01,2026-03-27,Actif,2558000,205000,Mensuelle,Non,Carte bancaire,12
CTR-01148,CLT-0532,PRD-008,AGT-021,AGC-003,2025-01-20,2026-01-15,Actif,91046000,11836000,Trimestrielle,Oui,Carte bancaire,12
CTR-01149,CLT-0547,PRD-001,AGT-010,AGC-002,2025-03-22,2027-03-12,Actif,4635000,371000,Trimestrielle,Non,Espèces,24
CTR-01150,CLT-0989,PRD-001,AGT-049,AGC-009,2023-06-17,2024-06-11,Résilié,2108000,169000,Trimestrielle,Non,Virement bancaire,12
CTR-01151,CLT-0924,PRD-001,AGT-050,AGC-009,2023-10-05,2024-09-29,Expiré,3320000,266000,Mensuelle,Non,Carte bancaire,12
CTR-01152,CLT-0587,PRD-004,AGT-053,AGC-010,2023-12-04,2024-11-28,Expiré,5786000,405000,Semestrielle,Oui,Mobile Money,12
CTR-01153,CLT-0854,PRD-007,AGT-060,AGC-012,2024-03-01,2027-02-14,Actif,21828000,2619000,Annuelle,Oui,Carte bancaire,36
CTR-01154,CLT-0938,PRD-001,AGT-001,AGC-001,2024-11-26,2025-11-21,Expiré,3876000,310000,Annuelle,Oui,Carte bancaire,12
CTR-01155,CLT-0365,PRD-005,AGT-006,AGC-001,2024-02-01,2025-01-26,Expiré,2393000,144000,Trimestrielle,Oui,Mobile Money,12
CTR-01156,CLT-0865,PRD-007,AGT-017,AGC-002,2024-08-06,2025-08-01,Expiré,55699000,6684000,Semestrielle,Non,Mobile Money,12
CTR-01157,CLT-0166,PRD-003,AGT-035,AGC-006,2023-02-01,2024-01-27,Expiré,9931000,894000,Mensuelle,Non,Mobile Money,12
CTR-01158,CLT-0941,PRD-002,AGT-057,AGC-011,2023-05-15,2025-05-04,Résilié,7147000,715000,Mensuelle,Non,Mobile Money,24
CTR-01159,CLT-0433,PRD-004,AGT-057,AGC-011,2023-06-18,2024-06-12,Expiré,2992000,209000,Mensuelle,Non,Chèque,12
CTR-01160,CLT-0626,PRD-004,AGT-053,AGC-010,2023-11-19,2026-11-03,Actif,7377000,516000,Annuelle,Oui,Espèces,36
CTR-01161,CLT-0009,PRD-003,AGT-014,AGC-002,2024-03-26,2026-03-16,Actif,9822000,884000,Annuelle,Oui,Mobile Money,24
CTR-01162,CLT-0296,PRD-005,AGT-013,AGC-002,2024-09-07,2025-09-02,Expiré,3262000,196000,Trimestrielle,Non,Mobile Money,12
CTR-01163,CLT-0501,PRD-007,AGT-060,AGC-012,2023-12-08,2025-11-27,Expiré,18311000,2197000,Annuelle,Non,Espèces,24
CTR-01164,CLT-0759,PRD-002,AGT-003,AGC-001,2023-04-04,2026-03-19,Actif,5826000,583000,Trimestrielle,Non,Chèque,36
CTR-01165,CLT-0656,PRD-001,AGT-060,AGC-012,2023-06-10,2024-06-04,Expiré,5784000,463000,Semestrielle,Non,Virement bancaire,12
CTR-01166,CLT-0730,PRD-005,AGT-031,AGC-005,2023-07-05,2024-06-29,Expiré,2168000,130000,Semestrielle,Non,Mobile Money,12
CTR-01167,CLT-0416,PRD-001,AGT-028,AGC-004,2024-01-13,2026-01-02,Actif,3070000,246000,Annuelle,Oui,Mobile Money,24
CTR-01168,CLT-0653,PRD-001,AGT-011,AGC-002,2023-09-22,2024-09-16,Expiré,3151000,252000,Semestrielle,Non,Mobile Money,12
CTR-01169,CLT-0145,PRD-002,AGT-055,AGC-010,2025-01-31,2027-01-21,Actif,10395000,1040000,Annuelle,Non,Espèces,24
CTR-01170,CLT-0595,PRD-002,AGT-048,AGC-008,2023-07-24,2024-07-18,Résilié,10748000,1075000,Mensuelle,Non,Mobile Money,12
CTR-01171,CLT-0523,PRD-004,AGT-011,AGC-002,2024-06-26,2025-06-21,Expiré,7513000,526000,Mensuelle,Non,Virement bancaire,12
CTR-01172,CLT-0941,PRD-005,AGT-010,AGC-002,2024-06-09,2025-06-04,Expiré,685000,41000,Mensuelle,Non,Carte bancaire,12
CTR-01173,CLT-0492,PRD-004,AGT-014,AGC-002,2025-04-27,2026-04-22,Actif,5421000,379000,Trimestrielle,Non,Espèces,12
CTR-01174,CLT-0709,PRD-002,AGT-013,AGC-002,2023-12-02,2025-11-21,Expiré,10446000,1045000,Mensuelle,Non,Virement bancaire,24
CTR-01175,CLT-0110,PRD-003,AGT-036,AGC-006,2023-10-27,2024-10-21,Expiré,4051000,365000,Semestrielle,Non,Chèque,12
CTR-01176,CLT-0607,PRD-007,AGT-030,AGC-005,2023-11-14,2024-11-08,Résilié,16828000,2019000,Semestrielle,Non,Mobile Money,12
CTR-01177,CLT-0386,PRD-005,AGT-020,AGC-003,2023-02-23,2025-02-12,Expiré,3077000,185000,Mensuelle,Non,Mobile Money,24
CTR-01178,CLT-0568,PRD-003,AGT-010,AGC-002,2024-06-28,2027-06-13,Actif,12992000,1169000,Trimestrielle,Non,Espèces,36
CTR-01179,CLT-0088,PRD-004,AGT-022,AGC-003,2023-10-25,2026-10-09,Actif,3191000,223000,Mensuelle,Oui,Chèque,36
CTR-01180,CLT-0796,PRD-004,AGT-034,AGC-005,2025-01-11,2026-01-06,Actif,4595000,322000,Annuelle,Oui,Mobile Money,12
CTR-01181,CLT-0794,PRD-007,AGT-015,AGC-002,2025-02-11,2026-02-06,Actif,57272000,6873000,Annuelle,Non,Espèces,12
CTR-01182,CLT-0147,PRD-001,AGT-043,AGC-007,2025-01-18,2026-01-13,Actif,3811000,305000,Semestrielle,Non,Espèces,12
CTR-01183,CLT-0141,PRD-002,AGT-034,AGC-005,2025-05-30,2026-05-25,Actif,4656000,466000,Trimestrielle,Oui,Virement bancaire,12
CTR-01184,CLT-0307,PRD-008,AGT-015,AGC-002,2025-04-10,2026-04-05,Actif,34941000,4542000,Trimestrielle,Non,Carte bancaire,12
CTR-01185,CLT-0164,PRD-004,AGT-022,AGC-003,2023-04-18,2024-04-12,Expiré,6467000,453000,Trimestrielle,Oui,Carte bancaire,12
CTR-01186,CLT-0870,PRD-004,AGT-046,AGC-008,2024-09-16,2027-09-01,Actif,5442000,381000,Mensuelle,Non,Chèque,36
CTR-01187,CLT-0591,PRD-001,AGT-050,AGC-009,2025-05-03,2026-04-28,Actif,3845000,308000,Trimestrielle,Oui,Virement bancaire,12
CTR-01188,CLT-0436,PRD-008,AGT-031,AGC-005,2025-04-22,2027-04-12,Actif,21707000,2822000,Trimestrielle,Non,Mobile Money,24
CTR-01189,CLT-0769,PRD-001,AGT-040,AGC-007,2025-02-26,2027-02-16,Actif,2614000,209000,Trimestrielle,Oui,Virement bancaire,24
CTR-01190,CLT-0125,PRD-001,AGT-011,AGC-002,2023-01-11,2024-01-06,Résilié,1940000,155000,Semestrielle,Non,Mobile Money,12
CTR-01191,CLT-0138,PRD-005,AGT-011,AGC-002,2023-09-07,2025-08-27,Expiré,430000,26000,Annuelle,Non,Carte bancaire,24
CTR-01192,CLT-0877,PRD-004,AGT-005,AGC-001,2023-12-02,2024-11-26,Expiré,4340000,304000,Trimestrielle,Non,Chèque,12
CTR-01193,CLT-0956,PRD-005,AGT-048,AGC-008,2023-07-30,2024-07-24,Expiré,2313000,139000,Semestrielle,Oui,Mobile Money,12
CTR-01194,CLT-0614,PRD-003,AGT-015,AGC-002,2023-09-05,2025-08-25,Expiré,3085000,278000,Trimestrielle,Non,Carte bancaire,24
CTR-01195,CLT-0770,PRD-007,AGT-020,AGC-003,2024-10-10,2027-09-25,Actif,32518000,3902000,Semestrielle,Oui,Carte bancaire,36
CTR-01196,CLT-0841,PRD-003,AGT-034,AGC-005,2023-07-10,2024-07-04,Expiré,4388000,395000,Mensuelle,Oui,Chèque,12
CTR-01197,CLT-0629,PRD-001,AGT-009,AGC-001,2023-09-03,2024-08-28,Expiré,2835000,227000,Semestrielle,Oui,Chèque,12
CTR-01198,CLT-0666,PRD-003,AGT-004,AGC-001,2023-10-30,2024-10-24,Expiré,12687000,1142000,Annuelle,Oui,Virement bancaire,12
CTR-01199,CLT-0079,PRD-001,AGT-008,AGC-001,2023-11-28,2025-11-17,Expiré,3374000,270000,Annuelle,Non,Mobile Money,24
CTR-01200,CLT-0272,PRD-001,AGT-018,AGC-003,2023-02-08,2024-02-03,Expiré,2706000,216000,Mensuelle,Non,Mobile Money,12
CTR-01201,CLT-0499,PRD-003,AGT-024,AGC-003,2024-06-05,2026-05-26,Actif,7612000,685000,Mensuelle,Oui,Espèces,24
CTR-01202,CLT-0774,PRD-004,AGT-031,AGC-005,2023-01-23,2024-01-18,Expiré,2314000,162000,Mensuelle,Non,Carte bancaire,12
CTR-01203,CLT-0940,PRD-005,AGT-030,AGC-005,2024-08-06,2025-08-01,Expiré,1980000,119000,Semestrielle,Non,Mobile Money,12
CTR-01204,CLT-0277,PRD-007,AGT-042,AGC-007,2023-04-25,2025-04-14,Expiré,51572000,6189000,Semestrielle,Oui,Mobile Money,24
CTR-01205,CLT-0867,PRD-004,AGT-019,AGC-003,2023-01-22,2025-01-11,Expiré,5870000,411000,Mensuelle,Non,Espèces,24
CTR-01206,CLT-0393,PRD-007,AGT-049,AGC-009,2023-07-27,2024-07-21,Expiré,35194000,4223000,Mensuelle,Non,Mobile Money,12
CTR-01207,CLT-0562,PRD-003,AGT-037,AGC-006,2024-06-08,2025-06-03,Expiré,7856000,707000,Trimestrielle,Non,Carte bancaire,12
CTR-01208,CLT-0097,PRD-002,AGT-001,AGC-001,2024-09-29,2027-09-14,Actif,11537000,1154000,Trimestrielle,Oui,Virement bancaire,36
CTR-01209,CLT-0430,PRD-008,AGT-012,AGC-002,2024-02-10,2025-02-04,Expiré,34267000,4455000,Mensuelle,Oui,Virement bancaire,12
CTR-01210,CLT-0175,PRD-007,AGT-011,AGC-002,2024-09-17,2025-09-12,Expiré,32511000,3901000,Mensuelle,Oui,Mobile Money,12
CTR-01211,CLT-0021,PRD-001,AGT-044,AGC-007,2025-05-08,2027-04-28,Actif,1849000,148000,Mensuelle,Oui,Chèque,24
CTR-01212,CLT-0246,PRD-007,AGT-035,AGC-006,2024-09-28,2025-09-23,Expiré,14940000,1793000,Mensuelle,Non,Carte bancaire,12
CTR-01213,CLT-0558,PRD-008,AGT-009,AGC-001,2024-05-01,2025-04-26,Expiré,34182000,4444000,Trimestrielle,Non,Espèces,12
CTR-01214,CLT-0383,PRD-001,AGT-027,AGC-004,2025-03-23,2026-03-18,Actif,2514000,201000,Annuelle,Oui,Virement bancaire,12
CTR-01215,CLT-0220,PRD-001,AGT-009,AGC-001,2025-04-28,2027-04-18,Actif,1624000,130000,Trimestrielle,Oui,Espèces,24
CTR-01216,CLT-0391,PRD-002,AGT-026,AGC-004,2024-07-13,2025-07-08,Expiré,5359000,536000,Mensuelle,Non,Espèces,12
CTR-01217,CLT-0609,PRD-003,AGT-048,AGC-008,2025-04-01,2026-03-27,Actif,4627000,416000,Mensuelle,Non,Chèque,12
CTR-01218,CLT-0598,PRD-001,AGT-021,AGC-003,2024-09-11,2025-09-06,Expiré,5076000,406000,Annuelle,Oui,Virement bancaire,12
CTR-01219,CLT-0013,PRD-001,AGT-029,AGC-004,2024-04-17,2025-04-12,Expiré,1621000,130000,Mensuelle,Non,Espèces,12
CTR-01220,CLT-0554,PRD-007,AGT-034,AGC-005,2024-04-28,2026-04-18,Actif,51650000,6198000,Mensuelle,Oui,Espèces,24
CTR-01221,CLT-0844,PRD-002,AGT-055,AGC-010,2025-03-03,2026-02-26,Actif,11601000,1160000,Trimestrielle,Oui,Virement bancaire,12
CTR-01222,CLT-0561,PRD-007,AGT-060,AGC-012,2025-05-04,2026-04-29,Actif,22842000,2741000,Mensuelle,Oui,Chèque,12
CTR-01223,CLT-0845,PRD-002,AGT-012,AGC-002,2023-07-08,2024-07-02,Expiré,8855000,886000,Mensuelle,Oui,Chèque,12
CTR-01224,CLT-0277,PRD-006,AGT-001,AGC-001,2024-08-20,2025-08-15,Expiré,13922000,1531000,Annuelle,Non,Mobile Money,12
CTR-01225,CLT-0024,PRD-002,AGT-015,AGC-002,2023-11-20,2024-11-14,Résilié,7763000,776000,Mensuelle,Non,Mobile Money,12
CTR-01226,CLT-0838,PRD-002,AGT-031,AGC-005,2023-10-04,2026-09-18,Actif,10617000,1062000,Trimestrielle,Oui,Espèces,36
CTR-01227,CLT-0038,PRD-001,AGT-002,AGC-001,2023-11-24,2026-11-08,Actif,4125000,330000,Mensuelle,Non,Carte bancaire,36
CTR-01228,CLT-0554,PRD-007,AGT-060,AGC-012,2025-01-20,2027-01-10,Actif,44616000,5354000,Trimestrielle,Oui,Mobile Money,24
CTR-01229,CLT-0900,PRD-008,AGT-028,AGC-004,2023-05-10,2024-05-04,Expiré,19409000,2523000,Trimestrielle,Oui,Mobile Money,12
CTR-01230,CLT-0266,PRD-001,AGT-043,AGC-007,2025-04-20,2027-04-10,Actif,4917000,393000,Mensuelle,Non,Espèces,24
CTR-01231,CLT-0299,PRD-005,AGT-030,AGC-005,2024-03-23,2025-03-18,Expiré,1557000,93000,Trimestrielle,Non,Carte bancaire,12
CTR-01232,CLT-0916,PRD-008,AGT-012,AGC-002,2025-05-03,2026-04-28,Actif,39453000,5129000,Trimestrielle,Oui,Mobile Money,12
CTR-01233,CLT-0277,PRD-003,AGT-058,AGC-011,2023-06-11,2024-06-05,Expiré,9333000,840000,Trimestrielle,Oui,Espèces,12
CTR-01234,CLT-0877,PRD-001,AGT-003,AGC-001,2023-07-24,2025-07-13,Expiré,5752000,460000,Mensuelle,Oui,Chèque,24
CTR-01235,CLT-0002,PRD-007,AGT-045,AGC-008,2023-03-04,2024-02-27,Expiré,35237000,4228000,Semestrielle,Non,Chèque,12
CTR-01236,CLT-0465,PRD-002,AGT-001,AGC-001,2023-01-04,2023-12-30,Expiré,10225000,1022000,Mensuelle,Non,Espèces,12
CTR-01237,CLT-0818,PRD-001,AGT-030,AGC-005,2024-01-29,2025-01-23,Expiré,3431000,274000,Semestrielle,Oui,Mobile Money,12
CTR-01238,CLT-0468,PRD-006,AGT-034,AGC-005,2025-03-02,2026-02-25,Actif,14197000,1562000,Mensuelle,Non,Espèces,12
CTR-01239,CLT-0815,PRD-006,AGT-011,AGC-002,2025-05-25,2027-05-15,Actif,15952000,1755000,Mensuelle,Non,Mobile Money,24
CTR-01240,CLT-0052,PRD-001,AGT-034,AGC-005,2024-06-11,2025-06-06,Expiré,3021000,242000,Semestrielle,Non,Mobile Money,12
CTR-01241,CLT-0457,PRD-001,AGT-002,AGC-001,2023-11-22,2024-11-16,Expiré,4565000,365000,Trimestrielle,Non,Espèces,12
CTR-01242,CLT-0588,PRD-008,AGT-010,AGC-002,2023-07-13,2025-07-02,Résilié,78329000,10183000,Mensuelle,Non,Mobile Money,24
CTR-01243,CLT-0781,PRD-002,AGT-018,AGC-003,2024-04-02,2025-03-28,Résilié,10786000,1079000,Mensuelle,Non,Virement bancaire,12
CTR-01244,CLT-0721,PRD-002,AGT-021,AGC-003,2023-06-01,2025-05-21,Expiré,10265000,1026000,Semestrielle,Oui,Espèces,24
CTR-01245,CLT-0143,PRD-006,AGT-025,AGC-004,2024-12-06,2025-12-01,Résilié,18052000,1986000,Trimestrielle,Non,Virement bancaire,12
CTR-01246,CLT-0786,PRD-002,AGT-007,AGC-001,2023-05-25,2024-05-19,Expiré,16782000,1678000,Semestrielle,Oui,Chèque,12
CTR-01247,CLT-0479,PRD-002,AGT-055,AGC-010,2023-07-17,2024-07-11,Expiré,13761000,1376000,Trimestrielle,Oui,Espèces,12
CTR-01248,CLT-0090,PRD-001,AGT-009,AGC-001,2023-05-23,2024-05-17,Expiré,3421000,274000,Annuelle,Non,Virement bancaire,12
CTR-01249,CLT-0806,PRD-005,AGT-010,AGC-002,2023-10-21,2025-10-10,Résilié,552000,33000,Mensuelle,Non,Mobile Money,24
CTR-01250,CLT-0178,PRD-002,AGT-016,AGC-002,2023-01-25,2024-01-20,Expiré,5938000,594000,Mensuelle,Oui,Espèces,12
CTR-01251,CLT-0901,PRD-006,AGT-003,AGC-001,2024-08-04,2026-07-25,Actif,23505000,2586000,Trimestrielle,Non,Espèces,24
CTR-01252,CLT-0671,PRD-008,AGT-058,AGC-011,2024-01-19,2025-01-13,Expiré,47642000,6193000,Annuelle,Oui,Carte bancaire,12
CTR-01253,CLT-0749,PRD-008,AGT-042,AGC-007,2024-01-26,2026-01-15,Actif,87798000,11414000,Mensuelle,Oui,Espèces,24
CTR-01254,CLT-0451,PRD-003,AGT-014,AGC-002,2024-01-28,2026-01-17,Actif,3302000,297000,Trimestrielle,Non,Espèces,24
CTR-01255,CLT-0512,PRD-006,AGT-046,AGC-008,2025-01-19,2026-01-14,Actif,21907000,2410000,Trimestrielle,Oui,Chèque,12
CTR-01256,CLT-0086,PRD-004,AGT-019,AGC-003,2023-06-17,2026-06-01,Actif,11093000,777000,Mensuelle,Non,Mobile Money,36
CTR-01257,CLT-0976,PRD-002,AGT-018,AGC-003,2024-06-05,2025-05-31,Expiré,12645000,1264000,Annuelle,Non,Carte bancaire,12
CTR-01258,CLT-0976,PRD-001,AGT-002,AGC-001,2024-09-28,2026-09-18,Actif,5530000,442000,Trimestrielle,Oui,Mobile Money,24
CTR-01259,CLT-0865,PRD-002,AGT-038,AGC-006,2024-04-23,2026-04-13,Actif,9299000,930000,Semestrielle,Non,Mobile Money,24
CTR-01260,CLT-0038,PRD-003,AGT-058,AGC-011,2023-11-07,2024-11-01,Expiré,8149000,733000,Mensuelle,Oui,Carte bancaire,12
CTR-01261,CLT-0832,PRD-002,AGT-007,AGC-001,2025-06-18,2027-06-08,Actif,7027000,703000,Mensuelle,Oui,Espèces,24
CTR-01262,CLT-0810,PRD-005,AGT-051,AGC-009,2023-06-17,2024-06-11,Expiré,679000,41000,Semestrielle,Non,Mobile Money,12
CTR-01263,CLT-0290,PRD-005,AGT-002,AGC-001,2023-04-14,2025-04-03,Expiré,2003000,120000,Mensuelle,Non,Espèces,24
CTR-01264,CLT-0256,PRD-001,AGT-036,AGC-006,2023-11-11,2024-11-05,Expiré,4261000,341000,Annuelle,Non,Carte bancaire,12
CTR-01265,CLT-0742,PRD-001,AGT-029,AGC-004,2025-03-31,2026-03-26,Actif,2044000,164000,Mensuelle,Oui,Carte bancaire,12
CTR-01266,CLT-0356,PRD-007,AGT-045,AGC-008,2023-07-06,2024-06-30,Résilié,34893000,4187000,Mensuelle,Non,Virement bancaire,12
CTR-01267,CLT-0085,PRD-007,AGT-010,AGC-002,2023-05-02,2025-04-21,Expiré,49067000,5888000,Trimestrielle,Non,Carte bancaire,24
CTR-01268,CLT-0246,PRD-004,AGT-009,AGC-001,2024-01-30,2025-01-24,Expiré,3142000,220000,Mensuelle,Non,Virement bancaire,12
CTR-01269,CLT-0564,PRD-007,AGT-035,AGC-006,2023-03-24,2024-03-18,Expiré,56918000,6830000,Annuelle,Oui,Mobile Money,12
CTR-01270,CLT-0120,PRD-002,AGT-043,AGC-007,2025-02-04,2026-01-30,Actif,10581000,1058000,Semestrielle,Non,Espèces,12
CTR-01271,CLT-0768,PRD-001,AGT-038,AGC-006,2025-06-24,2028-06-08,Actif,4162000,333000,Semestrielle,Non,Virement bancaire,36
CTR-01272,CLT-0770,PRD-008,AGT-042,AGC-007,2023-04-11,2024-04-05,Expiré,88364000,11487000,Trimestrielle,Oui,Carte bancaire,12
CTR-01273,CLT-0944,PRD-001,AGT-004,AGC-001,2024-03-24,2025-03-19,Expiré,2080000,166000,Trimestrielle,Oui,Espèces,12
CTR-01274,CLT-0542,PRD-005,AGT-049,AGC-009,2024-04-27,2025-04-22,Expiré,1973000,118000,Trimestrielle,Non,Chèque,12
CTR-01275,CLT-0109,PRD-003,AGT-034,AGC-005,2023-04-24,2025-04-13,Expiré,13017000,1172000,Mensuelle,Oui,Virement bancaire,24
CTR-01276,CLT-0777,PRD-004,AGT-060,AGC-012,2024-05-07,2025-05-02,Expiré,3386000,237000,Mensuelle,Oui,Mobile Money,12
CTR-01277,CLT-0430,PRD-004,AGT-001,AGC-001,2023-07-06,2025-06-25,Expiré,8125000,569000,Trimestrielle,Non,Mobile Money,24
CTR-01278,CLT-0888,PRD-008,AGT-003,AGC-001,2024-10-28,2025-10-23,Résilié,36683000,4769000,Annuelle,Non,Mobile Money,12
CTR-01279,CLT-0405,PRD-008,AGT-002,AGC-001,2024-02-05,2025-01-30,Expiré,53524000,6958000,Trimestrielle,Non,Mobile Money,12
CTR-01280,CLT-0467,PRD-002,AGT-035,AGC-006,2024-02-03,2026-01-23,Actif,11477000,1148000,Trimestrielle,Oui,Virement bancaire,24
CTR-01281,CLT-0252,PRD-004,AGT-060,AGC-012,2024-12-14,2026-12-04,Actif,8142000,570000,Trimestrielle,Oui,Virement bancaire,24
CTR-01282,CLT-0859,PRD-003,AGT-012,AGC-002,2024-02-02,2025-01-27,Expiré,3116000,280000,Mensuelle,Oui,Chèque,12
CTR-01283,CLT-0833,PRD-005,AGT-046,AGC-008,2023-10-16,2025-10-05,Expiré,1829000,110000,Annuelle,Non,Virement bancaire,24
CTR-01284,CLT-0296,PRD-004,AGT-011,AGC-002,2023-08-14,2024-08-08,Expiré,4661000,326000,Annuelle,Oui,Espèces,12
CTR-01285,CLT-0016,PRD-002,AGT-012,AGC-002,2023-04-14,2024-04-08,Expiré,7810000,781000,Annuelle,Non,Virement bancaire,12
CTR-01286,CLT-0398,PRD-005,AGT-024,AGC-003,2023-09-08,2024-09-02,Résilié,1652000,99000,Trimestrielle,Non,Mobile Money,12
CTR-01287,CLT-0093,PRD-001,AGT-011,AGC-002,2025-06-20,2027-06-10,Actif,4692000,375000,Annuelle,Non,Espèces,24
CTR-01288,CLT-0518,PRD-007,AGT-033,AGC-005,2025-05-26,2028-05-10,Actif,26003000,3120000,Trimestrielle,Oui,Virement bancaire,36
CTR-01289,CLT-0937,PRD-007,AGT-002,AGC-001,2024-04-04,2027-03-20,Actif,26476000,3177000,Mensuelle,Oui,Mobile Money,36
CTR-01290,CLT-0577,PRD-004,AGT-006,AGC-001,2023-09-23,2024-09-17,Résilié,6476000,453000,Annuelle,Non,Carte bancaire,12
CTR-01291,CLT-0473,PRD-001,AGT-040,AGC-007,2023-06-07,2024-06-01,Expiré,4154000,332000,Trimestrielle,Non,Mobile Money,12
CTR-01292,CLT-0792,PRD-003,AGT-006,AGC-001,2023-03-08,2024-03-02,Expiré,5443000,490000,Trimestrielle,Non,Mobile Money,12
CTR-01293,CLT-0825,PRD-002,AGT-039,AGC-006,2024-10-18,2026-10-08,Actif,12396000,1240000,Mensuelle,Non,Mobile Money,24
CTR-01294,CLT-0315,PRD-008,AGT-026,AGC-004,2025-06-28,2026-06-23,Actif,76600000,9958000,Trimestrielle,Non,Mobile Money,12
CTR-01295,CLT-0471,PRD-005,AGT-019,AGC-003,2024-07-30,2025-07-25,Expiré,1954000,117000,Trimestrielle,Non,Espèces,12
CTR-01296,CLT-0462,PRD-002,AGT-027,AGC-004,2023-02-16,2024-02-11,Expiré,5089000,509000,Annuelle,Non,Virement bancaire,12
CTR-01297,CLT-0148,PRD-003,AGT-004,AGC-001,2023-12-13,2024-12-07,Expiré,14050000,1264000,Semestrielle,Non,Mobile Money,12
CTR-01298,CLT-0129,PRD-002,AGT-029,AGC-004,2025-05-05,2026-04-30,Actif,4417000,442000,Semestrielle,Non,Carte bancaire,12
CTR-01299,CLT-0530,PRD-008,AGT-028,AGC-004,2024-08-28,2026-08-18,Actif,28227000,3670000,Annuelle,Non,Carte bancaire,24
CTR-01300,CLT-0266,PRD-001,AGT-046,AGC-008,2024-04-30,2025-04-25,Expiré,1793000,143000,Semestrielle,Non,Mobile Money,12
CTR-01301,CLT-0975,PRD-002,AGT-004,AGC-001,2024-11-29,2026-11-19,Actif,8159000,816000,Semestrielle,Oui,Mobile Money,24
CTR-01302,CLT-0903,PRD-003,AGT-042,AGC-007,2023-09-18,2024-09-12,Résilié,15433000,1389000,Annuelle,Non,Mobile Money,12
CTR-01303,CLT-0801,PRD-004,AGT-003,AGC-001,2024-05-03,2025-04-28,Expiré,7861000,550000,Mensuelle,Non,Espèces,12
CTR-01304,CLT-0181,PRD-001,AGT-038,AGC-006,2023-04-16,2024-04-10,Expiré,4931000,394000,Annuelle,Oui,Mobile Money,12
CTR-01305,CLT-0124,PRD-008,AGT-003,AGC-001,2023-02-28,2025-02-17,Expiré,81228000,10560000,Mensuelle,Oui,Carte bancaire,24
CTR-01306,CLT-0414,PRD-004,AGT-015,AGC-002,2023-06-29,2026-06-13,Actif,7849000,549000,Mensuelle,Non,Virement bancaire,36
CTR-01307,CLT-0826,PRD-001,AGT-003,AGC-001,2025-02-03,2026-01-29,Actif,4864000,389000,Trimestrielle,Non,Espèces,12
CTR-01308,CLT-0912,PRD-002,AGT-037,AGC-006,2024-05-22,2026-05-12,Actif,4484000,448000,Annuelle,Non,Mobile Money,24
CTR-01309,CLT-0905,PRD-007,AGT-004,AGC-001,2025-04-05,2028-03-20,Actif,30003000,3600000,Annuelle,Oui,Espèces,36
CTR-01310,CLT-0351,PRD-005,AGT-057,AGC-011,2024-08-20,2025-08-15,Expiré,2137000,128000,Annuelle,Oui,Mobile Money,12
CTR-01311,CLT-0230,PRD-007,AGT-052,AGC-009,2023-06-13,2024-06-07,Expiré,31662000,3799000,Semestrielle,Oui,Mobile Money,12
CTR-01312,CLT-0981,PRD-004,AGT-042,AGC-007,2023-09-24,2024-09-18,Résilié,7649000,535000,Semestrielle,Non,Chèque,12
CTR-01313,CLT-0333,PRD-001,AGT-034,AGC-005,2023-08-19,2024-08-13,Expiré,4970000,398000,Trimestrielle,Non,Espèces,12
CTR-01314,CLT-0917,PRD-004,AGT-050,AGC-009,2023-12-23,2025-12-12,Expiré,7407000,518000,Mensuelle,Non,Carte bancaire,24
CTR-01315,CLT-0736,PRD-003,AGT-020,AGC-003,2025-04-23,2026-04-18,Actif,13356000,1202000,Trimestrielle,Non,Chèque,12
CTR-01316,CLT-0603,PRD-004,AGT-039,AGC-006,2024-01-18,2025-01-12,Expiré,5540000,388000,Trimestrielle,Non,Espèces,12
CTR-01317,CLT-0767,PRD-004,AGT-021,AGC-003,2025-05-16,2027-05-06,Actif,3188000,223000,Semestrielle,Non,Chèque,24
CTR-01318,CLT-0579,PRD-008,AGT-049,AGC-009,2023-06-19,2024-06-13,Expiré,42855000,5571000,Mensuelle,Non,Carte bancaire,12
CTR-01319,CLT-0635,PRD-001,AGT-010,AGC-002,2024-08-21,2025-08-16,Résilié,2720000,218000,Mensuelle,Non,Mobile Money,12
CTR-01320,CLT-0007,PRD-008,AGT-011,AGC-002,2023-02-11,2024-02-06,Expiré,63898000,8307000,Annuelle,Oui,Espèces,12
CTR-01321,CLT-0634,PRD-007,AGT-015,AGC-002,2023-10-18,2024-10-12,Expiré,54873000,6585000,Trimestrielle,Oui,Mobile Money,12
CTR-01322,CLT-0568,PRD-007,AGT-013,AGC-002,2024-09-30,2025-09-25,Expiré,19637000,2356000,Annuelle,Oui,Mobile Money,12
CTR-01323,CLT-0168,PRD-004,AGT-009,AGC-001,2023-01-28,2024-01-23,Expiré,5769000,404000,Mensuelle,Non,Carte bancaire,12
CTR-01324,CLT-0808,PRD-002,AGT-012,AGC-002,2025-06-19,2026-06-14,Actif,9288000,929000,Semestrielle,Oui,Mobile Money,12
CTR-01325,CLT-0896,PRD-005,AGT-030,AGC-005,2023-05-01,2024-04-25,Résilié,1183000,71000,Mensuelle,Non,Mobile Money,12
CTR-01326,CLT-0603,PRD-003,AGT-001,AGC-001,2024-01-29,2025-01-23,Expiré,6218000,560000,Mensuelle,Oui,Mobile Money,12
CTR-01327,CLT-0638,PRD-008,AGT-003,AGC-001,2023-07-05,2024-06-29,Expiré,32181000,4184000,Mensuelle,Oui,Mobile Money,12
CTR-01328,CLT-0967,PRD-003,AGT-057,AGC-011,2023-11-23,2024-11-17,Résilié,10555000,950000,Trimestrielle,Non,Mobile Money,12
CTR-01329,CLT-0919,PRD-008,AGT-044,AGC-007,2024-03-11,2025-03-06,Résilié,32143000,4179000,Mensuelle,Non,Virement bancaire,12
CTR-01330,CLT-0676,PRD-006,AGT-027,AGC-004,2023-11-19,2025-11-08,Expiré,8821000,970000,Mensuelle,Non,Virement bancaire,24
CTR-01331,CLT-0881,PRD-003,AGT-002,AGC-001,2023-10-05,2024-09-29,Expiré,4204000,378000,Mensuelle,Non,Virement bancaire,12
CTR-01332,CLT-0051,PRD-004,AGT-022,AGC-003,2024-04-17,2026-04-07,Actif,3826000,268000,Mensuelle,Non,Virement bancaire,24
CTR-01333,CLT-0258,PRD-007,AGT-002,AGC-001,2024-05-28,2025-05-23,Expiré,22719000,2726000,Trimestrielle,Non,Chèque,12
CTR-01334,CLT-0811,PRD-001,AGT-010,AGC-002,2023-11-06,2025-10-26,Expiré,2899000,232000,Trimestrielle,Non,Virement bancaire,24
CTR-01335,CLT-0985,PRD-002,AGT-012,AGC-002,2024-08-26,2025-08-21,Expiré,6834000,683000,Semestrielle,Non,Espèces,12
CTR-01336,CLT-0349,PRD-003,AGT-032,AGC-005,2024-03-19,2025-03-14,Résilié,7003000,630000,Trimestrielle,Non,Carte bancaire,12
CTR-01337,CLT-0753,PRD-004,AGT-012,AGC-002,2025-03-04,2026-02-27,Actif,5061000,354000,Mensuelle,Non,Carte bancaire,12
CTR-01338,CLT-0019,PRD-006,AGT-017,AGC-002,2023-05-09,2025-04-28,Expiré,12248000,1347000,Annuelle,Non,Virement bancaire,24
CTR-01339,CLT-0327,PRD-006,AGT-007,AGC-001,2023-06-22,2024-06-16,Expiré,22392000,2463000,Mensuelle,Oui,Espèces,12
CTR-01340,CLT-0747,PRD-006,AGT-057,AGC-011,2023-06-22,2025-06-11,Résilié,13944000,1534000,Semestrielle,Non,Espèces,24
CTR-01341,CLT-0779,PRD-002,AGT-010,AGC-002,2023-04-03,2025-03-23,Expiré,5300000,530000,Mensuelle,Non,Virement bancaire,24
CTR-01342,CLT-0180,PRD-004,AGT-048,AGC-008,2024-02-08,2025-02-02,Expiré,2278000,159000,Mensuelle,Non,Chèque,12
CTR-01343,CLT-0914,PRD-003,AGT-051,AGC-009,2024-03-16,2025-03-11,Expiré,13031000,1173000,Mensuelle,Non,Mobile Money,12
CTR-01344,CLT-0077,PRD-001,AGT-046,AGC-008,2023-09-09,2024-09-03,Expiré,3667000,293000,Mensuelle,Oui,Mobile Money,12
CTR-01345,CLT-0089,PRD-008,AGT-010,AGC-002,2024-12-12,2025-12-07,Résilié,127631000,16592000,Mensuelle,Non,Mobile Money,12
CTR-01346,CLT-0039,PRD-003,AGT-011,AGC-002,2024-12-02,2026-11-22,Actif,15616000,1405000,Annuelle,Oui,Carte bancaire,24
CTR-01347,CLT-0401,PRD-002,AGT-042,AGC-007,2023-01-11,2024-01-06,Expiré,7704000,770000,Trimestrielle,Oui,Mobile Money,12
CTR-01348,CLT-0436,PRD-005,AGT-049,AGC-009,2023-07-30,2026-07-14,Actif,2249000,135000,Mensuelle,Non,Virement bancaire,36
CTR-01349,CLT-0812,PRD-005,AGT-011,AGC-002,2024-03-21,2025-03-16,Résilié,1874000,112000,Trimestrielle,Non,Mobile Money,12
CTR-01350,CLT-0837,PRD-002,AGT-053,AGC-010,2024-04-15,2025-04-10,Expiré,13432000,1343000,Trimestrielle,Non,Mobile Money,12
CTR-01351,CLT-0941,PRD-006,AGT-023,AGC-003,2023-08-02,2025-07-22,Expiré,8601000,946000,Annuelle,Non,Carte bancaire,24
CTR-01352,CLT-0829,PRD-001,AGT-015,AGC-002,2023-04-13,2024-04-07,Expiré,4993000,399000,Trimestrielle,Non,Virement bancaire,12
CTR-01353,CLT-0194,PRD-001,AGT-040,AGC-007,2025-06-22,2026-06-17,Actif,3461000,277000,Mensuelle,Non,Mobile Money,12
CTR-01354,CLT-0788,PRD-004,AGT-015,AGC-002,2024-03-14,2026-03-04,Actif,7573000,530000,Trimestrielle,Non,Mobile Money,24
CTR-01355,CLT-0584,PRD-006,AGT-006,AGC-001,2025-06-14,2026-06-09,Actif,19098000,2101000,Trimestrielle,Non,Carte bancaire,12
CTR-01356,CLT-0429,PRD-004,AGT-008,AGC-001,2023-06-27,2024-06-21,Expiré,6943000,486000,Mensuelle,Oui,Chèque,12
CTR-01357,CLT-0610,PRD-003,AGT-027,AGC-004,2024-10-02,2026-09-22,Actif,8781000,790000,Mensuelle,Non,Mobile Money,24
CTR-01358,CLT-0286,PRD-002,AGT-045,AGC-008,2025-05-05,2027-04-25,Actif,8652000,865000,Trimestrielle,Oui,Mobile Money,24
CTR-01359,CLT-0438,PRD-001,AGT-028,AGC-004,2025-01-24,2026-01-19,Actif,2277000,182000,Annuelle,Non,Mobile Money,12
CTR-01360,CLT-0218,PRD-003,AGT-021,AGC-003,2023-03-26,2024-03-20,Expiré,13091000,1178000,Annuelle,Non,Mobile Money,12
CTR-01361,CLT-0425,PRD-007,AGT-007,AGC-001,2025-02-12,2026-02-07,Actif,37673000,4521000,Annuelle,Non,Espèces,12
CTR-01362,CLT-0675,PRD-002,AGT-044,AGC-007,2024-01-17,2026-01-06,Actif,9972000,997000,Annuelle,Non,Espèces,24
CTR-01363,CLT-0487,PRD-008,AGT-002,AGC-001,2023-01-12,2025-01-01,Expiré,23129000,3007000,Annuelle,Oui,Virement bancaire,24
CTR-01364,CLT-0021,PRD-002,AGT-016,AGC-002,2025-02-09,2027-01-30,Actif,4266000,427000,Mensuelle,Non,Mobile Money,24
CTR-01365,CLT-0274,PRD-008,AGT-031,AGC-005,2023-08-05,2024-07-30,Expiré,48002000,6240000,Annuelle,Oui,Mobile Money,12
CTR-01366,CLT-0811,PRD-007,AGT-003,AGC-001,2023-07-07,2025-06-26,Expiré,81925000,9831000,Semestrielle,Oui,Mobile Money,24
CTR-01367,CLT-0084,PRD-005,AGT-048,AGC-008,2024-06-04,2026-05-25,Actif,1248000,75000,Annuelle,Oui,Virement bancaire,24
CTR-01368,CLT-0828,PRD-007,AGT-024,AGC-003,2023-07-30,2024-07-24,Expiré,43987000,5278000,Trimestrielle,Oui,Virement bancaire,12
CTR-01369,CLT-0869,PRD-004,AGT-028,AGC-004,2023-01-25,2025-01-14,Expiré,8960000,627000,Mensuelle,Oui,Virement bancaire,24
CTR-01370,CLT-0310,PRD-004,AGT-002,AGC-001,2024-12-12,2025-12-07,Expiré,7995000,560000,Semestrielle,Non,Espèces,12
CTR-01371,CLT-0886,PRD-003,AGT-040,AGC-007,2024-02-21,2025-02-15,Expiré,6446000,580000,Annuelle,Oui,Virement bancaire,12
CTR-01372,CLT-0986,PRD-005,AGT-054,AGC-010,2023-07-16,2026-06-30,Actif,1576000,95000,Annuelle,Oui,Carte bancaire,36
CTR-01373,CLT-0083,PRD-005,AGT-034,AGC-005,2023-06-13,2024-06-07,Expiré,1483000,89000,Annuelle,Oui,Mobile Money,12
CTR-01374,CLT-0824,PRD-002,AGT-001,AGC-001,2024-06-30,2025-06-25,Résilié,8886000,889000,Mensuelle,Non,Virement bancaire,12
CTR-01375,CLT-0162,PRD-001,AGT-044,AGC-007,2024-07-02,2026-06-22,Actif,3827000,306000,Mensuelle,Non,Carte bancaire,24
CTR-01376,CLT-0981,PRD-003,AGT-039,AGC-006,2024-12-09,2025-12-04,Expiré,14829000,1335000,Trimestrielle,Non,Espèces,12
CTR-01377,CLT-0390,PRD-004,AGT-006,AGC-001,2025-04-19,2026-04-14,Actif,3329000,233000,Annuelle,Non,Mobile Money,12
CTR-01378,CLT-0982,PRD-008,AGT-014,AGC-002,2024-11-05,2026-10-26,Actif,75879000,9864000,Annuelle,Non,Virement bancaire,24
CTR-01379,CLT-0842,PRD-006,AGT-029,AGC-004,2023-04-25,2024-04-19,Expiré,23548000,2590000,Trimestrielle,Oui,Virement bancaire,12
CTR-01380,CLT-0680,PRD-002,AGT-009,AGC-001,2024-08-16,2026-08-06,Actif,10069000,1007000,Mensuelle,Non,Virement bancaire,24
CTR-01381,CLT-0259,PRD-007,AGT-031,AGC-005,2025-05-20,2027-05-10,Actif,14658000,1759000,Annuelle,Oui,Carte bancaire,24
CTR-01382,CLT-0118,PRD-003,AGT-056,AGC-011,2024-02-27,2026-02-16,Actif,3510000,316000,Mensuelle,Non,Mobile Money,24
CTR-01383,CLT-0553,PRD-001,AGT-035,AGC-006,2024-04-10,2025-04-05,Expiré,2080000,166000,Semestrielle,Non,Virement bancaire,12
CTR-01384,CLT-0789,PRD-002,AGT-015,AGC-002,2025-02-09,2028-01-25,Actif,11277000,1128000,Mensuelle,Oui,Mobile Money,36
CTR-01385,CLT-0594,PRD-008,AGT-056,AGC-011,2024-10-18,2026-10-08,Actif,62351000,8106000,Trimestrielle,Oui,Espèces,24
CTR-01386,CLT-0960,PRD-004,AGT-007,AGC-001,2025-05-29,2026-05-24,Actif,7599000,532000,Mensuelle,Non,Virement bancaire,12
CTR-01387,CLT-0544,PRD-001,AGT-002,AGC-001,2024-04-12,2025-04-07,Expiré,3541000,283000,Mensuelle,Non,Chèque,12
CTR-01388,CLT-0271,PRD-002,AGT-016,AGC-002,2024-10-07,2026-09-27,Actif,9135000,914000,Trimestrielle,Oui,Carte bancaire,24
CTR-01389,CLT-0497,PRD-007,AGT-001,AGC-001,2025-01-23,2027-01-13,Actif,50525000,6063000,Mensuelle,Non,Espèces,24
CTR-01390,CLT-0898,PRD-003,AGT-018,AGC-003,2024-08-22,2025-08-17,Résilié,14482000,1303000,Trimestrielle,Non,Mobile Money,12
CTR-01391,CLT-0188,PRD-004,AGT-017,AGC-002,2024-02-19,2026-02-08,Actif,8488000,594000,Semestrielle,Oui,Virement bancaire,24
CTR-01392,CLT-0460,PRD-001,AGT-054,AGC-010,2023-09-06,2024-08-31,Expiré,4177000,334000,Mensuelle,Non,Mobile Money,12
CTR-01393,CLT-0716,PRD-006,AGT-011,AGC-002,2024-12-17,2025-12-12,Expiré,12344000,1358000,Semestrielle,Non,Chèque,12
CTR-01394,CLT-0895,PRD-003,AGT-044,AGC-007,2024-07-13,2025-07-08,Expiré,11602000,1044000,Trimestrielle,Non,Mobile Money,12
CTR-01395,CLT-0284,PRD-008,AGT-019,AGC-003,2023-07-22,2026-07-06,Actif,32312000,4201000,Trimestrielle,Oui,Mobile Money,36
CTR-01396,CLT-0795,PRD-005,AGT-027,AGC-004,2024-08-22,2025-08-17,Expiré,1200000,72000,Annuelle,Non,Carte bancaire,12
CTR-01397,CLT-0683,PRD-008,AGT-001,AGC-001,2023-09-20,2024-09-14,Expiré,28839000,3749000,Semestrielle,Non,Espèces,12
CTR-01398,CLT-0394,PRD-003,AGT-008,AGC-001,2024-08-05,2025-07-31,Expiré,16485000,1484000,Annuelle,Oui,Chèque,12
CTR-01399,CLT-0971,PRD-005,AGT-050,AGC-009,2023-08-09,2024-08-03,Expiré,1350000,81000,Semestrielle,Non,Mobile Money,12
CTR-01400,CLT-0508,PRD-003,AGT-016,AGC-002,2023-01-13,2024-01-08,Expiré,9302000,837000,Annuelle,Oui,Carte bancaire,12
CTR-01401,CLT-0917,PRD-005,AGT-015,AGC-002,2023-07-24,2025-07-13,Expiré,2447000,147000,Mensuelle,Non,Espèces,24
CTR-01402,CLT-0011,PRD-001,AGT-054,AGC-010,2023-11-01,2024-10-26,Résilié,3944000,316000,Annuelle,Non,Espèces,12
CTR-01403,CLT-0632,PRD-006,AGT-057,AGC-011,2025-01-28,2027-01-18,Actif,9537000,1049000,Mensuelle,Oui,Chèque,24
CTR-01404,CLT-0073,PRD-002,AGT-004,AGC-001,2024-06-12,2026-06-02,Actif,7966000,797000,Semestrielle,Oui,Mobile Money,24
CTR-01405,CLT-0136,PRD-001,AGT-033,AGC-005,2024-10-21,2025-10-16,Expiré,2540000,203000,Semestrielle,Non,Virement bancaire,12
CTR-01406,CLT-0304,PRD-008,AGT-012,AGC-002,2023-02-26,2024-02-21,Expiré,116818000,15186000,Annuelle,Oui,Chèque,12
CTR-01407,CLT-0439,PRD-005,AGT-047,AGC-008,2024-07-26,2027-07-11,Actif,1181000,71000,Semestrielle,Non,Chèque,36
CTR-01408,CLT-0796,PRD-004,AGT-059,AGC-012,2024-10-26,2027-10-11,Actif,4590000,321000,Annuelle,Non,Espèces,36
CTR-01409,CLT-0675,PRD-003,AGT-035,AGC-006,2024-04-04,2026-03-25,Actif,7908000,712000,Trimestrielle,Non,Mobile Money,24
CTR-01410,CLT-0492,PRD-001,AGT-047,AGC-008,2025-05-19,2027-05-09,Actif,4186000,335000,Trimestrielle,Non,Mobile Money,24
CTR-01411,CLT-0728,PRD-001,AGT-011,AGC-002,2024-11-03,2025-10-29,Expiré,2605000,208000,Mensuelle,Non,Mobile Money,12
CTR-01412,CLT-0508,PRD-002,AGT-008,AGC-001,2023-12-25,2024-12-19,Expiré,10061000,1006000,Mensuelle,Non,Espèces,12
CTR-01413,CLT-0712,PRD-003,AGT-039,AGC-006,2024-09-03,2026-08-24,Actif,10089000,908000,Mensuelle,Non,Mobile Money,24
CTR-01414,CLT-0195,PRD-002,AGT-014,AGC-002,2025-05-22,2028-05-06,Actif,10171000,1017000,Trimestrielle,Oui,Espèces,36
CTR-01415,CLT-0278,PRD-004,AGT-009,AGC-001,2024-03-01,2026-02-19,Actif,7421000,519000,Mensuelle,Oui,Chèque,24
CTR-01416,CLT-0006,PRD-005,AGT-027,AGC-004,2023-03-20,2025-03-09,Expiré,2030000,122000,Annuelle,Non,Virement bancaire,24
CTR-01417,CLT-0874,PRD-006,AGT-021,AGC-003,2024-12-12,2025-12-07,Expiré,22278000,2451000,Mensuelle,Non,Mobile Money,12
CTR-01418,CLT-0198,PRD-008,AGT-002,AGC-001,2024-07-25,2026-07-15,Actif,81959000,10655000,Trimestrielle,Oui,Espèces,24
CTR-01419,CLT-0755,PRD-007,AGT-017,AGC-002,2023-09-24,2024-09-18,Résilié,29620000,3554000,Trimestrielle,Non,Virement bancaire,12
CTR-01420,CLT-0120,PRD-008,AGT-008,AGC-001,2025-04-20,2026-04-15,Actif,18793000,2443000,Mensuelle,Oui,Carte bancaire,12
CTR-01421,CLT-0013,PRD-006,AGT-014,AGC-002,2023-05-01,2024-04-25,Résilié,24889000,2738000,Mensuelle,Non,Chèque,12
CTR-01422,CLT-0729,PRD-004,AGT-009,AGC-001,2023-01-25,2025-01-14,Expiré,4756000,333000,Annuelle,Oui,Virement bancaire,24
CTR-01423,CLT-0245,PRD-004,AGT-055,AGC-010,2024-07-21,2025-07-16,Résilié,6398000,448000,Semestrielle,Non,Espèces,12
CTR-01424,CLT-0456,PRD-004,AGT-007,AGC-001,2023-11-26,2024-11-20,Expiré,4496000,315000,Mensuelle,Non,Mobile Money,12
CTR-01425,CLT-0615,PRD-002,AGT-013,AGC-002,2023-12-17,2025-12-06,Expiré,4444000,444000,Annuelle,Oui,Mobile Money,24
CTR-01426,CLT-0871,PRD-001,AGT-053,AGC-010,2025-02-19,2027-02-09,Actif,3700000,296000,Semestrielle,Oui,Virement bancaire,24
CTR-01427,CLT-0495,PRD-008,AGT-003,AGC-001,2023-02-12,2026-01-27,Actif,68673000,8927000,Semestrielle,Non,Mobile Money,36
CTR-01428,CLT-0741,PRD-007,AGT-037,AGC-006,2025-06-05,2026-05-31,Actif,18421000,2211000,Annuelle,Non,Carte bancaire,12
CTR-01429,CLT-0388,PRD-001,AGT-020,AGC-003,2024-07-20,2025-07-15,Expiré,2610000,209000,Mensuelle,Oui,Espèces,12
CTR-01430,CLT-0609,PRD-005,AGT-008,AGC-001,2025-03-28,2027-03-18,Actif,2473000,148000,Trimestrielle,Oui,Virement bancaire,24
CTR-01431,CLT-0482,PRD-005,AGT-027,AGC-004,2024-01-08,2025-12-28,Expiré,1898000,114000,Mensuelle,Non,Mobile Money,24
CTR-01432,CLT-0914,PRD-005,AGT-004,AGC-001,2023-03-23,2024-03-17,Expiré,1159000,70000,Semestrielle,Oui,Mobile Money,12
CTR-01433,CLT-0250,PRD-004,AGT-024,AGC-003,2024-05-12,2026-05-02,Actif,8985000,629000,Trimestrielle,Oui,Mobile Money,24
CTR-01434,CLT-0720,PRD-006,AGT-018,AGC-003,2024-01-08,2025-01-02,Expiré,19981000,2198000,Trimestrielle,Oui,Espèces,12
CTR-01435,CLT-0383,PRD-004,AGT-033,AGC-005,2023-01-07,2024-01-02,Expiré,4809000,337000,Annuelle,Oui,Mobile Money,12
CTR-01436,CLT-0043,PRD-003,AGT-010,AGC-002,2024-01-15,2025-01-09,Expiré,20569000,1851000,Semestrielle,Oui,Mobile Money,12
CTR-01437,CLT-0009,PRD-005,AGT-030,AGC-005,2025-05-30,2026-05-25,Actif,681000,41000,Mensuelle,Oui,Carte bancaire,12
CTR-01438,CLT-0243,PRD-005,AGT-003,AGC-001,2023-01-24,2025-01-13,Expiré,2750000,165000,Trimestrielle,Non,Mobile Money,24
CTR-01439,CLT-0479,PRD-005,AGT-024,AGC-003,2023-04-25,2024-04-19,Résilié,2920000,175000,Mensuelle,Non,Virement bancaire,12
CTR-01440,CLT-0547,PRD-003,AGT-008,AGC-001,2023-12-24,2026-12-08,Actif,17260000,1553000,Semestrielle,Non,Mobile Money,36
CTR-01441,CLT-0280,PRD-008,AGT-031,AGC-005,2023-02-14,2024-02-09,Expiré,87198000,11336000,Mensuelle,Oui,Mobile Money,12
CTR-01442,CLT-0527,PRD-001,AGT-034,AGC-005,2023-05-04,2025-04-23,Expiré,2718000,217000,Mensuelle,Non,Carte bancaire,24
CTR-01443,CLT-0866,PRD-002,AGT-021,AGC-003,2023-06-10,2025-05-30,Expiré,9487000,949000,Trimestrielle,Oui,Mobile Money,24
CTR-01444,CLT-0323,PRD-005,AGT-019,AGC-003,2025-04-11,2026-04-06,Actif,2084000,125000,Trimestrielle,Non,Mobile Money,12
CTR-01445,CLT-0459,PRD-001,AGT-023,AGC-003,2023-06-07,2025-05-27,Résilié,4649000,372000,Mensuelle,Non,Mobile Money,24
CTR-01446,CLT-0065,PRD-003,AGT-018,AGC-003,2024-01-19,2027-01-03,Actif,13501000,1215000,Mensuelle,Oui,Virement bancaire,36
CTR-01447,CLT-0974,PRD-001,AGT-025,AGC-004,2023-11-20,2024-11-14,Expiré,3732000,299000,Mensuelle,Oui,Mobile Money,12
CTR-01448,CLT-0077,PRD-002,AGT-032,AGC-005,2024-03-28,2025-03-23,Expiré,7003000,700000,Semestrielle,Oui,Mobile Money,12
CTR-01449,CLT-0697,PRD-007,AGT-043,AGC-007,2024-08-20,2025-08-15,Expiré,16155000,1939000,Mensuelle,Non,Virement bancaire,12
CTR-01450,CLT-0538,PRD-005,AGT-028,AGC-004,2025-01-31,2028-01-16,Actif,2165000,130000,Mensuelle,Non,Mobile Money,36
CTR-01451,CLT-0907,PRD-001,AGT-015,AGC-002,2024-12-31,2026-12-21,Actif,2423000,194000,Trimestrielle,Non,Mobile Money,24
CTR-01452,CLT-0008,PRD-003,AGT-026,AGC-004,2023-09-06,2026-08-21,Actif,17269000,1554000,Annuelle,Non,Espèces,36
CTR-01453,CLT-0272,PRD-002,AGT-002,AGC-001,2024-07-31,2025-07-26,Expiré,11087000,1109000,Mensuelle,Oui,Carte bancaire,12
CTR-01454,CLT-0148,PRD-005,AGT-033,AGC-005,2023-08-06,2025-07-26,Expiré,1544000,93000,Mensuelle,Non,Espèces,24
CTR-01455,CLT-0890,PRD-004,AGT-004,AGC-001,2025-02-20,2026-02-15,Actif,7508000,526000,Annuelle,Non,Mobile Money,12
CTR-01456,CLT-0881,PRD-004,AGT-012,AGC-002,2024-03-25,2025-03-20,Expiré,8531000,597000,Semestrielle,Oui,Carte bancaire,12
CTR-01457,CLT-0668,PRD-001,AGT-003,AGC-001,2023-01-23,2024-01-18,Expiré,4971000,398000,Semestrielle,Oui,Mobile Money,12
CTR-01458,CLT-0818,PRD-001,AGT-012,AGC-002,2023-08-06,2026-07-21,Actif,5074000,406000,Semestrielle,Oui,Espèces,36
CTR-01459,CLT-0623,PRD-001,AGT-037,AGC-006,2025-04-19,2026-04-14,Actif,2291000,183000,Semestrielle,Non,Espèces,12
CTR-01460,CLT-0399,PRD-001,AGT-057,AGC-011,2024-03-22,2025-03-17,Expiré,1743000,139000,Mensuelle,Non,Espèces,12
CTR-01461,CLT-0734,PRD-007,AGT-046,AGC-008,2023-08-07,2025-07-27,Expiré,57744000,6929000,Semestrielle,Non,Espèces,24
CTR-01462,CLT-0132,PRD-004,AGT-026,AGC-004,2023-07-28,2026-07-12,Actif,4899000,343000,Semestrielle,Non,Espèces,36
CTR-01463,CLT-0408,PRD-003,AGT-017,AGC-002,2023-01-29,2026-01-13,Actif,12974000,1168000,Trimestrielle,Oui,Mobile Money,36
CTR-01464,CLT-0817,PRD-001,AGT-031,AGC-005,2024-09-30,2025-09-25,Expiré,3706000,296000,Annuelle,Oui,Virement bancaire,12
CTR-01465,CLT-0811,PRD-006,AGT-041,AGC-007,2024-05-22,2025-05-17,Expiré,33753000,3713000,Annuelle,Oui,Mobile Money,12
CTR-01466,CLT-0439,PRD-003,AGT-001,AGC-001,2025-05-12,2028-04-26,Actif,12965000,1167000,Mensuelle,Oui,Virement bancaire,36
CTR-01467,CLT-0196,PRD-007,AGT-037,AGC-006,2024-10-11,2026-10-01,Actif,50479000,6057000,Annuelle,Oui,Mobile Money,24
CTR-01468,CLT-0422,PRD-006,AGT-017,AGC-002,2023-10-01,2024-09-25,Expiré,16724000,1840000,Annuelle,Oui,Chèque,12
CTR-01469,CLT-0716,PRD-006,AGT-039,AGC-006,2025-05-08,2026-05-03,Actif,10556000,1161000,Annuelle,Non,Mobile Money,12
CTR-01470,CLT-0936,PRD-006,AGT-022,AGC-003,2025-01-27,2027-01-17,Actif,11300000,1243000,Annuelle,Oui,Virement bancaire,24
CTR-01471,CLT-0820,PRD-005,AGT-007,AGC-001,2025-03-04,2027-02-22,Actif,953000,57000,Semestrielle,Oui,Chèque,24
CTR-01472,CLT-0264,PRD-007,AGT-002,AGC-001,2023-06-10,2025-05-30,Expiré,56728000,6807000,Semestrielle,Non,Virement bancaire,24
CTR-01473,CLT-0933,PRD-001,AGT-034,AGC-005,2023-12-14,2024-12-08,Expiré,3949000,316000,Trimestrielle,Oui,Virement bancaire,12
CTR-01474,CLT-0942,PRD-007,AGT-004,AGC-001,2025-04-16,2026-04-11,Actif,36553000,4386000,Annuelle,Non,Mobile Money,12
CTR-01475,CLT-0847,PRD-007,AGT-037,AGC-006,2024-02-12,2026-02-01,Actif,47326000,5679000,Mensuelle,Non,Mobile Money,24
CTR-01476,CLT-0514,PRD-004,AGT-053,AGC-010,2023-07-29,2024-07-23,Expiré,6543000,458000,Semestrielle,Oui,Chèque,12
CTR-01477,CLT-0298,PRD-001,AGT-028,AGC-004,2024-12-15,2025-12-10,Expiré,3943000,315000,Semestrielle,Oui,Mobile Money,12
CTR-01478,CLT-0479,PRD-006,AGT-034,AGC-005,2025-06-09,2028-05-24,Actif,15698000,1727000,Trimestrielle,Non,Mobile Money,36
CTR-01479,CLT-0455,PRD-005,AGT-033,AGC-005,2023-07-17,2025-07-06,Expiré,2436000,146000,Annuelle,Non,Mobile Money,24
CTR-01480,CLT-0207,PRD-003,AGT-009,AGC-001,2023-03-02,2024-02-25,Expiré,5080000,457000,Mensuelle,Oui,Mobile Money,12
CTR-01481,CLT-0365,PRD-008,AGT-044,AGC-007,2024-02-21,2027-02-05,Actif,48753000,6338000,Trimestrielle,Non,Mobile Money,36
CTR-01482,CLT-0336,PRD-006,AGT-021,AGC-003,2023-12-27,2024-12-21,Résilié,10095000,1110000,Trimestrielle,Non,Espèces,12
CTR-01483,CLT-0054,PRD-003,AGT-022,AGC-003,2025-03-16,2027-03-06,Actif,12700000,1143000,Mensuelle,Non,Espèces,24
CTR-01484,CLT-0074,PRD-003,AGT-020,AGC-003,2023-04-20,2024-04-14,Résilié,13339000,1201000,Mensuelle,Non,Carte bancaire,12
CTR-01485,CLT-0603,PRD-005,AGT-056,AGC-011,2023-05-28,2025-05-17,Résilié,744000,45000,Trimestrielle,Non,Mobile Money,24
CTR-01486,CLT-0437,PRD-001,AGT-047,AGC-008,2025-04-20,2026-04-15,Actif,1647000,132000,Mensuelle,Oui,Mobile Money,12
CTR-01487,CLT-0199,PRD-001,AGT-037,AGC-006,2023-06-07,2026-05-22,Actif,3294000,264000,Mensuelle,Non,Carte bancaire,36
CTR-01488,CLT-0341,PRD-006,AGT-034,AGC-005,2023-08-17,2024-08-11,Expiré,22453000,2470000,Mensuelle,Non,Virement bancaire,12
CTR-01489,CLT-0013,PRD-004,AGT-018,AGC-003,2025-04-23,2027-04-13,Actif,6175000,432000,Annuelle,Non,Carte bancaire,24
CTR-01490,CLT-0899,PRD-004,AGT-051,AGC-009,2023-06-06,2024-05-31,Expiré,4538000,318000,Trimestrielle,Non,Mobile Money,12
CTR-01491,CLT-0937,PRD-001,AGT-016,AGC-002,2025-02-08,2027-01-29,Actif,2547000,204000,Annuelle,Non,Virement bancaire,24
CTR-01492,CLT-0511,PRD-005,AGT-058,AGC-011,2023-09-15,2025-09-04,Résilié,1586000,95000,Semestrielle,Non,Mobile Money,24
CTR-01493,CLT-0144,PRD-005,AGT-019,AGC-003,2025-01-04,2026-12-25,Actif,895000,54000,Annuelle,Non,Espèces,24
CTR-01494,CLT-0239,PRD-008,AGT-022,AGC-003,2024-09-06,2027-08-22,Actif,25493000,3314000,Semestrielle,Non,Carte bancaire,36
CTR-01495,CLT-0480,PRD-002,AGT-010,AGC-002,2023-08-21,2024-08-15,Expiré,9320000,932000,Trimestrielle,Non,Mobile Money,12
CTR-01496,CLT-0625,PRD-003,AGT-058,AGC-011,2023-11-13,2024-11-07,Résilié,11854000,1067000,Annuelle,Non,Virement bancaire,12
CTR-01497,CLT-0739,PRD-001,AGT-009,AGC-001,2025-02-11,2027-02-01,Actif,5348000,428000,Semestrielle,Oui,Carte bancaire,24
CTR-01498,CLT-0714,PRD-004,AGT-056,AGC-011,2024-08-07,2025-08-02,Expiré,7365000,516000,Annuelle,Oui,Espèces,12
CTR-01499,CLT-0659,PRD-003,AGT-034,AGC-005,2025-02-13,2026-02-08,Actif,10375000,934000,Mensuelle,Non,Mobile Money,12
CTR-01500,CLT-0102,PRD-007,AGT-023,AGC-003,2023-01-03,2023-12-29,Expiré,47831000,5740000,Semestrielle,Non,Virement bancaire,12
CTR-01501,CLT-0381,PRD-001,AGT-045,AGC-008,2024-04-24,2025-04-19,Expiré,5105000,408000,Annuelle,Non,Carte bancaire,12
CTR-01502,CLT-0577,PRD-002,AGT-039,AGC-006,2025-05-06,2026-05-01,Actif,7363000,736000,Mensuelle,Oui,Virement bancaire,12
CTR-01503,CLT-0226,PRD-005,AGT-009,AGC-001,2024-08-16,2025-08-11,Expiré,677000,41000,Annuelle,Non,Espèces,12
CTR-01504,CLT-0726,PRD-007,AGT-048,AGC-008,2023-11-20,2025-11-09,Résilié,45723000,5487000,Semestrielle,Non,Mobile Money,24
CTR-01505,CLT-0688,PRD-007,AGT-017,AGC-002,2024-04-02,2025-03-28,Expiré,13530000,1624000,Trimestrielle,Non,Mobile Money,12
CTR-01506,CLT-0208,PRD-004,AGT-009,AGC-001,2024-07-07,2026-06-27,Actif,2279000,160000,Mensuelle,Non,Mobile Money,24
CTR-01507,CLT-0362,PRD-004,AGT-010,AGC-002,2024-07-25,2025-07-20,Expiré,8913000,624000,Semestrielle,Non,Espèces,12
CTR-01508,CLT-0847,PRD-004,AGT-029,AGC-004,2024-06-08,2025-06-03,Expiré,2160000,151000,Mensuelle,Oui,Mobile Money,12
CTR-01509,CLT-0082,PRD-001,AGT-030,AGC-005,2023-07-04,2024-06-28,Expiré,4655000,372000,Annuelle,Oui,Virement bancaire,12
CTR-01510,CLT-0561,PRD-007,AGT-031,AGC-005,2024-08-03,2026-07-24,Actif,37001000,4440000,Annuelle,Non,Carte bancaire,24
CTR-01511,CLT-0101,PRD-004,AGT-001,AGC-001,2024-10-26,2026-10-16,Actif,2049000,143000,Semestrielle,Oui,Carte bancaire,24
CTR-01512,CLT-0611,PRD-001,AGT-008,AGC-001,2024-08-23,2025-08-18,Expiré,2014000,161000,Trimestrielle,Non,Virement bancaire,12
CTR-01513,CLT-0237,PRD-002,AGT-055,AGC-010,2024-11-09,2027-10-25,Actif,7493000,749000,Annuelle,Oui,Chèque,36
CTR-01514,CLT-0249,PRD-006,AGT-008,AGC-001,2023-12-02,2024-11-26,Expiré,22245000,2447000,Annuelle,Non,Chèque,12
CTR-01515,CLT-0196,PRD-003,AGT-040,AGC-007,2025-03-30,2026-03-25,Actif,5834000,525000,Mensuelle,Oui,Carte bancaire,12
CTR-01516,CLT-0921,PRD-007,AGT-006,AGC-001,2023-12-15,2025-12-04,Expiré,73269000,8792000,Annuelle,Oui,Mobile Money,24
CTR-01517,CLT-0660,PRD-001,AGT-029,AGC-004,2024-11-22,2026-11-12,Actif,2279000,182000,Annuelle,Oui,Mobile Money,24
CTR-01518,CLT-0319,PRD-003,AGT-026,AGC-004,2023-04-18,2026-04-02,Actif,6736000,606000,Trimestrielle,Oui,Espèces,36
CTR-01519,CLT-0942,PRD-006,AGT-041,AGC-007,2024-10-25,2026-10-15,Actif,22017000,2422000,Trimestrielle,Oui,Mobile Money,24
CTR-01520,CLT-0333,PRD-005,AGT-024,AGC-003,2024-06-30,2026-06-20,Actif,1936000,116000,Trimestrielle,Non,Carte bancaire,24
CTR-01521,CLT-0633,PRD-003,AGT-003,AGC-001,2023-08-26,2025-08-15,Expiré,12336000,1110000,Trimestrielle,Oui,Mobile Money,24
CTR-01522,CLT-0422,PRD-008,AGT-032,AGC-005,2023-01-26,2026-01-10,Actif,89226000,11599000,Trimestrielle,Non,Carte bancaire,36
CTR-01523,CLT-0977,PRD-002,AGT-007,AGC-001,2023-08-12,2026-07-27,Actif,10841000,1084000,Annuelle,Non,Mobile Money,36
CTR-01524,CLT-0214,PRD-007,AGT-021,AGC-003,2024-01-10,2025-01-04,Résilié,40071000,4809000,Semestrielle,Non,Espèces,12
CTR-01525,CLT-0450,PRD-002,AGT-029,AGC-004,2025-03-03,2027-02-21,Actif,9685000,968000,Annuelle,Oui,Mobile Money,24
CTR-01526,CLT-0378,PRD-008,AGT-036,AGC-006,2025-04-21,2026-04-16,Actif,45905000,5968000,Annuelle,Oui,Virement bancaire,12
CTR-01527,CLT-0071,PRD-004,AGT-037,AGC-006,2024-07-04,2025-06-29,Expiré,5790000,405000,Annuelle,Non,Mobile Money,12
CTR-01528,CLT-0814,PRD-003,AGT-027,AGC-004,2024-02-03,2025-01-28,Expiré,11916000,1072000,Trimestrielle,Non,Virement bancaire,12
CTR-01529,CLT-0944,PRD-005,AGT-011,AGC-002,2024-03-10,2025-03-05,Expiré,329000,20000,Mensuelle,Oui,Mobile Money,12
CTR-01530,CLT-0097,PRD-003,AGT-032,AGC-005,2023-04-12,2024-04-06,Expiré,13053000,1175000,Trimestrielle,Non,Carte bancaire,12
CTR-01531,CLT-0723,PRD-004,AGT-046,AGC-008,2024-12-11,2025-12-06,Expiré,2812000,197000,Semestrielle,Non,Virement bancaire,12
CTR-01532,CLT-0129,PRD-004,AGT-013,AGC-002,2023-07-26,2025-07-15,Expiré,3061000,214000,Semestrielle,Non,Chèque,24
CTR-01533,CLT-0768,PRD-001,AGT-044,AGC-007,2024-01-29,2026-01-18,Actif,2155000,172000,Mensuelle,Non,Mobile Money,24
CTR-01534,CLT-0471,PRD-001,AGT-043,AGC-007,2024-02-28,2025-02-22,Expiré,1988000,159000,Trimestrielle,Oui,Mobile Money,12
CTR-01535,CLT-0179,PRD-007,AGT-056,AGC-011,2025-03-23,2027-03-13,Actif,20552000,2466000,Annuelle,Non,Mobile Money,24
CTR-01536,CLT-0603,PRD-004,AGT-004,AGC-001,2025-01-12,2026-01-07,Actif,4964000,347000,Trimestrielle,Oui,Mobile Money,12
CTR-01537,CLT-0759,PRD-001,AGT-028,AGC-004,2024-09-21,2025-09-16,Expiré,3183000,255000,Mensuelle,Non,Mobile Money,12
CTR-01538,CLT-0632,PRD-001,AGT-015,AGC-002,2023-03-06,2024-02-29,Résilié,4678000,374000,Trimestrielle,Non,Mobile Money,12
CTR-01539,CLT-0890,PRD-007,AGT-045,AGC-008,2024-07-16,2025-07-11,Expiré,27233000,3268000,Semestrielle,Oui,Carte bancaire,12
CTR-01540,CLT-0366,PRD-006,AGT-039,AGC-006,2024-10-10,2025-10-05,Expiré,10212000,1123000,Semestrielle,Oui,Mobile Money,12
CTR-01541,CLT-0902,PRD-002,AGT-001,AGC-001,2023-01-27,2024-01-22,Résilié,10343000,1034000,Annuelle,Non,Mobile Money,12
CTR-01542,CLT-0997,PRD-001,AGT-047,AGC-008,2023-03-07,2025-02-24,Résilié,5319000,426000,Annuelle,Non,Mobile Money,24
CTR-01543,CLT-0296,PRD-008,AGT-016,AGC-002,2024-05-07,2025-05-02,Expiré,84882000,11035000,Trimestrielle,Oui,Carte bancaire,12
CTR-01544,CLT-0980,PRD-002,AGT-015,AGC-002,2023-10-10,2024-10-04,Expiré,4670000,467000,Mensuelle,Non,Carte bancaire,12
CTR-01545,CLT-0153,PRD-003,AGT-008,AGC-001,2024-06-22,2025-06-17,Expiré,6802000,612000,Annuelle,Oui,Espèces,12
CTR-01546,CLT-0015,PRD-004,AGT-017,AGC-002,2024-05-22,2026-05-12,Actif,4974000,348000,Mensuelle,Non,Mobile Money,24
CTR-01547,CLT-0383,PRD-004,AGT-009,AGC-001,2024-05-06,2027-04-21,Actif,2600000,182000,Mensuelle,Oui,Espèces,36
CTR-01548,CLT-0067,PRD-002,AGT-022,AGC-003,2024-02-27,2025-02-21,Expiré,12562000,1256000,Trimestrielle,Non,Mobile Money,12
CTR-01549,CLT-0100,PRD-001,AGT-039,AGC-006,2023-11-24,2024-11-18,Expiré,5032000,403000,Trimestrielle,Non,Mobile Money,12
CTR-01550,CLT-0858,PRD-001,AGT-050,AGC-009,2023-09-08,2026-08-23,Actif,4025000,322000,Mensuelle,Oui,Virement bancaire,36
CTR-01551,CLT-0201,PRD-001,AGT-003,AGC-001,2023-07-19,2024-07-13,Résilié,4772000,382000,Trimestrielle,Non,Virement bancaire,12
CTR-01552,CLT-0965,PRD-003,AGT-042,AGC-007,2025-04-30,2026-04-25,Actif,7965000,717000,Mensuelle,Oui,Espèces,12
CTR-01553,CLT-0414,PRD-003,AGT-006,AGC-001,2023-03-19,2024-03-13,Expiré,9797000,882000,Annuelle,Oui,Mobile Money,12
CTR-01554,CLT-0915,PRD-002,AGT-050,AGC-009,2023-05-12,2024-05-06,Expiré,4299000,430000,Mensuelle,Non,Chèque,12
CTR-01555,CLT-0134,PRD-002,AGT-006,AGC-001,2024-01-22,2025-01-16,Expiré,11687000,1169000,Annuelle,Non,Carte bancaire,12
CTR-01556,CLT-0117,PRD-006,AGT-014,AGC-002,2023-08-03,2024-07-28,Expiré,9556000,1051000,Mensuelle,Oui,Mobile Money,12
CTR-01557,CLT-0997,PRD-001,AGT-013,AGC-002,2025-01-20,2026-01-15,Actif,3309000,265000,Semestrielle,Non,Mobile Money,12
CTR-01558,CLT-0222,PRD-002,AGT-027,AGC-004,2025-03-02,2027-02-20,Actif,10807000,1081000,Mensuelle,Oui,Mobile Money,24
CTR-01559,CLT-0525,PRD-003,AGT-012,AGC-002,2025-02-02,2026-01-28,Actif,12723000,1145000,Mensuelle,Non,Carte bancaire,12
CTR-01560,CLT-0652,PRD-005,AGT-036,AGC-006,2023-10-11,2025-09-30,Expiré,1675000,100000,Trimestrielle,Oui,Mobile Money,24
CTR-01561,CLT-0415,PRD-007,AGT-003,AGC-001,2024-01-28,2027-01-12,Actif,30214000,3626000,Semestrielle,Non,Espèces,36
CTR-01562,CLT-0500,PRD-006,AGT-019,AGC-003,2024-01-14,2026-01-03,Actif,27000000,2970000,Semestrielle,Oui,Mobile Money,24
CTR-01563,CLT-0308,PRD-001,AGT-027,AGC-004,2023-08-13,2024-08-07,Résilié,3943000,315000,Mensuelle,Non,Carte bancaire,12
CTR-01564,CLT-0797,PRD-008,AGT-016,AGC-002,2024-03-20,2026-03-10,Actif,65019000,8452000,Semestrielle,Oui,Virement bancaire,24
CTR-01565,CLT-0717,PRD-008,AGT-009,AGC-001,2025-06-28,2026-06-23,Actif,33738000,4386000,Annuelle,Oui,Virement bancaire,12
CTR-01566,CLT-0398,PRD-004,AGT-032,AGC-005,2023-04-16,2024-04-10,Expiré,6487000,454000,Semestrielle,Non,Mobile Money,12
CTR-01567,CLT-0202,PRD-006,AGT-031,AGC-005,2023-11-28,2024-11-22,Résilié,10732000,1181000,Trimestrielle,Non,Mobile Money,12
CTR-01568,CLT-0440,PRD-002,AGT-033,AGC-005,2025-03-14,2026-03-09,Actif,9846000,985000,Semestrielle,Oui,Virement bancaire,12
CTR-01569,CLT-0243,PRD-005,AGT-044,AGC-007,2025-03-17,2027-03-07,Actif,1873000,112000,Mensuelle,Non,Chèque,24
CTR-01570,CLT-0086,PRD-001,AGT-055,AGC-010,2024-11-02,2025-10-28,Expiré,2840000,227000,Annuelle,Oui,Mobile Money,12
CTR-01571,CLT-0389,PRD-001,AGT-040,AGC-007,2023-04-08,2024-04-02,Expiré,4351000,348000,Annuelle,Non,Espèces,12
CTR-01572,CLT-0918,PRD-001,AGT-044,AGC-007,2023-08-01,2024-07-26,Résilié,4927000,394000,Trimestrielle,Non,Espèces,12
CTR-01573,CLT-0787,PRD-002,AGT-048,AGC-008,2023-07-08,2024-07-02,Expiré,5153000,515000,Annuelle,Non,Espèces,12
CTR-01574,CLT-0863,PRD-006,AGT-021,AGC-003,2023-07-30,2026-07-14,Actif,8825000,971000,Mensuelle,Oui,Chèque,36
CTR-01575,CLT-0882,PRD-007,AGT-037,AGC-006,2023-01-12,2024-01-07,Résilié,23113000,2774000,Annuelle,Non,Espèces,12
CTR-01576,CLT-0684,PRD-001,AGT-038,AGC-006,2025-01-05,2025-12-31,Actif,3814000,305000,Trimestrielle,Non,Virement bancaire,12
CTR-01577,CLT-0422,PRD-005,AGT-031,AGC-005,2023-12-03,2024-11-27,Expiré,531000,32000,Mensuelle,Non,Carte bancaire,12
CTR-01578,CLT-0585,PRD-001,AGT-023,AGC-003,2023-09-10,2024-09-04,Expiré,3548000,284000,Mensuelle,Non,Mobile Money,12
CTR-01579,CLT-0279,PRD-008,AGT-016,AGC-002,2025-05-03,2026-04-28,Actif,75008000,9751000,Mensuelle,Non,Carte bancaire,12
CTR-01580,CLT-0289,PRD-001,AGT-032,AGC-005,2023-04-01,2025-03-21,Résilié,5453000,436000,Trimestrielle,Non,Mobile Money,24
CTR-01581,CLT-0076,PRD-008,AGT-053,AGC-010,2023-04-17,2024-04-11,Résilié,70683000,9189000,Semestrielle,Non,Virement bancaire,12
CTR-01582,CLT-0086,PRD-006,AGT-005,AGC-001,2024-11-02,2026-10-23,Actif,13604000,1496000,Mensuelle,Non,Virement bancaire,24
CTR-01583,CLT-0903,PRD-003,AGT-018,AGC-003,2024-02-18,2027-02-02,Actif,22487000,2024000,Mensuelle,Non,Virement bancaire,36
CTR-01584,CLT-0041,PRD-002,AGT-004,AGC-001,2023-09-22,2024-09-16,Expiré,6633000,663000,Annuelle,Non,Chèque,12
CTR-01585,CLT-0215,PRD-002,AGT-001,AGC-001,2024-12-13,2025-12-08,Résilié,6085000,608000,Annuelle,Non,Chèque,12
CTR-01586,CLT-0103,PRD-002,AGT-030,AGC-005,2023-03-23,2024-03-17,Expiré,10842000,1084000,Annuelle,Non,Espèces,12
CTR-01587,CLT-0898,PRD-001,AGT-044,AGC-007,2024-11-29,2025-11-24,Résilié,1557000,125000,Mensuelle,Non,Chèque,12
CTR-01588,CLT-0686,PRD-007,AGT-009,AGC-001,2024-07-22,2026-07-12,Actif,14413000,1730000,Mensuelle,Oui,Mobile Money,24
CTR-01589,CLT-0872,PRD-005,AGT-017,AGC-002,2024-12-14,2025-12-09,Résilié,769000,46000,Trimestrielle,Non,Carte bancaire,12
CTR-01590,CLT-0378,PRD-004,AGT-016,AGC-002,2023-07-12,2025-07-01,Expiré,11407000,798000,Annuelle,Oui,Mobile Money,24
CTR-01591,CLT-0630,PRD-008,AGT-038,AGC-006,2023-05-06,2025-04-25,Résilié,27699000,3601000,Semestrielle,Non,Espèces,24
CTR-01592,CLT-0291,PRD-007,AGT-004,AGC-001,2023-03-26,2026-03-10,Actif,20890000,2507000,Semestrielle,Oui,Mobile Money,36
CTR-01593,CLT-0678,PRD-002,AGT-009,AGC-001,2023-09-17,2025-09-06,Expiré,11987000,1199000,Semestrielle,Oui,Virement bancaire,24
CTR-01594,CLT-0915,PRD-001,AGT-006,AGC-001,2023-10-17,2024-10-11,Résilié,4770000,382000,Trimestrielle,Non,Mobile Money,12
CTR-01595,CLT-0722,PRD-005,AGT-027,AGC-004,2024-03-12,2025-03-07,Expiré,1554000,93000,Mensuelle,Non,Espèces,12
CTR-01596,CLT-0379,PRD-001,AGT-060,AGC-012,2024-03-19,2025-03-14,Résilié,4710000,377000,Mensuelle,Non,Mobile Money,12
CTR-01597,CLT-0517,PRD-002,AGT-003,AGC-001,2024-04-04,2026-03-25,Actif,4691000,469000,Trimestrielle,Oui,Carte bancaire,24
CTR-01598,CLT-0371,PRD-003,AGT-007,AGC-001,2025-06-13,2026-06-08,Actif,3271000,294000,Mensuelle,Oui,Chèque,12
CTR-01599,CLT-0944,PRD-002,AGT-049,AGC-009,2025-04-18,2026-04-13,Actif,9186000,919000,Annuelle,Non,Mobile Money,12
CTR-01600,CLT-0807,PRD-006,AGT-024,AGC-003,2023-04-16,2025-04-05,Expiré,17763000,1954000,Trimestrielle,Non,Virement bancaire,24
CTR-01601,CLT-0689,PRD-002,AGT-059,AGC-012,2024-05-12,2025-05-07,Expiré,12294000,1229000,Trimestrielle,Oui,Espèces,12
CTR-01602,CLT-0360,PRD-007,AGT-036,AGC-006,2023-08-23,2024-08-17,Expiré,18749000,2250000,Mensuelle,Oui,Mobile Money,12
CTR-01603,CLT-0335,PRD-007,AGT-027,AGC-004,2024-09-12,2025-09-07,Expiré,10064000,1208000,Semestrielle,Oui,Virement bancaire,12
CTR-01604,CLT-0464,PRD-005,AGT-006,AGC-001,2025-06-30,2027-06-20,Actif,2229000,134000,Trimestrielle,Non,Espèces,24
CTR-01605,CLT-0874,PRD-008,AGT-015,AGC-002,2025-03-09,2028-02-22,Actif,84573000,10994000,Semestrielle,Oui,Virement bancaire,36
CTR-01606,CLT-0946,PRD-007,AGT-048,AGC-008,2023-10-24,2024-10-18,Expiré,52229000,6267000,Semestrielle,Non,Espèces,12
CTR-01607,CLT-0778,PRD-003,AGT-012,AGC-002,2024-07-07,2025-07-02,Expiré,13739000,1237000,Mensuelle,Oui,Carte bancaire,12
CTR-01608,CLT-0966,PRD-003,AGT-015,AGC-002,2025-06-11,2027-06-01,Actif,14992000,1349000,Annuelle,Non,Chèque,24
CTR-01609,CLT-0269,PRD-002,AGT-033,AGC-005,2023-10-22,2025-10-11,Expiré,8405000,840000,Semestrielle,Oui,Virement bancaire,24
CTR-01610,CLT-0949,PRD-005,AGT-004,AGC-001,2025-02-13,2026-02-08,Actif,2459000,148000,Semestrielle,Non,Espèces,12
CTR-01611,CLT-0233,PRD-003,AGT-030,AGC-005,2024-11-14,2025-11-09,Expiré,10928000,984000,Semestrielle,Non,Mobile Money,12
CTR-01612,CLT-0940,PRD-008,AGT-052,AGC-009,2024-09-02,2025-08-28,Expiré,39895000,5186000,Trimestrielle,Oui,Mobile Money,12
CTR-01613,CLT-0382,PRD-004,AGT-010,AGC-002,2024-07-11,2026-07-01,Actif,3306000,231000,Mensuelle,Non,Mobile Money,24
CTR-01614,CLT-0988,PRD-003,AGT-037,AGC-006,2024-01-03,2025-12-23,Expiré,19097000,1719000,Trimestrielle,Oui,Virement bancaire,24
CTR-01615,CLT-0398,PRD-003,AGT-019,AGC-003,2024-04-08,2026-03-29,Actif,7455000,671000,Mensuelle,Non,Mobile Money,24
CTR-01616,CLT-0455,PRD-003,AGT-057,AGC-011,2024-11-10,2025-11-05,Expiré,13787000,1241000,Trimestrielle,Oui,Virement bancaire,12
CTR-01617,CLT-0525,PRD-002,AGT-028,AGC-004,2024-09-22,2026-09-12,Actif,9121000,912000,Mensuelle,Non,Mobile Money,24
CTR-01618,CLT-0793,PRD-007,AGT-050,AGC-009,2023-11-27,2025-11-16,Résilié,44359000,5323000,Semestrielle,Non,Mobile Money,24
CTR-01619,CLT-0145,PRD-008,AGT-005,AGC-001,2024-06-08,2025-06-03,Expiré,35642000,4633000,Trimestrielle,Non,Virement bancaire,12
CTR-01620,CLT-0351,PRD-002,AGT-055,AGC-010,2023-04-21,2024-04-15,Expiré,7668000,767000,Semestrielle,Non,Espèces,12
CTR-01621,CLT-0179,PRD-007,AGT-033,AGC-005,2023-01-16,2024-01-11,Expiré,39679000,4761000,Annuelle,Oui,Mobile Money,12
CTR-01622,CLT-0148,PRD-005,AGT-022,AGC-003,2023-10-26,2024-10-20,Résilié,2166000,130000,Trimestrielle,Non,Mobile Money,12
CTR-01623,CLT-0830,PRD-001,AGT-018,AGC-003,2023-10-14,2024-10-08,Résilié,3618000,289000,Trimestrielle,Non,Chèque,12
CTR-01624,CLT-0707,PRD-005,AGT-003,AGC-001,2023-04-12,2024-04-06,Résilié,1621000,97000,Annuelle,Non,Espèces,12
CTR-01625,CLT-0090,PRD-003,AGT-031,AGC-005,2023-05-03,2024-04-27,Expiré,5113000,460000,Semestrielle,Non,Mobile Money,12
CTR-01626,CLT-0855,PRD-001,AGT-012,AGC-002,2025-04-19,2026-04-14,Actif,1616000,129000,Annuelle,Oui,Virement bancaire,12
CTR-01627,CLT-0513,PRD-001,AGT-027,AGC-004,2023-01-08,2024-01-03,Expiré,1833000,147000,Mensuelle,Non,Mobile Money,12
CTR-01628,CLT-0250,PRD-002,AGT-033,AGC-005,2024-09-10,2025-09-05,Expiré,4016000,402000,Mensuelle,Non,Virement bancaire,12
CTR-01629,CLT-0350,PRD-003,AGT-019,AGC-003,2025-05-11,2026-05-06,Actif,17636000,1587000,Semestrielle,Non,Espèces,12
CTR-01630,CLT-0758,PRD-003,AGT-060,AGC-012,2023-01-03,2024-12-23,Expiré,10460000,941000,Mensuelle,Non,Mobile Money,24
CTR-01631,CLT-0799,PRD-003,AGT-046,AGC-008,2023-05-20,2025-05-09,Expiré,9329000,840000,Trimestrielle,Non,Carte bancaire,24
CTR-01632,CLT-0787,PRD-001,AGT-020,AGC-003,2024-03-27,2026-03-17,Actif,4433000,355000,Annuelle,Non,Espèces,24
CTR-01633,CLT-0303,PRD-008,AGT-023,AGC-003,2024-09-21,2026-09-11,Actif,28740000,3736000,Trimestrielle,Oui,Mobile Money,24
CTR-01634,CLT-0993,PRD-003,AGT-018,AGC-003,2023-12-19,2024-12-13,Expiré,13756000,1238000,Mensuelle,Non,Carte bancaire,12
CTR-01635,CLT-0164,PRD-004,AGT-051,AGC-009,2024-05-03,2025-04-28,Expiré,2519000,176000,Mensuelle,Non,Espèces,12
CTR-01636,CLT-0071,PRD-005,AGT-023,AGC-003,2024-07-14,2026-07-04,Actif,1543000,93000,Annuelle,Non,Virement bancaire,24
CTR-01637,CLT-0210,PRD-003,AGT-004,AGC-001,2024-12-01,2025-11-26,Expiré,10029000,903000,Mensuelle,Oui,Carte bancaire,12
CTR-01638,CLT-0530,PRD-006,AGT-037,AGC-006,2024-02-29,2025-02-23,Expiré,6663000,733000,Semestrielle,Non,Espèces,12
CTR-01639,CLT-0042,PRD-001,AGT-043,AGC-007,2025-04-30,2026-04-25,Actif,4679000,374000,Trimestrielle,Non,Chèque,12
CTR-01640,CLT-0153,PRD-007,AGT-040,AGC-007,2023-08-01,2024-07-26,Expiré,39972000,4797000,Annuelle,Non,Mobile Money,12
CTR-01641,CLT-0214,PRD-001,AGT-029,AGC-004,2024-12-31,2025-12-26,Expiré,3438000,275000,Trimestrielle,Non,Mobile Money,12
CTR-01642,CLT-0074,PRD-007,AGT-019,AGC-003,2024-06-20,2025-06-15,Expiré,48947000,5874000,Mensuelle,Non,Mobile Money,12
CTR-01643,CLT-0362,PRD-001,AGT-020,AGC-003,2023-07-08,2024-07-02,Résilié,4569000,366000,Annuelle,Non,Mobile Money,12
CTR-01644,CLT-0825,PRD-001,AGT-014,AGC-002,2023-11-20,2026-11-04,Actif,3759000,301000,Mensuelle,Non,Chèque,36
CTR-01645,CLT-0375,PRD-005,AGT-016,AGC-002,2024-09-20,2025-09-15,Expiré,2238000,134000,Semestrielle,Non,Espèces,12
CTR-01646,CLT-0286,PRD-007,AGT-032,AGC-005,2025-04-30,2026-04-25,Actif,25341000,3041000,Trimestrielle,Non,Chèque,12
CTR-01647,CLT-0593,PRD-001,AGT-032,AGC-005,2024-01-28,2025-01-22,Expiré,1884000,151000,Mensuelle,Non,Mobile Money,12
CTR-01648,CLT-0130,PRD-006,AGT-055,AGC-010,2024-05-19,2025-05-14,Résilié,19794000,2177000,Semestrielle,Non,Virement bancaire,12
CTR-01649,CLT-0599,PRD-006,AGT-014,AGC-002,2025-06-06,2026-06-01,Actif,9578000,1054000,Trimestrielle,Oui,Carte bancaire,12
CTR-01650,CLT-0381,PRD-008,AGT-013,AGC-002,2023-10-27,2025-10-16,Expiré,106581000,13856000,Annuelle,Non,Virement bancaire,24
CTR-01651,CLT-0716,PRD-001,AGT-054,AGC-010,2025-01-10,2026-01-05,Actif,4503000,360000,Mensuelle,Oui,Mobile Money,12
CTR-01652,CLT-0715,PRD-005,AGT-019,AGC-003,2023-08-24,2025-08-13,Expiré,506000,30000,Semestrielle,Non,Chèque,24
CTR-01653,CLT-0971,PRD-001,AGT-017,AGC-002,2024-10-22,2026-10-12,Actif,2046000,164000,Semestrielle,Oui,Virement bancaire,24
CTR-01654,CLT-0325,PRD-001,AGT-057,AGC-011,2024-02-14,2026-02-03,Actif,3058000,245000,Trimestrielle,Oui,Mobile Money,24
CTR-01655,CLT-0144,PRD-007,AGT-048,AGC-008,2023-07-25,2024-07-19,Expiré,16916000,2030000,Mensuelle,Non,Carte bancaire,12
CTR-01656,CLT-0862,PRD-001,AGT-055,AGC-010,2024-06-14,2025-06-09,Résilié,1943000,155000,Annuelle,Non,Carte bancaire,12
CTR-01657,CLT-0891,PRD-004,AGT-013,AGC-002,2024-03-09,2026-02-27,Actif,10289000,720000,Annuelle,Oui,Mobile Money,24
CTR-01658,CLT-0962,PRD-008,AGT-033,AGC-005,2024-05-25,2026-05-15,Actif,75975000,9877000,Trimestrielle,Non,Carte bancaire,24
CTR-01659,CLT-0656,PRD-005,AGT-032,AGC-005,2024-03-21,2026-03-11,Actif,2464000,148000,Annuelle,Oui,Chèque,24
CTR-01660,CLT-0287,PRD-004,AGT-049,AGC-009,2025-06-06,2026-06-01,Actif,3831000,268000,Annuelle,Non,Chèque,12
CTR-01661,CLT-0953,PRD-002,AGT-001,AGC-001,2023-03-21,2024-03-15,Expiré,11428000,1143000,Annuelle,Oui,Mobile Money,12
CTR-01662,CLT-0708,PRD-007,AGT-039,AGC-006,2025-06-17,2026-06-12,Actif,57583000,6910000,Semestrielle,Non,Carte bancaire,12
CTR-01663,CLT-0753,PRD-001,AGT-011,AGC-002,2023-03-04,2024-02-27,Expiré,1724000,138000,Annuelle,Oui,Mobile Money,12
CTR-01664,CLT-0704,PRD-002,AGT-022,AGC-003,2024-10-11,2026-10-01,Actif,6196000,620000,Trimestrielle,Non,Mobile Money,24
CTR-01665,CLT-0361,PRD-004,AGT-010,AGC-002,2023-04-16,2026-03-31,Actif,5614000,393000,Mensuelle,Oui,Espèces,36
CTR-01666,CLT-0861,PRD-007,AGT-030,AGC-005,2023-04-04,2026-03-19,Actif,40410000,4849000,Trimestrielle,Oui,Chèque,36
CTR-01667,CLT-0106,PRD-003,AGT-034,AGC-005,2024-10-23,2026-10-13,Actif,8805000,792000,Mensuelle,Oui,Mobile Money,24
CTR-01668,CLT-0951,PRD-003,AGT-060,AGC-012,2023-04-26,2024-04-20,Expiré,15555000,1400000,Trimestrielle,Oui,Virement bancaire,12
CTR-01669,CLT-0534,PRD-002,AGT-016,AGC-002,2023-03-09,2024-03-03,Expiré,6567000,657000,Annuelle,Oui,Mobile Money,12
CTR-01670,CLT-0384,PRD-002,AGT-022,AGC-003,2023-03-10,2024-03-04,Expiré,7518000,752000,Trimestrielle,Oui,Mobile Money,12
CTR-01671,CLT-0246,PRD-008,AGT-034,AGC-005,2025-02-27,2027-02-17,Actif,27232000,3540000,Trimestrielle,Oui,Espèces,24
CTR-01672,CLT-0480,PRD-008,AGT-042,AGC-007,2024-07-26,2025-07-21,Expiré,55457000,7209000,Trimestrielle,Oui,Mobile Money,12
CTR-01673,CLT-0620,PRD-007,AGT-004,AGC-001,2023-01-07,2024-01-02,Expiré,20225000,2427000,Trimestrielle,Non,Mobile Money,12
CTR-01674,CLT-0394,PRD-003,AGT-031,AGC-005,2023-09-19,2024-09-13,Expiré,15335000,1380000,Mensuelle,Non,Espèces,12
CTR-01675,CLT-0531,PRD-003,AGT-011,AGC-002,2023-09-02,2024-08-27,Expiré,12818000,1154000,Mensuelle,Non,Chèque,12
CTR-01676,CLT-0947,PRD-003,AGT-053,AGC-010,2024-10-16,2025-10-11,Résilié,11734000,1056000,Semestrielle,Non,Espèces,12
CTR-01677,CLT-0496,PRD-006,AGT-025,AGC-004,2023-05-04,2025-04-23,Expiré,7804000,858000,Semestrielle,Oui,Virement bancaire,24
CTR-01678,CLT-0944,PRD-003,AGT-001,AGC-001,2023-01-09,2024-01-04,Expiré,3878000,349000,Semestrielle,Non,Mobile Money,12
CTR-01679,CLT-0199,PRD-002,AGT-013,AGC-002,2025-06-28,2027-06-18,Actif,4415000,442000,Trimestrielle,Non,Carte bancaire,24
CTR-01680,CLT-0679,PRD-003,AGT-029,AGC-004,2025-05-04,2028-04-18,Actif,11542000,1039000,Mensuelle,Non,Virement bancaire,36
CTR-01681,CLT-0647,PRD-003,AGT-023,AGC-003,2024-09-16,2025-09-11,Expiré,7832000,705000,Mensuelle,Non,Virement bancaire,12
CTR-01682,CLT-0741,PRD-005,AGT-026,AGC-004,2023-07-19,2024-07-13,Expiré,436000,26000,Mensuelle,Non,Chèque,12
CTR-01683,CLT-0860,PRD-002,AGT-007,AGC-001,2024-11-29,2026-11-19,Actif,5570000,557000,Mensuelle,Non,Virement bancaire,24
CTR-01684,CLT-0131,PRD-007,AGT-032,AGC-005,2023-09-07,2026-08-22,Actif,45171000,5421000,Trimestrielle,Oui,Mobile Money,36
CTR-01685,CLT-0688,PRD-002,AGT-002,AGC-001,2023-12-09,2024-12-03,Expiré,4914000,491000,Trimestrielle,Non,Virement bancaire,12
CTR-01686,CLT-0099,PRD-001,AGT-024,AGC-003,2023-06-05,2024-05-30,Expiré,1614000,129000,Semestrielle,Non,Virement bancaire,12
CTR-01687,CLT-0686,PRD-002,AGT-027,AGC-004,2024-09-04,2025-08-30,Expiré,10831000,1083000,Mensuelle,Oui,Mobile Money,12
CTR-01688,CLT-0212,PRD-003,AGT-055,AGC-010,2023-07-11,2024-07-05,Expiré,8664000,780000,Mensuelle,Oui,Mobile Money,12
CTR-01689,CLT-0918,PRD-006,AGT-058,AGC-011,2024-02-01,2026-01-21,Actif,18576000,2043000,Mensuelle,Oui,Carte bancaire,24
CTR-01690,CLT-0094,PRD-008,AGT-058,AGC-011,2023-05-23,2025-05-12,Expiré,51791000,6733000,Mensuelle,Non,Mobile Money,24
CTR-01691,CLT-0342,PRD-002,AGT-053,AGC-010,2025-01-07,2026-01-02,Actif,5028000,503000,Annuelle,Oui,Virement bancaire,12
CTR-01692,CLT-0753,PRD-005,AGT-009,AGC-001,2024-02-05,2026-01-25,Actif,490000,29000,Trimestrielle,Non,Espèces,24
CTR-01693,CLT-0089,PRD-004,AGT-032,AGC-005,2023-10-14,2024-10-08,Expiré,12286000,860000,Semestrielle,Oui,Virement bancaire,12
CTR-01694,CLT-0901,PRD-005,AGT-041,AGC-007,2023-11-24,2025-11-13,Résilié,2301000,138000,Trimestrielle,Non,Virement bancaire,24
CTR-01695,CLT-0853,PRD-007,AGT-045,AGC-008,2023-03-01,2024-02-24,Expiré,12621000,1515000,Semestrielle,Non,Espèces,12
CTR-01696,CLT-0455,PRD-004,AGT-042,AGC-007,2025-05-24,2027-05-14,Actif,8770000,614000,Semestrielle,Oui,Chèque,24
CTR-01697,CLT-0344,PRD-005,AGT-015,AGC-002,2024-07-10,2026-06-30,Actif,1620000,97000,Semestrielle,Oui,Virement bancaire,24
CTR-01698,CLT-0236,PRD-001,AGT-013,AGC-002,2024-10-10,2025-10-05,Expiré,2349000,188000,Mensuelle,Non,Chèque,12
CTR-01699,CLT-0026,PRD-004,AGT-046,AGC-008,2023-05-21,2025-05-10,Expiré,2467000,173000,Annuelle,Non,Virement bancaire,24
CTR-01700,CLT-0799,PRD-003,AGT-042,AGC-007,2025-02-26,2026-02-21,Actif,3953000,356000,Semestrielle,Oui,Espèces,12
CTR-01701,CLT-0849,PRD-007,AGT-006,AGC-001,2024-11-28,2025-11-23,Expiré,48988000,5879000,Annuelle,Oui,Mobile Money,12
CTR-01702,CLT-0953,PRD-002,AGT-022,AGC-003,2023-10-25,2026-10-09,Actif,8222000,822000,Mensuelle,Non,Mobile Money,36
CTR-01703,CLT-0684,PRD-003,AGT-016,AGC-002,2025-01-21,2027-01-11,Actif,13032000,1173000,Mensuelle,Non,Carte bancaire,24
CTR-01704,CLT-0438,PRD-003,AGT-052,AGC-009,2024-05-05,2025-04-30,Résilié,10898000,981000,Trimestrielle,Non,Chèque,12
CTR-01705,CLT-0419,PRD-008,AGT-022,AGC-003,2024-11-11,2026-11-01,Actif,16843000,2190000,Trimestrielle,Non,Carte bancaire,24
CTR-01706,CLT-0656,PRD-001,AGT-056,AGC-011,2024-08-29,2025-08-24,Expiré,4788000,383000,Semestrielle,Non,Espèces,12
CTR-01707,CLT-0717,PRD-005,AGT-021,AGC-003,2023-03-29,2026-03-13,Actif,2477000,149000,Mensuelle,Non,Chèque,36
CTR-01708,CLT-0617,PRD-005,AGT-044,AGC-007,2023-01-01,2023-12-27,Expiré,832000,50000,Trimestrielle,Non,Espèces,12
CTR-01709,CLT-0350,PRD-005,AGT-026,AGC-004,2024-03-20,2025-03-15,Expiré,2132000,128000,Trimestrielle,Oui,Espèces,12
CTR-01710,CLT-0571,PRD-003,AGT-040,AGC-007,2023-11-21,2024-11-15,Expiré,11527000,1037000,Mensuelle,Non,Mobile Money,12
CTR-01711,CLT-0914,PRD-008,AGT-021,AGC-003,2024-07-18,2025-07-13,Expiré,86505000,11246000,Annuelle,Oui,Carte bancaire,12
CTR-01712,CLT-0889,PRD-003,AGT-048,AGC-008,2023-03-24,2025-03-13,Résilié,6700000,603000,Trimestrielle,Non,Espèces,24
CTR-01713,CLT-0668,PRD-003,AGT-003,AGC-001,2023-09-26,2024-09-20,Expiré,5171000,465000,Semestrielle,Non,Carte bancaire,12
CTR-01714,CLT-0358,PRD-005,AGT-059,AGC-012,2024-10-19,2025-10-14,Expiré,1170000,70000,Semestrielle,Oui,Espèces,12
CTR-01715,CLT-0649,PRD-001,AGT-038,AGC-006,2025-05-05,2027-04-25,Actif,3227000,258000,Annuelle,Oui,Espèces,24
CTR-01716,CLT-0678,PRD-005,AGT-019,AGC-003,2023-06-15,2024-06-09,Expiré,1630000,98000,Semestrielle,Non,Espèces,12
CTR-01717,CLT-0173,PRD-007,AGT-008,AGC-001,2024-10-16,2025-10-11,Résilié,50619000,6074000,Annuelle,Non,Chèque,12
CTR-01718,CLT-0667,PRD-006,AGT-008,AGC-001,2024-01-08,2025-01-02,Résilié,19696000,2167000,Mensuelle,Non,Espèces,12
CTR-01719,CLT-0829,PRD-003,AGT-055,AGC-010,2023-04-05,2025-03-25,Expiré,6661000,599000,Annuelle,Non,Mobile Money,24
CTR-01720,CLT-0418,PRD-005,AGT-054,AGC-010,2023-02-20,2025-02-09,Expiré,1384000,83000,Semestrielle,Oui,Mobile Money,24
CTR-01721,CLT-0382,PRD-002,AGT-018,AGC-003,2023-10-15,2024-10-09,Expiré,8392000,839000,Annuelle,Non,Mobile Money,12
CTR-01722,CLT-0895,PRD-004,AGT-037,AGC-006,2024-06-02,2025-05-28,Expiré,7190000,503000,Annuelle,Oui,Mobile Money,12
CTR-01723,CLT-0561,PRD-008,AGT-038,AGC-006,2025-05-02,2026-04-27,Actif,47563000,6183000,Mensuelle,Oui,Mobile Money,12
CTR-01724,CLT-0158,PRD-001,AGT-038,AGC-006,2024-04-29,2025-04-24,Expiré,4735000,379000,Mensuelle,Non,Espèces,12
CTR-01725,CLT-0906,PRD-005,AGT-046,AGC-008,2024-11-03,2026-10-24,Actif,854000,51000,Annuelle,Oui,Mobile Money,24
CTR-01726,CLT-0612,PRD-005,AGT-049,AGC-009,2023-12-31,2024-12-25,Expiré,972000,58000,Trimestrielle,Non,Virement bancaire,12
CTR-01727,CLT-0611,PRD-001,AGT-017,AGC-002,2023-06-19,2025-06-08,Expiré,3103000,248000,Annuelle,Oui,Carte bancaire,24
CTR-01728,CLT-0777,PRD-002,AGT-008,AGC-001,2024-04-02,2025-03-28,Expiré,11256000,1126000,Semestrielle,Non,Mobile Money,12
CTR-01729,CLT-0808,PRD-008,AGT-035,AGC-006,2023-09-05,2024-08-30,Expiré,56821000,7387000,Annuelle,Oui,Espèces,12
CTR-01730,CLT-0040,PRD-005,AGT-035,AGC-006,2023-11-04,2026-10-19,Actif,351000,21000,Semestrielle,Oui,Mobile Money,36
CTR-01731,CLT-0352,PRD-002,AGT-008,AGC-001,2024-09-02,2025-08-28,Expiré,9379000,938000,Mensuelle,Oui,Mobile Money,12
CTR-01732,CLT-0880,PRD-007,AGT-018,AGC-003,2025-03-27,2027-03-17,Actif,55282000,6634000,Mensuelle,Oui,Mobile Money,24
CTR-01733,CLT-0030,PRD-002,AGT-052,AGC-009,2024-01-02,2024-12-27,Expiré,6114000,611000,Annuelle,Non,Mobile Money,12
CTR-01734,CLT-0188,PRD-007,AGT-023,AGC-003,2023-02-22,2024-02-17,Expiré,36426000,4371000,Semestrielle,Non,Mobile Money,12
CTR-01735,CLT-0351,PRD-008,AGT-016,AGC-002,2023-02-11,2025-01-31,Résilié,61936000,8052000,Semestrielle,Non,Mobile Money,24
CTR-01736,CLT-0081,PRD-003,AGT-054,AGC-010,2023-12-19,2025-12-08,Expiré,11211000,1009000,Semestrielle,Non,Chèque,24
CTR-01737,CLT-0428,PRD-001,AGT-011,AGC-002,2024-03-01,2025-02-24,Expiré,2376000,190000,Annuelle,Oui,Carte bancaire,12
CTR-01738,CLT-0684,PRD-002,AGT-028,AGC-004,2025-01-06,2026-12-27,Actif,13199000,1320000,Trimestrielle,Oui,Carte bancaire,24
CTR-01739,CLT-0178,PRD-006,AGT-005,AGC-001,2024-06-22,2025-06-17,Résilié,18100000,1991000,Trimestrielle,Non,Espèces,12
CTR-01740,CLT-0637,PRD-008,AGT-019,AGC-003,2023-03-27,2025-03-16,Expiré,16513000,2147000,Annuelle,Non,Virement bancaire,24
CTR-01741,CLT-0973,PRD-001,AGT-040,AGC-007,2023-11-15,2024-11-09,Expiré,4024000,322000,Trimestrielle,Non,Chèque,12
CTR-01742,CLT-0129,PRD-008,AGT-043,AGC-007,2024-03-27,2025-03-22,Résilié,86073000,11189000,Annuelle,Non,Mobile Money,12
CTR-01743,CLT-0801,PRD-002,AGT-045,AGC-008,2023-11-12,2024-11-06,Résilié,4724000,472000,Mensuelle,Non,Espèces,12
CTR-01744,CLT-0149,PRD-003,AGT-048,AGC-008,2023-11-01,2024-10-26,Résilié,4737000,426000,Mensuelle,Non,Virement bancaire,12
CTR-01745,CLT-0110,PRD-002,AGT-006,AGC-001,2025-02-24,2026-02-19,Actif,7029000,703000,Semestrielle,Oui,Espèces,12
CTR-01746,CLT-0340,PRD-002,AGT-005,AGC-001,2024-10-05,2025-09-30,Résilié,12830000,1283000,Semestrielle,Non,Virement bancaire,12
CTR-01747,CLT-0255,PRD-003,AGT-031,AGC-005,2025-03-25,2026-03-20,Actif,3458000,311000,Mensuelle,Non,Chèque,12
CTR-01748,CLT-0496,PRD-004,AGT-035,AGC-006,2023-11-25,2024-11-19,Expiré,6092000,426000,Annuelle,Non,Virement bancaire,12
CTR-01749,CLT-0400,PRD-008,AGT-056,AGC-011,2024-04-07,2025-04-02,Expiré,29372000,3818000,Semestrielle,Oui,Espèces,12
CTR-01750,CLT-0055,PRD-006,AGT-029,AGC-004,2023-06-09,2024-06-03,Expiré,9924000,1092000,Mensuelle,Non,Mobile Money,12
CTR-01751,CLT-0224,PRD-005,AGT-021,AGC-003,2023-04-27,2025-04-16,Expiré,1543000,93000,Trimestrielle,Non,Mobile Money,24
CTR-01752,CLT-0300,PRD-003,AGT-034,AGC-005,2025-05-10,2027-04-30,Actif,9162000,825000,Mensuelle,Oui,Mobile Money,24
CTR-01753,CLT-0011,PRD-007,AGT-003,AGC-001,2025-03-05,2027-02-23,Actif,47120000,5654000,Semestrielle,Oui,Virement bancaire,24
CTR-01754,CLT-0036,PRD-007,AGT-042,AGC-007,2024-10-15,2025-10-10,Expiré,39722000,4767000,Trimestrielle,Non,Mobile Money,12
CTR-01755,CLT-0244,PRD-005,AGT-001,AGC-001,2024-09-11,2026-09-01,Actif,2035000,122000,Semestrielle,Non,Mobile Money,24
CTR-01756,CLT-0357,PRD-002,AGT-003,AGC-001,2023-09-03,2025-08-23,Expiré,4770000,477000,Mensuelle,Oui,Mobile Money,24
CTR-01757,CLT-0136,PRD-003,AGT-006,AGC-001,2023-04-13,2024-04-07,Expiré,3721000,335000,Mensuelle,Non,Espèces,12
CTR-01758,CLT-0241,PRD-004,AGT-032,AGC-005,2025-03-26,2026-03-21,Actif,3912000,274000,Mensuelle,Non,Virement bancaire,12
CTR-01759,CLT-0903,PRD-006,AGT-018,AGC-003,2025-01-11,2027-01-01,Actif,20716000,2279000,Mensuelle,Oui,Mobile Money,24
CTR-01760,CLT-0693,PRD-005,AGT-008,AGC-001,2023-09-09,2025-08-29,Expiré,1325000,80000,Semestrielle,Non,Virement bancaire,24
CTR-01761,CLT-0439,PRD-004,AGT-001,AGC-001,2023-12-29,2024-12-23,Expiré,7021000,491000,Annuelle,Non,Chèque,12
CTR-01762,CLT-0468,PRD-001,AGT-015,AGC-002,2025-06-11,2027-06-01,Actif,4281000,342000,Annuelle,Non,Mobile Money,24
CTR-01763,CLT-0185,PRD-002,AGT-006,AGC-001,2023-03-24,2025-03-13,Résilié,10574000,1057000,Mensuelle,Non,Mobile Money,24
CTR-01764,CLT-0659,PRD-002,AGT-015,AGC-002,2024-03-06,2026-02-24,Actif,6504000,650000,Trimestrielle,Oui,Carte bancaire,24
CTR-01765,CLT-0615,PRD-002,AGT-018,AGC-003,2023-08-30,2024-08-24,Expiré,10487000,1049000,Semestrielle,Non,Mobile Money,12
CTR-01766,CLT-0769,PRD-001,AGT-022,AGC-003,2023-12-29,2024-12-23,Expiré,2906000,232000,Annuelle,Non,Mobile Money,12
CTR-01767,CLT-0225,PRD-008,AGT-021,AGC-003,2023-08-01,2024-07-26,Expiré,78455000,10199000,Semestrielle,Non,Carte bancaire,12
CTR-01768,CLT-0048,PRD-001,AGT-005,AGC-001,2024-11-14,2025-11-09,Expiré,4126000,330000,Trimestrielle,Oui,Mobile Money,12
CTR-01769,CLT-0210,PRD-006,AGT-002,AGC-001,2023-03-15,2025-03-04,Expiré,6935000,763000,Semestrielle,Oui,Espèces,24
CTR-01770,CLT-0191,PRD-002,AGT-016,AGC-002,2024-06-28,2026-06-18,Actif,7106000,711000,Mensuelle,Non,Espèces,24
CTR-01771,CLT-0257,PRD-003,AGT-022,AGC-003,2024-02-01,2025-01-26,Résilié,16970000,1527000,Mensuelle,Non,Virement bancaire,12
CTR-01772,CLT-0799,PRD-008,AGT-005,AGC-001,2024-07-08,2025-07-03,Expiré,100967000,13126000,Semestrielle,Oui,Virement bancaire,12
CTR-01773,CLT-0081,PRD-006,AGT-031,AGC-005,2025-02-03,2028-01-19,Actif,20589000,2265000,Annuelle,Non,Espèces,36
CTR-01774,CLT-0660,PRD-001,AGT-057,AGC-011,2023-12-04,2024-11-28,Expiré,1653000,132000,Trimestrielle,Oui,Chèque,12
CTR-01775,CLT-0149,PRD-004,AGT-008,AGC-001,2023-06-24,2024-06-18,Expiré,5359000,375000,Mensuelle,Non,Mobile Money,12
CTR-01776,CLT-0458,PRD-005,AGT-048,AGC-008,2024-10-29,2025-10-24,Résilié,1036000,62000,Trimestrielle,Non,Virement bancaire,12
CTR-01777,CLT-0810,PRD-007,AGT-027,AGC-004,2025-05-02,2026-04-27,Actif,54720000,6566000,Trimestrielle,Non,Virement bancaire,12
CTR-01778,CLT-0324,PRD-001,AGT-049,AGC-009,2024-05-17,2025-05-12,Expiré,4488000,359000,Annuelle,Non,Mobile Money,12
CTR-01779,CLT-0756,PRD-001,AGT-030,AGC-005,2023-01-10,2024-01-05,Expiré,3711000,297000,Annuelle,Non,Virement bancaire,12
CTR-01780,CLT-0417,PRD-007,AGT-007,AGC-001,2023-07-24,2025-07-13,Expiré,33050000,3966000,Annuelle,Non,Mobile Money,24
CTR-01781,CLT-0183,PRD-006,AGT-040,AGC-007,2024-03-04,2025-02-27,Expiré,15211000,1673000,Trimestrielle,Non,Espèces,12
CTR-01782,CLT-0860,PRD-007,AGT-029,AGC-004,2024-10-25,2025-10-20,Expiré,29598000,3552000,Mensuelle,Non,Espèces,12
CTR-01783,CLT-0782,PRD-002,AGT-052,AGC-009,2023-03-20,2024-03-14,Expiré,5508000,551000,Mensuelle,Non,Mobile Money,12
CTR-01784,CLT-0822,PRD-008,AGT-011,AGC-002,2025-04-01,2027-03-22,Actif,20766000,2700000,Trimestrielle,Non,Mobile Money,24
CTR-01785,CLT-0038,PRD-006,AGT-001,AGC-001,2023-09-06,2024-08-31,Expiré,14896000,1639000,Trimestrielle,Oui,Mobile Money,12
CTR-01786,CLT-0231,PRD-003,AGT-024,AGC-003,2025-06-07,2026-06-02,Actif,10172000,915000,Annuelle,Non,Espèces,12
CTR-01787,CLT-0494,PRD-007,AGT-059,AGC-012,2024-09-10,2026-08-31,Actif,21584000,2590000,Annuelle,Oui,Mobile Money,24
CTR-01788,CLT-0449,PRD-007,AGT-003,AGC-001,2023-11-27,2024-11-21,Résilié,41468000,4976000,Annuelle,Non,Chèque,12
CTR-01789,CLT-0852,PRD-002,AGT-028,AGC-004,2023-07-03,2026-06-17,Actif,8348000,835000,Mensuelle,Non,Espèces,36
CTR-01790,CLT-0831,PRD-001,AGT-043,AGC-007,2023-08-27,2024-08-21,Expiré,2404000,192000,Semestrielle,Non,Virement bancaire,12
CTR-01791,CLT-0326,PRD-002,AGT-013,AGC-002,2025-03-05,2026-02-28,Actif,5939000,594000,Annuelle,Non,Virement bancaire,12
CTR-01792,CLT-0534,PRD-005,AGT-022,AGC-003,2023-02-17,2025-02-06,Expiré,1756000,105000,Annuelle,Non,Mobile Money,24
CTR-01793,CLT-0139,PRD-005,AGT-053,AGC-010,2024-07-29,2027-07-14,Actif,1645000,99000,Semestrielle,Non,Mobile Money,36
CTR-01794,CLT-0652,PRD-006,AGT-011,AGC-002,2024-03-04,2025-02-27,Expiré,22547000,2480000,Semestrielle,Oui,Espèces,12
CTR-01795,CLT-0440,PRD-003,AGT-026,AGC-004,2023-05-04,2024-04-28,Expiré,6525000,587000,Annuelle,Oui,Mobile Money,12
CTR-01796,CLT-0667,PRD-001,AGT-005,AGC-001,2023-04-07,2025-03-27,Expiré,4272000,342000,Annuelle,Non,Espèces,24
CTR-01797,CLT-0690,PRD-008,AGT-013,AGC-002,2024-03-20,2025-03-15,Résilié,27832000,3618000,Trimestrielle,Non,Virement bancaire,12
CTR-01798,CLT-0318,PRD-002,AGT-009,AGC-001,2025-06-12,2027-06-02,Actif,5242000,524000,Mensuelle,Non,Virement bancaire,24
CTR-01799,CLT-0251,PRD-007,AGT-040,AGC-007,2024-12-15,2026-12-05,Actif,38914000,4670000,Annuelle,Oui,Espèces,24
CTR-01800,CLT-0685,PRD-006,AGT-018,AGC-003,2023-12-11,2024-12-05,Expiré,26462000,2911000,Mensuelle,Oui,Mobile Money,12
CTR-01801,CLT-0198,PRD-005,AGT-035,AGC-006,2023-07-17,2024-07-11,Expiré,3207000,192000,Annuelle,Oui,Chèque,12
CTR-01802,CLT-0701,PRD-005,AGT-003,AGC-001,2024-01-30,2026-01-19,Actif,1768000,106000,Mensuelle,Non,Virement bancaire,24
CTR-01803,CLT-0326,PRD-003,AGT-031,AGC-005,2025-02-06,2026-02-01,Actif,14881000,1339000,Annuelle,Oui,Mobile Money,12
CTR-01804,CLT-0392,PRD-006,AGT-023,AGC-003,2024-03-09,2025-03-04,Expiré,16397000,1804000,Trimestrielle,Oui,Espèces,12
CTR-01805,CLT-0257,PRD-001,AGT-009,AGC-001,2025-03-12,2027-03-02,Actif,4416000,353000,Semestrielle,Oui,Mobile Money,24
CTR-01806,CLT-0814,PRD-002,AGT-012,AGC-002,2023-10-29,2024-10-23,Expiré,5421000,542000,Mensuelle,Non,Espèces,12
CTR-01807,CLT-0826,PRD-002,AGT-029,AGC-004,2023-08-24,2026-08-08,Actif,6059000,606000,Mensuelle,Non,Chèque,36
CTR-01808,CLT-0540,PRD-003,AGT-054,AGC-010,2025-01-19,2026-01-14,Actif,8216000,739000,Annuelle,Non,Espèces,12
CTR-01809,CLT-0256,PRD-006,AGT-003,AGC-001,2024-07-21,2025-07-16,Expiré,10380000,1142000,Annuelle,Oui,Virement bancaire,12
CTR-01810,CLT-0356,PRD-001,AGT-044,AGC-007,2024-10-10,2027-09-25,Actif,4068000,325000,Trimestrielle,Non,Mobile Money,36
CTR-01811,CLT-0944,PRD-003,AGT-035,AGC-006,2023-09-12,2024-09-06,Résilié,10261000,923000,Annuelle,Non,Mobile Money,12
CTR-01812,CLT-0215,PRD-003,AGT-008,AGC-001,2024-02-19,2025-02-13,Expiré,5657000,509000,Mensuelle,Non,Espèces,12
CTR-01813,CLT-0607,PRD-006,AGT-019,AGC-003,2024-07-17,2025-07-12,Expiré,23691000,2606000,Semestrielle,Non,Virement bancaire,12
CTR-01814,CLT-0412,PRD-005,AGT-028,AGC-004,2024-03-16,2025-03-11,Expiré,1575000,94000,Trimestrielle,Non,Espèces,12
CTR-01815,CLT-0718,PRD-007,AGT-038,AGC-006,2024-08-21,2025-08-16,Résilié,41061000,4927000,Annuelle,Non,Espèces,12
CTR-01816,CLT-0987,PRD-006,AGT-047,AGC-008,2025-03-26,2028-03-10,Actif,19316000,2125000,Mensuelle,Non,Mobile Money,36
CTR-01817,CLT-0850,PRD-003,AGT-020,AGC-003,2023-01-01,2024-12-21,Expiré,11736000,1056000,Mensuelle,Non,Espèces,24
CTR-01818,CLT-0504,PRD-005,AGT-012,AGC-002,2023-07-29,2024-07-23,Expiré,2424000,145000,Semestrielle,Non,Mobile Money,12
CTR-01819,CLT-0530,PRD-003,AGT-054,AGC-010,2023-11-28,2025-11-17,Expiré,7021000,632000,Annuelle,Non,Virement bancaire,24
CTR-01820,CLT-0972,PRD-002,AGT-018,AGC-003,2023-05-19,2025-05-08,Expiré,6114000,611000,Semestrielle,Oui,Espèces,24
CTR-01821,CLT-0852,PRD-006,AGT-032,AGC-005,2025-03-31,2026-03-26,Actif,17569000,1933000,Mensuelle,Oui,Espèces,12
CTR-01822,CLT-0883,PRD-005,AGT-015,AGC-002,2025-06-11,2027-06-01,Actif,2115000,127000,Annuelle,Non,Carte bancaire,24
CTR-01823,CLT-0309,PRD-004,AGT-048,AGC-008,2025-02-17,2027-02-07,Actif,5621000,393000,Mensuelle,Oui,Virement bancaire,24
CTR-01824,CLT-0881,PRD-004,AGT-007,AGC-001,2023-07-20,2024-07-14,Expiré,2133000,149000,Mensuelle,Non,Espèces,12
CTR-01825,CLT-0783,PRD-001,AGT-033,AGC-005,2024-09-07,2025-09-02,Résilié,3636000,291000,Mensuelle,Non,Carte bancaire,12
CTR-01826,CLT-0659,PRD-008,AGT-050,AGC-009,2025-06-08,2028-05-23,Actif,62841000,8169000,Trimestrielle,Oui,Mobile Money,36
CTR-01827,CLT-0913,PRD-002,AGT-012,AGC-002,2023-02-22,2026-02-06,Actif,12076000,1208000,Trimestrielle,Oui,Mobile Money,36
CTR-01828,CLT-0644,PRD-004,AGT-024,AGC-003,2024-09-04,2025-08-30,Expiré,4606000,322000,Mensuelle,Oui,Chèque,12
CTR-01829,CLT-0201,PRD-002,AGT-021,AGC-003,2023-04-01,2024-03-26,Résilié,16944000,1694000,Trimestrielle,Non,Mobile Money,12
CTR-01830,CLT-0128,PRD-007,AGT-015,AGC-002,2024-04-17,2025-04-12,Expiré,43760000,5251000,Trimestrielle,Non,Chèque,12
CTR-01831,CLT-0456,PRD-004,AGT-044,AGC-007,2024-09-20,2027-09-05,Actif,9087000,636000,Trimestrielle,Non,Mobile Money,36
CTR-01832,CLT-0803,PRD-004,AGT-047,AGC-008,2024-09-19,2025-09-14,Expiré,3676000,257000,Trimestrielle,Oui,Mobile Money,12
CTR-01833,CLT-0602,PRD-003,AGT-017,AGC-002,2025-03-17,2026-03-12,Actif,19522000,1757000,Annuelle,Oui,Mobile Money,12
CTR-01834,CLT-0399,PRD-003,AGT-032,AGC-005,2023-01-26,2024-01-21,Expiré,14500000,1305000,Trimestrielle,Non,Espèces,12
CTR-01835,CLT-0612,PRD-003,AGT-011,AGC-002,2023-03-19,2024-03-13,Expiré,5492000,494000,Mensuelle,Non,Virement bancaire,12
CTR-01836,CLT-0808,PRD-001,AGT-044,AGC-007,2025-05-21,2026-05-16,Actif,2086000,167000,Trimestrielle,Oui,Virement bancaire,12
CTR-01837,CLT-0154,PRD-002,AGT-014,AGC-002,2023-12-18,2024-12-12,Résilié,10404000,1040000,Semestrielle,Non,Mobile Money,12
CTR-01838,CLT-0252,PRD-003,AGT-013,AGC-002,2025-06-04,2027-05-25,Actif,14298000,1287000,Mensuelle,Non,Virement bancaire,24
CTR-01839,CLT-0938,PRD-005,AGT-001,AGC-001,2023-09-24,2024-09-18,Résilié,1555000,93000,Mensuelle,Non,Espèces,12
CTR-01840,CLT-0252,PRD-007,AGT-032,AGC-005,2025-04-24,2026-04-19,Actif,13933000,1672000,Semestrielle,Non,Virement bancaire,12
CTR-01841,CLT-0754,PRD-003,AGT-011,AGC-002,2023-03-30,2024-03-24,Expiré,6819000,614000,Annuelle,Oui,Carte bancaire,12
CTR-01842,CLT-0284,PRD-003,AGT-005,AGC-001,2024-04-26,2025-04-21,Résilié,9129000,822000,Annuelle,Non,Mobile Money,12
CTR-01843,CLT-0499,PRD-005,AGT-017,AGC-002,2025-01-20,2026-01-15,Actif,1434000,86000,Annuelle,Non,Mobile Money,12
CTR-01844,CLT-0907,PRD-001,AGT-032,AGC-005,2024-12-30,2025-12-25,Expiré,4923000,394000,Mensuelle,Non,Virement bancaire,12
CTR-01845,CLT-0070,PRD-002,AGT-004,AGC-001,2024-12-09,2025-12-04,Expiré,10483000,1048000,Trimestrielle,Oui,Mobile Money,12
CTR-01846,CLT-0018,PRD-002,AGT-050,AGC-009,2024-09-30,2025-09-25,Expiré,5245000,524000,Trimestrielle,Oui,Mobile Money,12
CTR-01847,CLT-0091,PRD-004,AGT-020,AGC-003,2024-05-11,2025-05-06,Résilié,5711000,400000,Semestrielle,Non,Espèces,12
CTR-01848,CLT-0465,PRD-006,AGT-026,AGC-004,2023-09-25,2024-09-19,Résilié,21552000,2371000,Mensuelle,Non,Mobile Money,12
CTR-01849,CLT-0269,PRD-002,AGT-003,AGC-001,2025-01-09,2026-01-04,Actif,8036000,804000,Annuelle,Non,Chèque,12
CTR-01850,CLT-0551,PRD-008,AGT-038,AGC-006,2024-02-28,2025-02-22,Résilié,52268000,6795000,Trimestrielle,Non,Mobile Money,12
CTR-01851,CLT-0993,PRD-002,AGT-022,AGC-003,2024-11-21,2025-11-16,Expiré,8113000,811000,Annuelle,Oui,Chèque,12
CTR-01852,CLT-0791,PRD-002,AGT-047,AGC-008,2023-08-04,2026-07-19,Actif,11485000,1148000,Trimestrielle,Non,Espèces,36
CTR-01853,CLT-0122,PRD-004,AGT-032,AGC-005,2025-06-16,2027-06-06,Actif,9737000,682000,Trimestrielle,Non,Virement bancaire,24
CTR-01854,CLT-0694,PRD-006,AGT-003,AGC-001,2024-07-21,2027-07-06,Actif,18413000,2025000,Annuelle,Non,Chèque,36
CTR-01855,CLT-0114,PRD-003,AGT-022,AGC-003,2023-07-02,2024-06-26,Expiré,13246000,1192000,Trimestrielle,Non,Carte bancaire,12
CTR-01856,CLT-0586,PRD-001,AGT-053,AGC-010,2025-01-19,2026-01-14,Actif,2186000,175000,Annuelle,Non,Carte bancaire,12
CTR-01857,CLT-0194,PRD-002,AGT-041,AGC-007,2023-11-16,2026-10-31,Actif,4822000,482000,Trimestrielle,Non,Mobile Money,36
CTR-01858,CLT-0862,PRD-002,AGT-045,AGC-008,2025-05-10,2026-05-05,Actif,11390000,1139000,Trimestrielle,Oui,Espèces,12
CTR-01859,CLT-0927,PRD-002,AGT-002,AGC-001,2023-10-30,2025-10-19,Expiré,9894000,989000,Semestrielle,Oui,Mobile Money,24
CTR-01860,CLT-0870,PRD-001,AGT-004,AGC-001,2023-02-09,2024-02-04,Résilié,2539000,203000,Trimestrielle,Non,Mobile Money,12
CTR-01861,CLT-0688,PRD-006,AGT-055,AGC-010,2025-06-28,2027-06-18,Actif,12211000,1343000,Semestrielle,Non,Mobile Money,24
CTR-01862,CLT-0468,PRD-003,AGT-052,AGC-009,2023-09-01,2025-08-21,Expiré,14855000,1337000,Annuelle,Oui,Virement bancaire,24
CTR-01863,CLT-0189,PRD-004,AGT-007,AGC-001,2024-09-20,2026-09-10,Actif,6186000,433000,Mensuelle,Non,Mobile Money,24
CTR-01864,CLT-0085,PRD-008,AGT-053,AGC-010,2023-01-24,2024-01-19,Expiré,80988000,10528000,Semestrielle,Oui,Virement bancaire,12
CTR-01865,CLT-0096,PRD-001,AGT-055,AGC-010,2025-01-14,2026-01-09,Actif,2486000,199000,Mensuelle,Non,Virement bancaire,12
CTR-01866,CLT-0415,PRD-004,AGT-022,AGC-003,2023-05-09,2024-05-03,Expiré,7674000,537000,Semestrielle,Non,Espèces,12
CTR-01867,CLT-0801,PRD-003,AGT-033,AGC-005,2023-05-30,2024-05-24,Expiré,6252000,563000,Annuelle,Non,Espèces,12
CTR-01868,CLT-0004,PRD-001,AGT-031,AGC-005,2024-11-08,2026-10-29,Actif,3717000,297000,Semestrielle,Non,Mobile Money,24
CTR-01869,CLT-0779,PRD-001,AGT-035,AGC-006,2024-12-21,2025-12-16,Expiré,1663000,133000,Trimestrielle,Non,Carte bancaire,12
CTR-01870,CLT-0573,PRD-003,AGT-026,AGC-004,2023-09-18,2025-09-07,Expiré,21462000,1932000,Trimestrielle,Oui,Mobile Money,24
CTR-01871,CLT-0191,PRD-008,AGT-047,AGC-008,2024-11-24,2027-11-09,Actif,97786000,12712000,Mensuelle,Non,Chèque,36
CTR-01872,CLT-0936,PRD-005,AGT-025,AGC-004,2025-04-05,2026-03-31,Actif,934000,56000,Annuelle,Oui,Carte bancaire,12
CTR-01873,CLT-0269,PRD-001,AGT-047,AGC-008,2025-06-26,2026-06-21,Actif,3079000,246000,Semestrielle,Non,Virement bancaire,12
CTR-01874,CLT-0350,PRD-001,AGT-032,AGC-005,2025-06-10,2026-06-05,Actif,5113000,409000,Trimestrielle,Non,Mobile Money,12
CTR-01875,CLT-0987,PRD-005,AGT-011,AGC-002,2024-02-03,2025-01-28,Résilié,1249000,75000,Mensuelle,Non,Mobile Money,12
CTR-01876,CLT-0504,PRD-004,AGT-057,AGC-011,2025-01-15,2027-01-05,Actif,4433000,310000,Annuelle,Non,Virement bancaire,24
CTR-01877,CLT-0850,PRD-002,AGT-010,AGC-002,2024-03-02,2026-02-20,Actif,11080000,1108000,Semestrielle,Oui,Carte bancaire,24
CTR-01878,CLT-0101,PRD-006,AGT-052,AGC-009,2023-01-10,2025-12-25,Expiré,16782000,1846000,Trimestrielle,Non,Carte bancaire,36
CTR-01879,CLT-0772,PRD-004,AGT-009,AGC-001,2023-01-18,2024-01-13,Expiré,7047000,493000,Annuelle,Oui,Virement bancaire,12
CTR-01880,CLT-0784,PRD-003,AGT-012,AGC-002,2025-01-05,2025-12-31,Actif,6696000,603000,Annuelle,Non,Mobile Money,12
CTR-01881,CLT-0829,PRD-004,AGT-006,AGC-001,2023-08-27,2024-08-21,Expiré,3676000,257000,Mensuelle,Oui,Virement bancaire,12
CTR-01882,CLT-0486,PRD-002,AGT-006,AGC-001,2025-01-16,2026-01-11,Actif,9260000,926000,Mensuelle,Oui,Virement bancaire,12
CTR-01883,CLT-0886,PRD-004,AGT-029,AGC-004,2025-02-05,2027-01-26,Actif,11864000,830000,Semestrielle,Oui,Espèces,24
CTR-01884,CLT-0913,PRD-001,AGT-046,AGC-008,2025-06-12,2027-06-02,Actif,4078000,326000,Trimestrielle,Oui,Espèces,24
CTR-01885,CLT-0783,PRD-001,AGT-013,AGC-002,2024-01-18,2025-01-12,Expiré,3285000,263000,Trimestrielle,Non,Mobile Money,12
CTR-01886,CLT-0965,PRD-007,AGT-028,AGC-004,2024-10-16,2025-10-11,Expiré,68996000,8280000,Annuelle,Oui,Mobile Money,12
CTR-01887,CLT-0997,PRD-002,AGT-015,AGC-002,2025-04-30,2026-04-25,Actif,8279000,828000,Trimestrielle,Oui,Mobile Money,12
CTR-01888,CLT-0961,PRD-003,AGT-055,AGC-010,2025-03-17,2027-03-07,Actif,15655000,1409000,Trimestrielle,Oui,Virement bancaire,24
CTR-01889,CLT-0282,PRD-004,AGT-020,AGC-003,2023-03-31,2026-03-15,Actif,2451000,172000,Annuelle,Non,Mobile Money,36
CTR-01890,CLT-0909,PRD-008,AGT-008,AGC-001,2023-11-27,2025-11-16,Résilié,63894000,8306000,Annuelle,Non,Virement bancaire,24
CTR-01891,CLT-0435,PRD-002,AGT-016,AGC-002,2023-12-31,2025-12-20,Expiré,8495000,850000,Trimestrielle,Non,Espèces,24
CTR-01892,CLT-0413,PRD-003,AGT-031,AGC-005,2025-01-09,2026-01-04,Actif,12707000,1144000,Mensuelle,Non,Virement bancaire,12
CTR-01893,CLT-0838,PRD-002,AGT-052,AGC-009,2025-03-14,2026-03-09,Actif,4301000,430000,Trimestrielle,Non,Mobile Money,12
CTR-01894,CLT-0655,PRD-001,AGT-056,AGC-011,2023-05-10,2024-05-04,Expiré,4272000,342000,Annuelle,Oui,Virement bancaire,12
CTR-01895,CLT-0492,PRD-003,AGT-034,AGC-005,2024-10-05,2025-09-30,Expiré,16599000,1494000,Mensuelle,Oui,Virement bancaire,12
CTR-01896,CLT-0519,PRD-008,AGT-013,AGC-002,2023-07-21,2026-07-05,Actif,86783000,11282000,Annuelle,Oui,Carte bancaire,36
CTR-01897,CLT-0450,PRD-006,AGT-022,AGC-003,2024-02-13,2025-02-07,Expiré,7087000,780000,Mensuelle,Oui,Mobile Money,12
CTR-01898,CLT-0017,PRD-003,AGT-033,AGC-005,2023-02-11,2025-01-31,Expiré,13270000,1194000,Annuelle,Non,Mobile Money,24
CTR-01899,CLT-0718,PRD-001,AGT-006,AGC-001,2025-02-06,2026-02-01,Actif,4738000,379000,Mensuelle,Non,Virement bancaire,12
CTR-01900,CLT-0110,PRD-004,AGT-009,AGC-001,2025-04-20,2028-04-04,Actif,4861000,340000,Annuelle,Non,Espèces,36
CTR-01901,CLT-0514,PRD-003,AGT-002,AGC-001,2025-06-19,2027-06-09,Actif,7289000,656000,Annuelle,Non,Carte bancaire,24
CTR-01902,CLT-0859,PRD-005,AGT-030,AGC-005,2024-11-20,2025-11-15,Expiré,1004000,60000,Annuelle,Oui,Mobile Money,12
CTR-01903,CLT-0427,PRD-002,AGT-057,AGC-011,2024-02-12,2025-02-06,Expiré,7855000,786000,Trimestrielle,Oui,Virement bancaire,12
CTR-01904,CLT-0853,PRD-001,AGT-027,AGC-004,2023-03-26,2025-03-15,Résilié,3939000,315000,Annuelle,Non,Virement bancaire,24
CTR-01905,CLT-0067,PRD-003,AGT-018,AGC-003,2023-06-06,2024-05-31,Expiré,8115000,730000,Semestrielle,Non,Espèces,12
CTR-01906,CLT-0211,PRD-005,AGT-020,AGC-003,2024-09-26,2025-09-21,Expiré,1781000,107000,Annuelle,Oui,Mobile Money,12
CTR-01907,CLT-0585,PRD-003,AGT-021,AGC-003,2023-12-25,2024-12-19,Expiré,13775000,1240000,Trimestrielle,Non,Mobile Money,12
CTR-01908,CLT-0628,PRD-002,AGT-046,AGC-008,2024-10-15,2026-10-05,Actif,5781000,578000,Trimestrielle,Non,Virement bancaire,24
CTR-01909,CLT-0105,PRD-003,AGT-022,AGC-003,2023-06-28,2026-06-12,Actif,11711000,1054000,Mensuelle,Non,Virement bancaire,36
CTR-01910,CLT-0920,PRD-001,AGT-023,AGC-003,2023-09-04,2024-08-29,Expiré,2237000,179000,Trimestrielle,Non,Chèque,12
CTR-01911,CLT-0680,PRD-001,AGT-006,AGC-001,2024-10-20,2025-10-15,Expiré,2301000,184000,Annuelle,Oui,Mobile Money,12
CTR-01912,CLT-0074,PRD-007,AGT-039,AGC-006,2024-05-10,2025-05-05,Expiré,28264000,3392000,Trimestrielle,Non,Mobile Money,12
CTR-01913,CLT-0229,PRD-003,AGT-038,AGC-006,2023-11-13,2024-11-07,Expiré,13506000,1216000,Mensuelle,Non,Virement bancaire,12
CTR-01914,CLT-0156,PRD-002,AGT-006,AGC-001,2024-01-17,2025-01-11,Expiré,12332000,1233000,Annuelle,Non,Carte bancaire,12
CTR-01915,CLT-0498,PRD-006,AGT-017,AGC-002,2024-01-06,2026-12-21,Actif,8796000,968000,Mensuelle,Oui,Carte bancaire,36
CTR-01916,CLT-0932,PRD-004,AGT-055,AGC-010,2024-10-17,2025-10-12,Expiré,3174000,222000,Semestrielle,Oui,Carte bancaire,12
CTR-01917,CLT-0654,PRD-002,AGT-001,AGC-001,2024-04-21,2025-04-16,Expiré,8743000,874000,Semestrielle,Non,Espèces,12
CTR-01918,CLT-0748,PRD-008,AGT-038,AGC-006,2025-01-07,2026-12-28,Actif,115616000,15030000,Mensuelle,Oui,Virement bancaire,24
CTR-01919,CLT-0731,PRD-002,AGT-018,AGC-003,2024-06-14,2026-06-04,Actif,7995000,800000,Semestrielle,Oui,Mobile Money,24
CTR-01920,CLT-0126,PRD-003,AGT-016,AGC-002,2023-04-14,2024-04-08,Expiré,10389000,935000,Annuelle,Oui,Carte bancaire,12
CTR-01921,CLT-0449,PRD-006,AGT-057,AGC-011,2024-08-09,2026-07-30,Actif,10394000,1143000,Trimestrielle,Oui,Virement bancaire,24
CTR-01922,CLT-0183,PRD-008,AGT-011,AGC-002,2024-02-12,2027-01-27,Actif,43858000,5702000,Trimestrielle,Non,Carte bancaire,36
CTR-01923,CLT-0243,PRD-005,AGT-048,AGC-008,2024-03-31,2025-03-26,Expiré,3744000,225000,Trimestrielle,Non,Mobile Money,12
CTR-01924,CLT-0901,PRD-005,AGT-022,AGC-003,2024-08-31,2025-08-26,Expiré,1300000,78000,Trimestrielle,Oui,Mobile Money,12
CTR-01925,CLT-0088,PRD-008,AGT-015,AGC-002,2025-04-19,2026-04-14,Actif,29539000,3840000,Mensuelle,Oui,Espèces,12
CTR-01926,CLT-0480,PRD-008,AGT-017,AGC-002,2024-10-12,2025-10-07,Expiré,47416000,6164000,Annuelle,Non,Mobile Money,12
CTR-01927,CLT-0730,PRD-006,AGT-033,AGC-005,2025-02-26,2027-02-16,Actif,7970000,877000,Trimestrielle,Non,Espèces,24
CTR-01928,CLT-0721,PRD-006,AGT-059,AGC-012,2024-11-11,2025-11-06,Expiré,23442000,2579000,Annuelle,Non,Mobile Money,12
CTR-01929,CLT-0374,PRD-004,AGT-001,AGC-001,2024-06-09,2025-06-04,Résilié,3270000,229000,Annuelle,Non,Mobile Money,12
CTR-01930,CLT-0919,PRD-006,AGT-047,AGC-008,2024-12-25,2026-12-15,Actif,6366000,700000,Annuelle,Non,Mobile Money,24
CTR-01931,CLT-0440,PRD-008,AGT-003,AGC-001,2024-11-19,2025-11-14,Expiré,75170000,9772000,Semestrielle,Oui,Espèces,12
CTR-01932,CLT-0888,PRD-001,AGT-018,AGC-003,2024-08-22,2025-08-17,Expiré,4249000,340000,Annuelle,Non,Carte bancaire,12
CTR-01933,CLT-0886,PRD-002,AGT-060,AGC-012,2024-04-07,2027-03-23,Actif,13995000,1400000,Annuelle,Oui,Virement bancaire,36
CTR-01934,CLT-0186,PRD-003,AGT-047,AGC-008,2023-10-21,2026-10-05,Actif,4313000,388000,Annuelle,Oui,Mobile Money,36
CTR-01935,CLT-0871,PRD-006,AGT-040,AGC-007,2023-08-07,2024-08-01,Expiré,18513000,2036000,Trimestrielle,Oui,Espèces,12
CTR-01936,CLT-0566,PRD-007,AGT-035,AGC-006,2024-12-07,2025-12-02,Expiré,57561000,6907000,Trimestrielle,Oui,Espèces,12
CTR-01937,CLT-0798,PRD-007,AGT-049,AGC-009,2023-09-24,2024-09-18,Expiré,11395000,1367000,Semestrielle,Oui,Mobile Money,12
CTR-01938,CLT-0249,PRD-003,AGT-059,AGC-012,2023-04-24,2024-04-18,Expiré,5485000,494000,Mensuelle,Non,Mobile Money,12
CTR-01939,CLT-0900,PRD-006,AGT-057,AGC-011,2024-05-09,2025-05-04,Expiré,24828000,2731000,Trimestrielle,Non,Espèces,12
CTR-01940,CLT-0557,PRD-002,AGT-026,AGC-004,2025-01-28,2027-01-18,Actif,4021000,402000,Trimestrielle,Non,Carte bancaire,24
CTR-01941,CLT-0652,PRD-003,AGT-057,AGC-011,2023-05-31,2024-05-25,Expiré,13147000,1183000,Mensuelle,Non,Mobile Money,12
CTR-01942,CLT-0514,PRD-003,AGT-030,AGC-005,2023-08-20,2025-08-09,Expiré,7645000,688000,Trimestrielle,Oui,Mobile Money,24
CTR-01943,CLT-0630,PRD-003,AGT-011,AGC-002,2024-02-15,2025-02-09,Expiré,11216000,1009000,Semestrielle,Oui,Mobile Money,12
CTR-01944,CLT-0934,PRD-002,AGT-045,AGC-008,2024-08-01,2026-07-22,Actif,15307000,1531000,Mensuelle,Non,Espèces,24
CTR-01945,CLT-0834,PRD-005,AGT-008,AGC-001,2024-11-30,2025-11-25,Expiré,1922000,115000,Semestrielle,Non,Espèces,12
CTR-01946,CLT-0558,PRD-001,AGT-018,AGC-003,2024-04-18,2025-04-13,Expiré,2662000,213000,Semestrielle,Oui,Virement bancaire,12
CTR-01947,CLT-0408,PRD-006,AGT-047,AGC-008,2023-06-25,2024-06-19,Expiré,13966000,1536000,Semestrielle,Oui,Carte bancaire,12
CTR-01948,CLT-0564,PRD-006,AGT-024,AGC-003,2023-10-10,2024-10-04,Expiré,21861000,2405000,Mensuelle,Non,Chèque,12
CTR-01949,CLT-0559,PRD-002,AGT-027,AGC-004,2023-07-16,2025-07-05,Expiré,4661000,466000,Trimestrielle,Non,Carte bancaire,24
CTR-01950,CLT-0335,PRD-007,AGT-027,AGC-004,2023-09-17,2024-09-11,Expiré,44513000,5342000,Mensuelle,Oui,Espèces,12
CTR-01951,CLT-0084,PRD-002,AGT-053,AGC-010,2023-06-04,2026-05-19,Actif,5956000,596000,Trimestrielle,Oui,Mobile Money,36
CTR-01952,CLT-0651,PRD-004,AGT-029,AGC-004,2023-01-13,2025-12-28,Expiré,7309000,512000,Mensuelle,Non,Chèque,36
CTR-01953,CLT-0084,PRD-007,AGT-041,AGC-007,2023-02-03,2024-01-29,Expiré,55378000,6645000,Trimestrielle,Non,Espèces,12
CTR-01954,CLT-0932,PRD-008,AGT-020,AGC-003,2023-04-06,2026-03-21,Actif,34003000,4420000,Annuelle,Non,Virement bancaire,36
CTR-01955,CLT-0605,PRD-003,AGT-016,AGC-002,2024-07-26,2025-07-21,Expiré,8443000,760000,Trimestrielle,Non,Carte bancaire,12
CTR-01956,CLT-0447,PRD-007,AGT-005,AGC-001,2023-08-18,2024-08-12,Résilié,42803000,5136000,Semestrielle,Non,Virement bancaire,12
CTR-01957,CLT-0734,PRD-003,AGT-036,AGC-006,2025-05-12,2026-05-07,Actif,14652000,1319000,Mensuelle,Non,Mobile Money,12
CTR-01958,CLT-0271,PRD-004,AGT-024,AGC-003,2025-01-09,2026-12-30,Actif,4333000,303000,Trimestrielle,Non,Chèque,24
CTR-01959,CLT-0890,PRD-003,AGT-047,AGC-008,2024-07-09,2025-07-04,Expiré,6139000,553000,Annuelle,Oui,Mobile Money,12
CTR-01960,CLT-0822,PRD-002,AGT-002,AGC-001,2023-12-19,2024-12-13,Résilié,10761000,1076000,Mensuelle,Non,Espèces,12
CTR-01961,CLT-0609,PRD-006,AGT-032,AGC-005,2025-04-17,2026-04-12,Actif,22795000,2507000,Trimestrielle,Non,Espèces,12
CTR-01962,CLT-0111,PRD-001,AGT-058,AGC-011,2024-04-29,2025-04-24,Résilié,2767000,221000,Semestrielle,Non,Mobile Money,12
CTR-01963,CLT-0350,PRD-003,AGT-028,AGC-004,2023-06-05,2024-05-30,Expiré,8993000,809000,Mensuelle,Non,Chèque,12
CTR-01964,CLT-0026,PRD-006,AGT-034,AGC-005,2024-06-03,2025-05-29,Expiré,15568000,1712000,Trimestrielle,Oui,Carte bancaire,12
CTR-01965,CLT-0389,PRD-006,AGT-041,AGC-007,2025-06-05,2028-05-20,Actif,19357000,2129000,Mensuelle,Oui,Espèces,36
CTR-01966,CLT-0420,PRD-006,AGT-029,AGC-004,2025-02-24,2027-02-14,Actif,22663000,2493000,Trimestrielle,Non,Mobile Money,24
CTR-01967,CLT-0042,PRD-006,AGT-016,AGC-002,2023-05-28,2024-05-22,Expiré,16785000,1846000,Annuelle,Non,Chèque,12
CTR-01968,CLT-0072,PRD-005,AGT-008,AGC-001,2025-02-16,2026-02-11,Actif,1323000,79000,Semestrielle,Oui,Espèces,12
CTR-01969,CLT-0677,PRD-006,AGT-023,AGC-003,2023-06-21,2024-06-15,Expiré,8852000,974000,Mensuelle,Non,Carte bancaire,12
CTR-01970,CLT-0221,PRD-005,AGT-057,AGC-011,2023-10-14,2024-10-08,Expiré,2092000,126000,Annuelle,Non,Chèque,12
CTR-01971,CLT-0387,PRD-004,AGT-059,AGC-012,2024-11-27,2027-11-12,Actif,4792000,335000,Mensuelle,Non,Mobile Money,36
CTR-01972,CLT-0551,PRD-007,AGT-012,AGC-002,2024-09-05,2025-08-31,Expiré,27182000,3262000,Annuelle,Oui,Espèces,12
CTR-01973,CLT-0392,PRD-007,AGT-015,AGC-002,2023-10-22,2024-10-16,Expiré,27032000,3244000,Annuelle,Oui,Virement bancaire,12
CTR-01974,CLT-0784,PRD-006,AGT-047,AGC-008,2023-06-20,2024-06-14,Résilié,23090000,2540000,Trimestrielle,Non,Espèces,12
CTR-01975,CLT-0254,PRD-008,AGT-020,AGC-003,2023-05-16,2024-05-10,Résilié,50975000,6627000,Annuelle,Non,Chèque,12
CTR-01976,CLT-0564,PRD-004,AGT-060,AGC-012,2023-01-29,2025-01-18,Expiré,7055000,494000,Mensuelle,Non,Mobile Money,24
CTR-01977,CLT-0077,PRD-008,AGT-002,AGC-001,2024-09-28,2027-09-13,Actif,82768000,10760000,Annuelle,Non,Chèque,36
CTR-01978,CLT-0975,PRD-004,AGT-031,AGC-005,2024-07-06,2026-06-26,Actif,7240000,507000,Mensuelle,Non,Carte bancaire,24
CTR-01979,CLT-0509,PRD-002,AGT-045,AGC-008,2023-09-15,2025-09-04,Résilié,8539000,854000,Annuelle,Non,Espèces,24
CTR-01980,CLT-0838,PRD-001,AGT-055,AGC-010,2024-02-06,2025-01-31,Expiré,1529000,122000,Mensuelle,Oui,Virement bancaire,12
CTR-01981,CLT-0007,PRD-003,AGT-002,AGC-001,2024-12-19,2025-12-14,Expiré,6747000,607000,Mensuelle,Non,Espèces,12
CTR-01982,CLT-0698,PRD-001,AGT-040,AGC-007,2023-03-26,2025-03-15,Expiré,2541000,203000,Mensuelle,Non,Mobile Money,24
CTR-01983,CLT-0511,PRD-005,AGT-035,AGC-006,2023-02-26,2025-02-15,Expiré,1213000,73000,Trimestrielle,Non,Virement bancaire,24
CTR-01984,CLT-0799,PRD-001,AGT-008,AGC-001,2023-09-16,2024-09-10,Résilié,2881000,230000,Semestrielle,Non,Espèces,12
CTR-01985,CLT-0548,PRD-008,AGT-023,AGC-003,2024-07-09,2027-06-24,Actif,75376000,9799000,Semestrielle,Oui,Mobile Money,36
CTR-01986,CLT-0976,PRD-004,AGT-055,AGC-010,2024-07-22,2025-07-17,Expiré,7883000,552000,Annuelle,Oui,Carte bancaire,12
CTR-01987,CLT-0344,PRD-003,AGT-031,AGC-005,2023-05-18,2024-05-12,Expiré,11898000,1071000,Trimestrielle,Non,Espèces,12
CTR-01988,CLT-0650,PRD-003,AGT-001,AGC-001,2025-01-09,2026-01-04,Actif,8187000,737000,Annuelle,Non,Mobile Money,12
CTR-01989,CLT-0136,PRD-001,AGT-002,AGC-001,2024-08-08,2025-08-03,Expiré,3468000,277000,Semestrielle,Non,Espèces,12
CTR-01990,CLT-0233,PRD-006,AGT-060,AGC-012,2025-05-11,2026-05-06,Actif,10373000,1141000,Mensuelle,Non,Mobile Money,12
CTR-01991,CLT-0349,PRD-004,AGT-030,AGC-005,2023-12-18,2024-12-12,Résilié,8360000,585000,Annuelle,Non,Carte bancaire,12
CTR-01992,CLT-0080,PRD-003,AGT-017,AGC-002,2023-03-27,2024-03-21,Expiré,3233000,291000,Trimestrielle,Non,Chèque,12
CTR-01993,CLT-0310,PRD-005,AGT-005,AGC-001,2023-07-07,2024-07-01,Résilié,2119000,127000,Semestrielle,Non,Espèces,12
CTR-01994,CLT-0134,PRD-003,AGT-009,AGC-001,2023-09-01,2025-08-21,Expiré,10838000,975000,Annuelle,Non,Chèque,24
CTR-01995,CLT-0746,PRD-003,AGT-043,AGC-007,2024-12-26,2026-12-16,Actif,8760000,788000,Mensuelle,Non,Espèces,24
CTR-01996,CLT-0314,PRD-002,AGT-054,AGC-010,2024-09-29,2026-09-19,Actif,8151000,815000,Annuelle,Oui,Mobile Money,24
CTR-01997,CLT-0488,PRD-001,AGT-055,AGC-010,2025-05-21,2026-05-16,Actif,4630000,370000,Semestrielle,Non,Carte bancaire,12
CTR-01998,CLT-0629,PRD-008,AGT-004,AGC-001,2023-10-04,2026-09-18,Actif,96906000,12598000,Mensuelle,Non,Mobile Money,36
CTR-01999,CLT-0885,PRD-003,AGT-001,AGC-001,2025-01-08,2026-01-03,Actif,6445000,580000,Trimestrielle,Non,Mobile Money,12
CTR-02000,CLT-0234,PRD-003,AGT-003,AGC-001,2024-02-20,2025-02-14,Expiré,11326000,1019000,Trimestrielle,Oui,Virement bancaire,12
CTR-02001,CLT-0945,PRD-001,AGT-022,AGC-003,2023-08-25,2024-08-19,Expiré,4012000,321000,Annuelle,Oui,Chèque,12
CTR-02002,CLT-0935,PRD-001,AGT-021,AGC-003,2023-09-05,2024-08-30,Expiré,4132000,331000,Mensuelle,Oui,Mobile Money,12
CTR-02003,CLT-0068,PRD-002,AGT-060,AGC-012,2024-03-07,2025-03-02,Expiré,11030000,1103000,Trimestrielle,Non,Espèces,12
CTR-02004,CLT-0626,PRD-006,AGT-015,AGC-002,2024-09-17,2025-09-12,Expiré,13968000,1536000,Mensuelle,Oui,Mobile Money,12
CTR-02005,CLT-0249,PRD-007,AGT-060,AGC-012,2024-09-23,2025-09-18,Expiré,44677000,5361000,Annuelle,Non,Espèces,12
CTR-02006,CLT-0362,PRD-002,AGT-031,AGC-005,2023-06-20,2024-06-14,Résilié,9934000,993000,Trimestrielle,Non,Carte bancaire,12
CTR-02007,CLT-0413,PRD-003,AGT-004,AGC-001,2023-05-27,2025-05-16,Expiré,3455000,311000,Mensuelle,Non,Mobile Money,24
CTR-02008,CLT-0465,PRD-003,AGT-051,AGC-009,2023-11-05,2024-10-30,Expiré,5993000,539000,Trimestrielle,Non,Mobile Money,12
CTR-02009,CLT-0961,PRD-001,AGT-056,AGC-011,2024-10-18,2025-10-13,Expiré,5065000,405000,Semestrielle,Oui,Espèces,12
CTR-02010,CLT-0444,PRD-003,AGT-024,AGC-003,2023-10-02,2026-09-16,Actif,5696000,513000,Annuelle,Oui,Virement bancaire,36
CTR-02011,CLT-0410,PRD-004,AGT-013,AGC-002,2025-01-27,2027-01-17,Actif,6130000,429000,Annuelle,Oui,Mobile Money,24
CTR-02012,CLT-0526,PRD-003,AGT-042,AGC-007,2024-04-12,2025-04-07,Résilié,12912000,1162000,Mensuelle,Non,Mobile Money,12
CTR-02013,CLT-0021,PRD-008,AGT-015,AGC-002,2023-09-12,2025-09-01,Résilié,30614000,3980000,Mensuelle,Non,Mobile Money,24
CTR-02014,CLT-0318,PRD-001,AGT-005,AGC-001,2025-02-15,2026-02-10,Actif,2387000,191000,Trimestrielle,Non,Espèces,12
CTR-02015,CLT-0839,PRD-003,AGT-004,AGC-001,2023-12-22,2024-12-16,Résilié,7797000,702000,Mensuelle,Non,Carte bancaire,12
CTR-02016,CLT-0335,PRD-001,AGT-002,AGC-001,2024-01-10,2026-12-25,Actif,2635000,211000,Mensuelle,Non,Virement bancaire,36
CTR-02017,CLT-0990,PRD-002,AGT-059,AGC-012,2023-10-07,2024-10-01,Résilié,12724000,1272000,Semestrielle,Non,Chèque,12
CTR-02018,CLT-0403,PRD-002,AGT-003,AGC-001,2024-01-16,2026-01-05,Actif,10847000,1085000,Mensuelle,Oui,Carte bancaire,24
CTR-02019,CLT-0037,PRD-008,AGT-045,AGC-008,2024-08-23,2025-08-18,Expiré,88294000,11478000,Trimestrielle,Non,Espèces,12
CTR-02020,CLT-0733,PRD-006,AGT-042,AGC-007,2024-09-17,2027-09-02,Actif,23632000,2600000,Semestrielle,Non,Carte bancaire,36
CTR-02021,CLT-0113,PRD-003,AGT-027,AGC-004,2024-01-02,2024-12-27,Expiré,17039000,1534000,Mensuelle,Non,Chèque,12
CTR-02022,CLT-0647,PRD-005,AGT-060,AGC-012,2023-09-09,2024-09-03,Expiré,565000,34000,Annuelle,Non,Espèces,12
CTR-02023,CLT-0686,PRD-007,AGT-038,AGC-006,2023-09-01,2024-08-26,Expiré,48955000,5875000,Annuelle,Oui,Mobile Money,12
CTR-02024,CLT-0297,PRD-001,AGT-016,AGC-002,2024-05-27,2026-05-17,Actif,4654000,372000,Trimestrielle,Oui,Carte bancaire,24
CTR-02025,CLT-0314,PRD-002,AGT-016,AGC-002,2023-01-25,2026-01-09,Actif,8041000,804000,Semestrielle,Non,Espèces,36
CTR-02026,CLT-0081,PRD-008,AGT-048,AGC-008,2025-01-20,2026-01-15,Actif,18754000,2438000,Mensuelle,Oui,Carte bancaire,12
CTR-02027,CLT-0538,PRD-004,AGT-004,AGC-001,2023-02-09,2024-02-04,Résilié,4735000,331000,Mensuelle,Non,Chèque,12
CTR-02028,CLT-0569,PRD-004,AGT-022,AGC-003,2024-04-29,2026-04-19,Actif,8618000,603000,Annuelle,Oui,Mobile Money,24
CTR-02029,CLT-0431,PRD-008,AGT-006,AGC-001,2024-10-04,2025-09-29,Expiré,63080000,8200000,Semestrielle,Oui,Carte bancaire,12
CTR-02030,CLT-0390,PRD-003,AGT-025,AGC-004,2024-05-05,2027-04-20,Actif,11574000,1042000,Mensuelle,Oui,Virement bancaire,36
CTR-02031,CLT-0568,PRD-001,AGT-037,AGC-006,2024-04-03,2025-03-29,Expiré,2238000,179000,Mensuelle,Non,Mobile Money,12
CTR-02032,CLT-0745,PRD-006,AGT-046,AGC-008,2023-02-20,2025-02-09,Expiré,24046000,2645000,Semestrielle,Non,Virement bancaire,24
CTR-02033,CLT-0584,PRD-003,AGT-037,AGC-006,2023-10-18,2025-10-07,Expiré,10406000,937000,Trimestrielle,Oui,Mobile Money,24
CTR-02034,CLT-0037,PRD-008,AGT-022,AGC-003,2025-01-10,2026-01-05,Actif,42943000,5583000,Trimestrielle,Non,Mobile Money,12
CTR-02035,CLT-0104,PRD-001,AGT-016,AGC-002,2023-02-16,2024-02-11,Expiré,2779000,222000,Annuelle,Non,Mobile Money,12
CTR-02036,CLT-0769,PRD-001,AGT-008,AGC-001,2023-08-03,2024-07-28,Expiré,4019000,322000,Trimestrielle,Oui,Chèque,12
CTR-02037,CLT-0439,PRD-003,AGT-046,AGC-008,2025-02-28,2026-02-23,Actif,8722000,785000,Mensuelle,Non,Mobile Money,12
CTR-02038,CLT-0388,PRD-004,AGT-030,AGC-005,2024-08-29,2026-08-19,Actif,9485000,664000,Mensuelle,Oui,Mobile Money,24
CTR-02039,CLT-0158,PRD-001,AGT-005,AGC-001,2024-11-11,2025-11-06,Résilié,4844000,388000,Mensuelle,Non,Mobile Money,12
CTR-02040,CLT-0674,PRD-001,AGT-022,AGC-003,2023-02-02,2024-01-28,Expiré,1628000,130000,Annuelle,Non,Carte bancaire,12
CTR-02041,CLT-0582,PRD-007,AGT-021,AGC-003,2023-08-31,2024-08-25,Expiré,25493000,3059000,Mensuelle,Oui,Mobile Money,12
CTR-02042,CLT-0813,PRD-006,AGT-013,AGC-002,2025-03-01,2027-02-19,Actif,7146000,786000,Mensuelle,Non,Mobile Money,24
CTR-02043,CLT-0630,PRD-002,AGT-056,AGC-011,2024-05-18,2026-05-08,Actif,9711000,971000,Annuelle,Oui,Virement bancaire,24
CTR-02044,CLT-0660,PRD-003,AGT-060,AGC-012,2025-02-11,2026-02-06,Actif,9144000,823000,Mensuelle,Non,Espèces,12
CTR-02045,CLT-0621,PRD-006,AGT-006,AGC-001,2023-06-08,2024-06-02,Expiré,13084000,1439000,Mensuelle,Oui,Espèces,12
CTR-02046,CLT-0230,PRD-007,AGT-015,AGC-002,2024-01-27,2026-01-16,Actif,32580000,3910000,Annuelle,Non,Espèces,24
CTR-02047,CLT-0081,PRD-005,AGT-025,AGC-004,2025-04-25,2026-04-20,Actif,2331000,140000,Mensuelle,Non,Carte bancaire,12
CTR-02048,CLT-0904,PRD-008,AGT-021,AGC-003,2024-02-17,2025-02-11,Expiré,75078000,9760000,Mensuelle,Non,Espèces,12
CTR-02049,CLT-0540,PRD-004,AGT-048,AGC-008,2024-10-12,2026-10-02,Actif,6086000,426000,Mensuelle,Non,Espèces,24
CTR-02050,CLT-0144,PRD-003,AGT-034,AGC-005,2025-04-09,2027-03-30,Actif,13293000,1196000,Mensuelle,Oui,Espèces,24
CTR-02051,CLT-0819,PRD-008,AGT-041,AGC-007,2023-09-15,2024-09-09,Résilié,29354000,3816000,Mensuelle,Non,Carte bancaire,12
CTR-02052,CLT-0241,PRD-003,AGT-010,AGC-002,2023-08-20,2026-08-04,Actif,19723000,1775000,Annuelle,Non,Espèces,36
CTR-02053,CLT-0157,PRD-003,AGT-022,AGC-003,2025-04-11,2026-04-06,Actif,9907000,892000,Annuelle,Oui,Virement bancaire,12
CTR-02054,CLT-0419,PRD-001,AGT-005,AGC-001,2024-04-10,2027-03-26,Actif,4258000,341000,Semestrielle,Non,Virement bancaire,36
CTR-02055,CLT-0851,PRD-001,AGT-034,AGC-005,2023-05-09,2025-04-28,Résilié,4516000,361000,Semestrielle,Non,Virement bancaire,24
CTR-02056,CLT-0910,PRD-002,AGT-029,AGC-004,2024-07-19,2026-07-09,Actif,5691000,569000,Mensuelle,Oui,Mobile Money,24
CTR-02057,CLT-0288,PRD-001,AGT-044,AGC-007,2023-04-17,2024-04-11,Résilié,4492000,359000,Semestrielle,Non,Mobile Money,12
CTR-02058,CLT-0972,PRD-008,AGT-058,AGC-011,2024-12-21,2025-12-16,Expiré,23688000,3079000,Semestrielle,Non,Mobile Money,12
CTR-02059,CLT-0462,PRD-001,AGT-018,AGC-003,2024-08-09,2026-07-30,Actif,4273000,342000,Annuelle,Non,Mobile Money,24
CTR-02060,CLT-0304,PRD-005,AGT-029,AGC-004,2023-08-06,2024-07-31,Expiré,1383000,83000,Annuelle,Non,Mobile Money,12
CTR-02061,CLT-0323,PRD-003,AGT-056,AGC-011,2024-04-13,2025-04-08,Résilié,10196000,918000,Annuelle,Non,Mobile Money,12
CTR-02062,CLT-0275,PRD-001,AGT-017,AGC-002,2023-09-29,2024-09-23,Expiré,3647000,292000,Trimestrielle,Non,Virement bancaire,12
CTR-02063,CLT-0236,PRD-002,AGT-004,AGC-001,2024-02-07,2026-01-27,Actif,11991000,1199000,Mensuelle,Oui,Virement bancaire,24
CTR-02064,CLT-0987,PRD-002,AGT-007,AGC-001,2023-01-18,2024-01-13,Expiré,10473000,1047000,Annuelle,Oui,Virement bancaire,12
CTR-02065,CLT-0570,PRD-001,AGT-028,AGC-004,2023-09-05,2024-08-30,Résilié,1784000,143000,Annuelle,Non,Virement bancaire,12
CTR-02066,CLT-0660,PRD-003,AGT-018,AGC-003,2023-06-19,2024-06-13,Expiré,7662000,690000,Mensuelle,Oui,Mobile Money,12
CTR-02067,CLT-0974,PRD-004,AGT-027,AGC-004,2025-06-16,2026-06-11,Actif,8954000,627000,Annuelle,Non,Virement bancaire,12
CTR-02068,CLT-0521,PRD-002,AGT-001,AGC-001,2024-10-27,2025-10-22,Résilié,4203000,420000,Mensuelle,Non,Carte bancaire,12
CTR-02069,CLT-0818,PRD-003,AGT-043,AGC-007,2024-05-12,2027-04-27,Actif,18485000,1664000,Trimestrielle,Oui,Virement bancaire,36
CTR-02070,CLT-0318,PRD-004,AGT-045,AGC-008,2024-03-30,2025-03-25,Expiré,8195000,574000,Semestrielle,Non,Carte bancaire,12
CTR-02071,CLT-0853,PRD-001,AGT-001,AGC-001,2023-06-24,2026-06-08,Actif,2438000,195000,Annuelle,Oui,Carte bancaire,36
CTR-02072,CLT-0343,PRD-007,AGT-020,AGC-003,2023-08-21,2024-08-15,Expiré,55367000,6644000,Semestrielle,Non,Chèque,12
CTR-02073,CLT-0948,PRD-003,AGT-056,AGC-011,2024-08-04,2027-07-20,Actif,8761000,788000,Annuelle,Non,Virement bancaire,36
CTR-02074,CLT-0369,PRD-002,AGT-001,AGC-001,2023-11-15,2025-11-04,Expiré,8669000,867000,Trimestrielle,Non,Mobile Money,24
CTR-02075,CLT-0737,PRD-003,AGT-008,AGC-001,2024-10-25,2026-10-15,Actif,5824000,524000,Mensuelle,Non,Virement bancaire,24
CTR-02076,CLT-0311,PRD-006,AGT-041,AGC-007,2023-10-07,2024-10-01,Expiré,8045000,885000,Annuelle,Non,Carte bancaire,12
CTR-02077,CLT-0843,PRD-003,AGT-027,AGC-004,2024-11-08,2025-11-03,Expiré,13389000,1205000,Trimestrielle,Non,Mobile Money,12
CTR-02078,CLT-0095,PRD-002,AGT-004,AGC-001,2023-10-08,2024-10-02,Expiré,11156000,1116000,Semestrielle,Non,Mobile Money,12
CTR-02079,CLT-0035,PRD-003,AGT-022,AGC-003,2024-10-18,2025-10-13,Résilié,12897000,1161000,Trimestrielle,Non,Espèces,12
CTR-02080,CLT-0902,PRD-006,AGT-020,AGC-003,2023-01-26,2024-01-21,Résilié,16146000,1776000,Mensuelle,Non,Carte bancaire,12
CTR-02081,CLT-0769,PRD-002,AGT-013,AGC-002,2025-04-19,2026-04-14,Actif,9552000,955000,Mensuelle,Non,Mobile Money,12
CTR-02082,CLT-0644,PRD-005,AGT-018,AGC-003,2025-05-17,2027-05-07,Actif,1954000,117000,Semestrielle,Oui,Mobile Money,24
CTR-02083,CLT-0861,PRD-008,AGT-043,AGC-007,2024-02-12,2027-01-27,Actif,58739000,7636000,Trimestrielle,Oui,Virement bancaire,36
CTR-02084,CLT-0873,PRD-005,AGT-012,AGC-002,2024-02-03,2027-01-18,Actif,316000,19000,Annuelle,Non,Carte bancaire,36
CTR-02085,CLT-0114,PRD-005,AGT-040,AGC-007,2025-04-17,2026-04-12,Actif,462000,28000,Semestrielle,Oui,Espèces,12
CTR-02086,CLT-0265,PRD-006,AGT-059,AGC-012,2023-05-23,2026-05-07,Actif,22108000,2432000,Semestrielle,Oui,Virement bancaire,36
CTR-02087,CLT-0144,PRD-005,AGT-014,AGC-002,2024-11-12,2027-10-28,Actif,2131000,128000,Annuelle,Non,Virement bancaire,36
CTR-02088,CLT-0912,PRD-008,AGT-048,AGC-008,2024-05-04,2025-04-29,Expiré,31354000,4076000,Semestrielle,Oui,Mobile Money,12
CTR-02089,CLT-0506,PRD-005,AGT-057,AGC-011,2024-10-05,2025-09-30,Résilié,2624000,157000,Annuelle,Non,Chèque,12
CTR-02090,CLT-0743,PRD-003,AGT-031,AGC-005,2023-03-15,2025-03-04,Expiré,4635000,417000,Trimestrielle,Oui,Carte bancaire,24
CTR-02091,CLT-0539,PRD-006,AGT-020,AGC-003,2023-05-05,2024-04-29,Expiré,17594000,1935000,Mensuelle,Non,Espèces,12
CTR-02092,CLT-0195,PRD-003,AGT-048,AGC-008,2024-09-14,2025-09-09,Expiré,10818000,974000,Semestrielle,Non,Mobile Money,12
CTR-02093,CLT-0474,PRD-003,AGT-004,AGC-001,2023-05-31,2024-05-25,Expiré,3813000,343000,Mensuelle,Non,Espèces,12
CTR-02094,CLT-0352,PRD-001,AGT-053,AGC-010,2025-06-25,2027-06-15,Actif,4318000,345000,Annuelle,Non,Espèces,24
CTR-02095,CLT-0910,PRD-005,AGT-027,AGC-004,2024-09-11,2026-09-01,Actif,1549000,93000,Mensuelle,Non,Espèces,24
CTR-02096,CLT-0190,PRD-008,AGT-020,AGC-003,2023-09-22,2024-09-16,Expiré,72009000,9361000,Annuelle,Oui,Virement bancaire,12
CTR-02097,CLT-0786,PRD-006,AGT-034,AGC-005,2023-04-26,2025-04-15,Résilié,11120000,1223000,Annuelle,Non,Mobile Money,24
CTR-02098,CLT-0048,PRD-003,AGT-009,AGC-001,2023-01-26,2024-01-21,Expiré,6856000,617000,Semestrielle,Oui,Virement bancaire,12
CTR-02099,CLT-0676,PRD-006,AGT-007,AGC-001,2024-12-16,2026-12-06,Actif,20600000,2266000,Annuelle,Non,Espèces,24
CTR-02100,CLT-0945,PRD-003,AGT-003,AGC-001,2023-01-17,2025-01-06,Expiré,7682000,691000,Mensuelle,Oui,Mobile Money,24
CTR-02101,CLT-0908,PRD-006,AGT-023,AGC-003,2023-01-24,2024-01-19,Expiré,15174000,1669000,Annuelle,Oui,Espèces,12
CTR-02102,CLT-0328,PRD-003,AGT-034,AGC-005,2024-05-16,2025-05-11,Expiré,8464000,762000,Semestrielle,Non,Virement bancaire,12
CTR-02103,CLT-0368,PRD-008,AGT-051,AGC-009,2025-02-20,2026-02-15,Actif,57324000,7452000,Mensuelle,Non,Virement bancaire,12
CTR-02104,CLT-0276,PRD-005,AGT-008,AGC-001,2024-11-22,2025-11-17,Expiré,2329000,140000,Semestrielle,Oui,Mobile Money,12
CTR-02105,CLT-0985,PRD-003,AGT-057,AGC-011,2025-06-02,2026-05-28,Actif,4241000,382000,Semestrielle,Non,Virement bancaire,12
CTR-02106,CLT-0165,PRD-002,AGT-001,AGC-001,2024-07-10,2025-07-05,Expiré,7493000,749000,Trimestrielle,Non,Espèces,12
CTR-02107,CLT-0988,PRD-001,AGT-012,AGC-002,2024-06-07,2025-06-02,Résilié,6725000,538000,Mensuelle,Non,Espèces,12
CTR-02108,CLT-0910,PRD-003,AGT-044,AGC-007,2023-07-27,2024-07-21,Expiré,5754000,518000,Trimestrielle,Non,Chèque,12
CTR-02109,CLT-0558,PRD-003,AGT-017,AGC-002,2023-05-17,2024-05-11,Expiré,13139000,1183000,Mensuelle,Non,Mobile Money,12
CTR-02110,CLT-0850,PRD-005,AGT-023,AGC-003,2023-06-14,2024-06-08,Expiré,1976000,119000,Trimestrielle,Oui,Espèces,12
CTR-02111,CLT-0640,PRD-006,AGT-015,AGC-002,2023-04-04,2025-03-24,Expiré,24140000,2655000,Mensuelle,Non,Espèces,24
CTR-02112,CLT-0311,PRD-005,AGT-046,AGC-008,2023-05-12,2024-05-06,Expiré,1818000,109000,Trimestrielle,Oui,Chèque,12
CTR-02113,CLT-0138,PRD-001,AGT-012,AGC-002,2025-02-02,2027-01-23,Actif,2308000,185000,Mensuelle,Non,Mobile Money,24
CTR-02114,CLT-0146,PRD-007,AGT-036,AGC-006,2024-04-12,2025-04-07,Expiré,26260000,3151000,Semestrielle,Oui,Carte bancaire,12
CTR-02115,CLT-0574,PRD-001,AGT-033,AGC-005,2024-12-27,2025-12-22,Expiré,4441000,355000,Semestrielle,Non,Carte bancaire,12
CTR-02116,CLT-0483,PRD-006,AGT-013,AGC-002,2023-07-31,2025-07-20,Expiré,13044000,1435000,Annuelle,Oui,Mobile Money,24
CTR-02117,CLT-0447,PRD-003,AGT-030,AGC-005,2023-02-01,2025-01-21,Expiré,12465000,1122000,Mensuelle,Non,Mobile Money,24
CTR-02118,CLT-0672,PRD-001,AGT-019,AGC-003,2024-08-17,2027-08-02,Actif,6685000,535000,Mensuelle,Oui,Espèces,36
CTR-02119,CLT-0099,PRD-001,AGT-001,AGC-001,2024-10-31,2026-10-21,Actif,4321000,346000,Annuelle,Non,Mobile Money,24
CTR-02120,CLT-0749,PRD-006,AGT-015,AGC-002,2025-05-06,2026-05-01,Actif,11628000,1279000,Mensuelle,Oui,Espèces,12
CTR-02121,CLT-0677,PRD-006,AGT-030,AGC-005,2023-11-29,2024-11-23,Expiré,24682000,2715000,Semestrielle,Non,Mobile Money,12
CTR-02122,CLT-0944,PRD-002,AGT-005,AGC-001,2024-05-23,2027-05-08,Actif,5395000,540000,Annuelle,Oui,Espèces,36
CTR-02123,CLT-0373,PRD-001,AGT-002,AGC-001,2023-12-04,2025-11-23,Résilié,2618000,209000,Semestrielle,Non,Carte bancaire,24
CTR-02124,CLT-0475,PRD-003,AGT-034,AGC-005,2023-07-01,2024-06-25,Expiré,14798000,1332000,Semestrielle,Oui,Chèque,12
CTR-02125,CLT-0021,PRD-002,AGT-059,AGC-012,2024-12-24,2026-12-14,Actif,7767000,777000,Trimestrielle,Non,Carte bancaire,24
CTR-02126,CLT-0870,PRD-007,AGT-050,AGC-009,2023-07-02,2025-06-21,Résilié,28399000,3408000,Semestrielle,Non,Chèque,24
CTR-02127,CLT-0787,PRD-002,AGT-044,AGC-007,2025-06-19,2026-06-14,Actif,6608000,661000,Semestrielle,Non,Mobile Money,12
CTR-02128,CLT-0456,PRD-004,AGT-030,AGC-005,2023-04-20,2025-04-09,Expiré,13395000,938000,Mensuelle,Non,Virement bancaire,24
CTR-02129,CLT-0777,PRD-003,AGT-019,AGC-003,2024-03-28,2026-03-18,Actif,6902000,621000,Mensuelle,Non,Chèque,24
CTR-02130,CLT-0001,PRD-004,AGT-060,AGC-012,2024-06-27,2025-06-22,Résilié,2273000,159000,Annuelle,Non,Carte bancaire,12
CTR-02131,CLT-0676,PRD-008,AGT-002,AGC-001,2025-03-06,2026-03-01,Actif,43419000,5644000,Annuelle,Non,Espèces,12
CTR-02132,CLT-0938,PRD-004,AGT-016,AGC-002,2024-11-28,2026-11-18,Actif,2909000,204000,Semestrielle,Non,Mobile Money,24
CTR-02133,CLT-0633,PRD-006,AGT-008,AGC-001,2023-10-15,2024-10-09,Expiré,7337000,807000,Annuelle,Oui,Virement bancaire,12
CTR-02134,CLT-0655,PRD-003,AGT-055,AGC-010,2023-05-10,2024-05-04,Expiré,14148000,1273000,Annuelle,Non,Chèque,12
CTR-02135,CLT-0877,PRD-007,AGT-017,AGC-002,2025-02-05,2026-01-31,Actif,43624000,5235000,Annuelle,Oui,Mobile Money,12
CTR-02136,CLT-0752,PRD-005,AGT-058,AGC-011,2024-06-08,2025-06-03,Expiré,2293000,138000,Annuelle,Non,Chèque,12
CTR-02137,CLT-0479,PRD-003,AGT-010,AGC-002,2024-10-22,2025-10-17,Expiré,12182000,1096000,Annuelle,Non,Carte bancaire,12
CTR-02138,CLT-0966,PRD-006,AGT-051,AGC-009,2023-11-17,2024-11-11,Résilié,21997000,2420000,Annuelle,Non,Mobile Money,12
CTR-02139,CLT-0113,PRD-007,AGT-007,AGC-001,2024-08-18,2027-08-03,Actif,23051000,2766000,Trimestrielle,Oui,Carte bancaire,36
CTR-02140,CLT-0352,PRD-002,AGT-017,AGC-002,2025-04-30,2026-04-25,Actif,8544000,854000,Mensuelle,Non,Carte bancaire,12
CTR-02141,CLT-0266,PRD-002,AGT-034,AGC-005,2023-08-03,2026-07-18,Actif,8126000,813000,Semestrielle,Non,Carte bancaire,36
CTR-02142,CLT-0759,PRD-001,AGT-048,AGC-008,2024-01-08,2025-01-02,Expiré,4005000,320000,Semestrielle,Oui,Mobile Money,12
CTR-02143,CLT-0682,PRD-008,AGT-033,AGC-005,2024-05-03,2025-04-28,Résilié,31356000,4076000,Trimestrielle,Non,Espèces,12
CTR-02144,CLT-0862,PRD-008,AGT-017,AGC-002,2024-10-29,2026-10-19,Actif,75478000,9812000,Trimestrielle,Non,Mobile Money,24
CTR-02145,CLT-0902,PRD-008,AGT-036,AGC-006,2023-11-20,2025-11-09,Expiré,15196000,1975000,Mensuelle,Oui,Virement bancaire,24
CTR-02146,CLT-0153,PRD-002,AGT-044,AGC-007,2023-11-26,2024-11-20,Expiré,5513000,551000,Semestrielle,Non,Espèces,12
CTR-02147,CLT-0568,PRD-003,AGT-046,AGC-008,2023-08-18,2024-08-12,Résilié,4659000,419000,Annuelle,Non,Carte bancaire,12
CTR-02148,CLT-0323,PRD-002,AGT-020,AGC-003,2024-12-12,2026-12-02,Actif,6648000,665000,Semestrielle,Oui,Espèces,24
CTR-02149,CLT-0609,PRD-005,AGT-012,AGC-002,2023-09-09,2024-09-03,Expiré,942000,57000,Trimestrielle,Non,Espèces,12
CTR-02150,CLT-0249,PRD-006,AGT-015,AGC-002,2024-12-12,2025-12-07,Résilié,23265000,2559000,Mensuelle,Non,Espèces,12
CTR-02151,CLT-0117,PRD-003,AGT-007,AGC-001,2023-11-13,2024-11-07,Résilié,7325000,659000,Mensuelle,Non,Mobile Money,12
CTR-02152,CLT-0402,PRD-001,AGT-009,AGC-001,2024-07-31,2025-07-26,Expiré,1826000,146000,Trimestrielle,Non,Virement bancaire,12
CTR-02153,CLT-0805,PRD-001,AGT-018,AGC-003,2024-03-24,2026-03-14,Actif,1862000,149000,Annuelle,Oui,Chèque,24
CTR-02154,CLT-0555,PRD-005,AGT-035,AGC-006,2024-01-09,2025-01-03,Expiré,1526000,92000,Semestrielle,Non,Chèque,12
CTR-02155,CLT-0380,PRD-003,AGT-047,AGC-008,2024-08-17,2025-08-12,Expiré,9651000,869000,Trimestrielle,Non,Mobile Money,12
CTR-02156,CLT-0499,PRD-006,AGT-032,AGC-005,2025-03-23,2026-03-18,Actif,21685000,2385000,Annuelle,Oui,Espèces,12
CTR-02157,CLT-0741,PRD-005,AGT-016,AGC-002,2023-02-06,2024-02-01,Expiré,2326000,140000,Semestrielle,Oui,Virement bancaire,12
CTR-02158,CLT-0840,PRD-007,AGT-057,AGC-011,2025-06-30,2028-06-14,Actif,10869000,1304000,Mensuelle,Non,Espèces,36
CTR-02159,CLT-0455,PRD-003,AGT-018,AGC-003,2024-02-15,2025-02-09,Expiré,3446000,310000,Annuelle,Non,Espèces,12
CTR-02160,CLT-0739,PRD-001,AGT-018,AGC-003,2023-06-26,2024-06-20,Expiré,5386000,431000,Semestrielle,Oui,Mobile Money,12
CTR-02161,CLT-0614,PRD-003,AGT-002,AGC-001,2024-01-27,2025-01-21,Expiré,10789000,971000,Annuelle,Non,Carte bancaire,12
CTR-02162,CLT-0603,PRD-006,AGT-049,AGC-009,2025-01-28,2026-01-23,Actif,16560000,1822000,Semestrielle,Oui,Espèces,12
CTR-02163,CLT-0003,PRD-007,AGT-017,AGC-002,2023-03-29,2024-03-23,Résilié,12106000,1453000,Mensuelle,Non,Virement bancaire,12
CTR-02164,CLT-0906,PRD-001,AGT-017,AGC-002,2024-03-31,2026-03-21,Actif,2136000,171000,Trimestrielle,Non,Virement bancaire,24
CTR-02165,CLT-0332,PRD-004,AGT-033,AGC-005,2025-03-19,2026-03-14,Actif,5833000,408000,Trimestrielle,Oui,Espèces,12
CTR-02166,CLT-0710,PRD-005,AGT-049,AGC-009,2023-03-23,2026-03-07,Actif,668000,40000,Semestrielle,Non,Chèque,36
CTR-02167,CLT-0265,PRD-003,AGT-022,AGC-003,2024-08-16,2025-08-11,Expiré,6249000,562000,Annuelle,Non,Mobile Money,12
CTR-02168,CLT-0710,PRD-007,AGT-037,AGC-006,2024-03-26,2025-03-21,Expiré,55841000,6701000,Mensuelle,Non,Mobile Money,12
CTR-02169,CLT-0464,PRD-004,AGT-043,AGC-007,2024-05-21,2025-05-16,Expiré,2716000,190000,Semestrielle,Oui,Virement bancaire,12
CTR-02170,CLT-0427,PRD-002,AGT-025,AGC-004,2024-03-20,2025-03-15,Résilié,9928000,993000,Semestrielle,Non,Chèque,12
CTR-02171,CLT-0157,PRD-004,AGT-009,AGC-001,2023-03-04,2025-02-21,Expiré,11487000,804000,Trimestrielle,Oui,Virement bancaire,24
CTR-02172,CLT-0725,PRD-005,AGT-018,AGC-003,2024-03-24,2025-03-19,Expiré,2205000,132000,Trimestrielle,Oui,Mobile Money,12
CTR-02173,CLT-0343,PRD-003,AGT-044,AGC-007,2024-06-11,2025-06-06,Expiré,17199000,1548000,Trimestrielle,Non,Mobile Money,12
CTR-02174,CLT-0484,PRD-008,AGT-032,AGC-005,2024-10-13,2025-10-08,Expiré,54277000,7056000,Annuelle,Non,Carte bancaire,12
CTR-02175,CLT-0269,PRD-001,AGT-036,AGC-006,2024-01-18,2026-01-07,Actif,2445000,196000,Annuelle,Non,Espèces,24
CTR-02176,CLT-0619,PRD-001,AGT-032,AGC-005,2024-07-23,2025-07-18,Expiré,4758000,381000,Mensuelle,Oui,Mobile Money,12
CTR-02177,CLT-0742,PRD-005,AGT-025,AGC-004,2024-01-11,2025-01-05,Expiré,2084000,125000,Mensuelle,Non,Carte bancaire,12
CTR-02178,CLT-0060,PRD-002,AGT-015,AGC-002,2025-01-19,2026-01-14,Actif,7034000,703000,Semestrielle,Non,Mobile Money,12
CTR-02179,CLT-0086,PRD-005,AGT-011,AGC-002,2023-04-04,2024-03-29,Résilié,3510000,211000,Mensuelle,Non,Mobile Money,12
CTR-02180,CLT-0835,PRD-001,AGT-032,AGC-005,2023-01-29,2025-01-18,Expiré,1668000,133000,Mensuelle,Non,Mobile Money,24
CTR-02181,CLT-0703,PRD-006,AGT-039,AGC-006,2023-06-29,2024-06-23,Expiré,18492000,2034000,Annuelle,Non,Mobile Money,12
CTR-02182,CLT-0640,PRD-006,AGT-028,AGC-004,2024-11-21,2026-11-11,Actif,18272000,2010000,Semestrielle,Non,Carte bancaire,24
CTR-02183,CLT-0433,PRD-003,AGT-052,AGC-009,2025-02-05,2026-01-31,Actif,12977000,1168000,Mensuelle,Oui,Virement bancaire,12
CTR-02184,CLT-0697,PRD-005,AGT-041,AGC-007,2023-02-27,2024-02-22,Expiré,549000,33000,Mensuelle,Non,Mobile Money,12
CTR-02185,CLT-0964,PRD-006,AGT-037,AGC-006,2023-04-06,2026-03-21,Actif,29891000,3288000,Annuelle,Oui,Chèque,36
CTR-02186,CLT-0786,PRD-002,AGT-021,AGC-003,2025-03-26,2027-03-16,Actif,15209000,1521000,Semestrielle,Non,Mobile Money,24
CTR-02187,CLT-0547,PRD-001,AGT-038,AGC-006,2025-02-24,2028-02-09,Actif,5342000,427000,Trimestrielle,Oui,Espèces,36
CTR-02188,CLT-0815,PRD-003,AGT-030,AGC-005,2025-03-30,2026-03-25,Actif,6579000,592000,Trimestrielle,Non,Espèces,12
CTR-02189,CLT-0280,PRD-004,AGT-001,AGC-001,2023-08-05,2026-07-20,Actif,7579000,531000,Mensuelle,Non,Virement bancaire,36
CTR-02190,CLT-0691,PRD-003,AGT-015,AGC-002,2023-01-28,2024-01-23,Expiré,8241000,742000,Trimestrielle,Oui,Mobile Money,12
CTR-02191,CLT-0149,PRD-008,AGT-040,AGC-007,2023-04-10,2026-03-25,Actif,21790000,2833000,Annuelle,Non,Mobile Money,36
CTR-02192,CLT-0820,PRD-005,AGT-009,AGC-001,2023-09-14,2024-09-08,Expiré,1426000,86000,Annuelle,Non,Mobile Money,12
CTR-02193,CLT-0228,PRD-007,AGT-006,AGC-001,2025-04-26,2026-04-21,Actif,15889000,1907000,Mensuelle,Non,Virement bancaire,12
CTR-02194,CLT-0741,PRD-005,AGT-039,AGC-006,2023-01-09,2024-12-29,Expiré,798000,48000,Trimestrielle,Non,Espèces,24
CTR-02195,CLT-0631,PRD-008,AGT-026,AGC-004,2023-01-09,2024-01-04,Expiré,55999000,7280000,Semestrielle,Oui,Carte bancaire,12
CTR-02196,CLT-0950,PRD-004,AGT-045,AGC-008,2025-01-05,2026-12-26,Actif,8779000,615000,Annuelle,Non,Mobile Money,24
CTR-02197,CLT-0700,PRD-002,AGT-042,AGC-007,2024-04-02,2025-03-28,Expiré,5396000,540000,Trimestrielle,Oui,Espèces,12
CTR-02198,CLT-0739,PRD-004,AGT-017,AGC-002,2025-03-24,2027-03-14,Actif,3261000,228000,Trimestrielle,Oui,Mobile Money,24
CTR-02199,CLT-0549,PRD-001,AGT-012,AGC-002,2024-09-28,2026-09-18,Actif,2683000,215000,Annuelle,Non,Mobile Money,24
CTR-02200,CLT-0942,PRD-004,AGT-038,AGC-006,2024-08-26,2027-08-11,Actif,5673000,397000,Trimestrielle,Non,Mobile Money,36
CTR-02201,CLT-0526,PRD-002,AGT-020,AGC-003,2023-03-12,2024-03-06,Expiré,11345000,1134000,Mensuelle,Non,Chèque,12
CTR-02202,CLT-0709,PRD-008,AGT-018,AGC-003,2024-12-08,2025-12-03,Expiré,28650000,3724000,Semestrielle,Non,Espèces,12
CTR-02203,CLT-0716,PRD-004,AGT-013,AGC-002,2024-06-12,2026-06-02,Actif,2776000,194000,Annuelle,Non,Mobile Money,24
CTR-02204,CLT-0807,PRD-002,AGT-033,AGC-005,2025-01-06,2026-12-27,Actif,6796000,680000,Annuelle,Oui,Chèque,24
CTR-02205,CLT-0420,PRD-004,AGT-023,AGC-003,2023-05-16,2025-05-05,Expiré,8274000,579000,Annuelle,Non,Espèces,24
CTR-02206,CLT-0429,PRD-003,AGT-010,AGC-002,2025-06-06,2026-06-01,Actif,5785000,521000,Mensuelle,Non,Espèces,12
CTR-02207,CLT-0651,PRD-008,AGT-010,AGC-002,2023-08-07,2025-07-27,Résilié,28220000,3669000,Annuelle,Non,Virement bancaire,24
CTR-02208,CLT-0769,PRD-008,AGT-007,AGC-001,2024-10-12,2026-10-02,Actif,36320000,4722000,Annuelle,Non,Mobile Money,24
CTR-02209,CLT-0883,PRD-001,AGT-046,AGC-008,2024-10-02,2025-09-27,Expiré,2769000,222000,Mensuelle,Non,Chèque,12
CTR-02210,CLT-0553,PRD-006,AGT-007,AGC-001,2024-03-02,2025-02-25,Expiré,10976000,1207000,Trimestrielle,Non,Mobile Money,12
CTR-02211,CLT-0386,PRD-002,AGT-023,AGC-003,2025-05-03,2026-04-28,Actif,12847000,1285000,Semestrielle,Oui,Virement bancaire,12
CTR-02212,CLT-0535,PRD-001,AGT-003,AGC-001,2024-11-09,2025-11-04,Expiré,3015000,241000,Annuelle,Oui,Carte bancaire,12
CTR-02213,CLT-0629,PRD-002,AGT-034,AGC-005,2024-06-22,2026-06-12,Actif,9097000,910000,Mensuelle,Oui,Virement bancaire,24
CTR-02214,CLT-0546,PRD-008,AGT-018,AGC-003,2023-12-03,2024-11-27,Expiré,99344000,12915000,Mensuelle,Non,Virement bancaire,12
CTR-02215,CLT-0569,PRD-007,AGT-026,AGC-004,2023-08-03,2025-07-23,Résilié,25271000,3033000,Trimestrielle,Non,Mobile Money,24
CTR-02216,CLT-0447,PRD-008,AGT-008,AGC-001,2025-06-12,2027-06-02,Actif,55886000,7265000,Annuelle,Oui,Virement bancaire,24
CTR-02217,CLT-0797,PRD-003,AGT-029,AGC-004,2024-04-18,2026-04-08,Actif,14779000,1330000,Mensuelle,Non,Mobile Money,24
CTR-02218,CLT-0935,PRD-004,AGT-032,AGC-005,2024-03-24,2027-03-09,Actif,8696000,609000,Mensuelle,Oui,Mobile Money,36
CTR-02219,CLT-0844,PRD-002,AGT-037,AGC-006,2025-04-12,2027-04-02,Actif,15373000,1537000,Semestrielle,Non,Mobile Money,24
CTR-02220,CLT-0351,PRD-007,AGT-003,AGC-001,2025-05-29,2027-05-19,Actif,51961000,6235000,Semestrielle,Oui,Espèces,24
CTR-02221,CLT-0261,PRD-003,AGT-020,AGC-003,2024-12-23,2025-12-18,Expiré,21500000,1935000,Mensuelle,Non,Virement bancaire,12
CTR-02222,CLT-0845,PRD-001,AGT-033,AGC-005,2023-01-24,2024-01-19,Expiré,2981000,238000,Annuelle,Non,Mobile Money,12
CTR-02223,CLT-0346,PRD-002,AGT-022,AGC-003,2025-01-13,2027-01-03,Actif,11492000,1149000,Annuelle,Non,Carte bancaire,24
CTR-02224,CLT-0470,PRD-005,AGT-011,AGC-002,2024-03-01,2025-02-24,Expiré,2178000,131000,Annuelle,Oui,Mobile Money,12
CTR-02225,CLT-0804,PRD-007,AGT-023,AGC-003,2024-04-16,2025-04-11,Expiré,49339000,5921000,Trimestrielle,Non,Espèces,12
CTR-02226,CLT-0988,PRD-008,AGT-027,AGC-004,2025-02-03,2027-01-24,Actif,80942000,10522000,Mensuelle,Oui,Espèces,24
CTR-02227,CLT-0869,PRD-001,AGT-037,AGC-006,2024-07-11,2026-07-01,Actif,2733000,219000,Semestrielle,Non,Espèces,24
CTR-02228,CLT-0676,PRD-007,AGT-053,AGC-010,2024-11-24,2026-11-14,Actif,57001000,6840000,Semestrielle,Non,Carte bancaire,24
CTR-02229,CLT-0982,PRD-001,AGT-017,AGC-002,2024-02-27,2025-02-21,Expiré,2631000,210000,Mensuelle,Oui,Virement bancaire,12
CTR-02230,CLT-0231,PRD-007,AGT-010,AGC-002,2024-12-11,2025-12-06,Expiré,35228000,4227000,Annuelle,Oui,Espèces,12
CTR-02231,CLT-0230,PRD-002,AGT-022,AGC-003,2023-02-24,2024-02-19,Résilié,10200000,1020000,Mensuelle,Non,Mobile Money,12
CTR-02232,CLT-0018,PRD-008,AGT-019,AGC-003,2023-07-31,2024-07-25,Résilié,29830000,3878000,Trimestrielle,Non,Espèces,12
CTR-02233,CLT-0652,PRD-005,AGT-029,AGC-004,2025-02-24,2026-02-19,Actif,2496000,150000,Trimestrielle,Non,Mobile Money,12
CTR-02234,CLT-0636,PRD-003,AGT-044,AGC-007,2024-11-14,2026-11-04,Actif,7241000,652000,Semestrielle,Non,Virement bancaire,24
CTR-02235,CLT-0380,PRD-008,AGT-006,AGC-001,2023-11-28,2025-11-17,Expiré,75184000,9774000,Semestrielle,Oui,Espèces,24
CTR-02236,CLT-0118,PRD-002,AGT-024,AGC-003,2023-10-21,2025-10-10,Expiré,8994000,899000,Semestrielle,Non,Espèces,24
CTR-02237,CLT-0874,PRD-005,AGT-024,AGC-003,2023-03-05,2026-02-17,Actif,2267000,136000,Semestrielle,Non,Mobile Money,36
CTR-02238,CLT-0794,PRD-006,AGT-020,AGC-003,2023-04-09,2025-03-29,Expiré,19195000,2111000,Annuelle,Oui,Mobile Money,24
CTR-02239,CLT-0303,PRD-006,AGT-010,AGC-002,2025-04-03,2026-03-29,Actif,25053000,2756000,Trimestrielle,Non,Mobile Money,12
CTR-02240,CLT-0638,PRD-007,AGT-025,AGC-004,2024-06-09,2026-05-30,Actif,37346000,4482000,Mensuelle,Oui,Carte bancaire,24
CTR-02241,CLT-0372,PRD-005,AGT-011,AGC-002,2025-03-15,2026-03-10,Actif,2482000,149000,Mensuelle,Non,Virement bancaire,12
CTR-02242,CLT-0178,PRD-004,AGT-060,AGC-012,2023-08-28,2024-08-22,Résilié,7502000,525000,Semestrielle,Non,Espèces,12
CTR-02243,CLT-0817,PRD-006,AGT-049,AGC-009,2024-01-06,2025-12-26,Expiré,12072000,1328000,Semestrielle,Non,Espèces,24
CTR-02244,CLT-0028,PRD-002,AGT-047,AGC-008,2023-04-01,2024-03-26,Résilié,5893000,589000,Mensuelle,Non,Mobile Money,12
CTR-02245,CLT-0009,PRD-001,AGT-053,AGC-010,2025-03-11,2026-03-06,Actif,6540000,523000,Semestrielle,Non,Mobile Money,12
CTR-02246,CLT-0821,PRD-004,AGT-018,AGC-003,2023-07-26,2024-07-20,Expiré,6364000,445000,Annuelle,Non,Mobile Money,12
CTR-02247,CLT-0426,PRD-001,AGT-027,AGC-004,2025-04-19,2026-04-14,Actif,4188000,335000,Annuelle,Oui,Virement bancaire,12
CTR-02248,CLT-0905,PRD-005,AGT-011,AGC-002,2023-08-18,2024-08-12,Expiré,2190000,131000,Mensuelle,Non,Mobile Money,12
CTR-02249,CLT-0617,PRD-001,AGT-034,AGC-005,2024-12-29,2025-12-24,Expiré,2943000,235000,Mensuelle,Non,Espèces,12
CTR-02250,CLT-0587,PRD-001,AGT-034,AGC-005,2023-02-06,2024-02-01,Expiré,2259000,181000,Annuelle,Oui,Virement bancaire,12
CTR-02251,CLT-0713,PRD-002,AGT-019,AGC-003,2023-08-28,2025-08-17,Résilié,9008000,901000,Trimestrielle,Non,Chèque,24
CTR-02252,CLT-0998,PRD-008,AGT-053,AGC-010,2024-05-10,2025-05-05,Résilié,31324000,4072000,Trimestrielle,Non,Virement bancaire,12
CTR-02253,CLT-0634,PRD-001,AGT-028,AGC-004,2023-10-25,2024-10-19,Résilié,1606000,128000,Mensuelle,Non,Mobile Money,12
CTR-02254,CLT-0163,PRD-001,AGT-053,AGC-010,2023-10-06,2026-09-20,Actif,2422000,194000,Mensuelle,Non,Mobile Money,36
CTR-02255,CLT-0263,PRD-007,AGT-028,AGC-004,2023-12-20,2024-12-14,Expiré,39773000,4773000,Mensuelle,Non,Virement bancaire,12
CTR-02256,CLT-0669,PRD-003,AGT-016,AGC-002,2025-02-13,2027-02-03,Actif,4412000,397000,Mensuelle,Oui,Mobile Money,24
CTR-02257,CLT-0658,PRD-004,AGT-001,AGC-001,2023-11-20,2025-11-09,Expiré,5076000,355000,Mensuelle,Non,Espèces,24
CTR-02258,CLT-0878,PRD-004,AGT-024,AGC-003,2023-07-30,2024-07-24,Expiré,5232000,366000,Semestrielle,Oui,Mobile Money,12
CTR-02259,CLT-0936,PRD-004,AGT-052,AGC-009,2024-02-11,2026-01-31,Actif,3719000,260000,Annuelle,Non,Mobile Money,24
CTR-02260,CLT-0707,PRD-003,AGT-002,AGC-001,2025-01-30,2027-01-20,Actif,9275000,835000,Mensuelle,Oui,Mobile Money,24
CTR-02261,CLT-0935,PRD-001,AGT-039,AGC-006,2024-03-06,2025-03-01,Expiré,2544000,204000,Annuelle,Non,Mobile Money,12
CTR-02262,CLT-0911,PRD-004,AGT-027,AGC-004,2025-06-21,2027-06-11,Actif,6854000,480000,Semestrielle,Non,Virement bancaire,24
CTR-02263,CLT-0250,PRD-003,AGT-030,AGC-005,2025-05-10,2026-05-05,Actif,5238000,471000,Annuelle,Non,Chèque,12
CTR-02264,CLT-0859,PRD-005,AGT-039,AGC-006,2023-12-12,2025-12-01,Expiré,2498000,150000,Semestrielle,Oui,Espèces,24
CTR-02265,CLT-0590,PRD-008,AGT-046,AGC-008,2023-11-15,2024-11-09,Expiré,71324000,9272000,Trimestrielle,Non,Chèque,12
CTR-02266,CLT-0561,PRD-006,AGT-013,AGC-002,2023-05-29,2026-05-13,Actif,15638000,1720000,Semestrielle,Oui,Mobile Money,36
CTR-02267,CLT-0450,PRD-003,AGT-016,AGC-002,2025-03-29,2026-03-24,Actif,8169000,735000,Semestrielle,Non,Espèces,12
CTR-02268,CLT-0237,PRD-004,AGT-001,AGC-001,2024-02-14,2025-02-08,Expiré,4416000,309000,Trimestrielle,Oui,Mobile Money,12
CTR-02269,CLT-0125,PRD-002,AGT-025,AGC-004,2024-06-09,2025-06-04,Expiré,6155000,616000,Trimestrielle,Non,Espèces,12
CTR-02270,CLT-0116,PRD-006,AGT-043,AGC-007,2023-03-12,2024-03-06,Expiré,12370000,1361000,Annuelle,Oui,Carte bancaire,12
CTR-02271,CLT-0899,PRD-003,AGT-003,AGC-001,2024-02-14,2026-02-03,Actif,3266000,294000,Trimestrielle,Oui,Virement bancaire,24
CTR-02272,CLT-0389,PRD-008,AGT-053,AGC-010,2025-01-29,2026-01-24,Actif,87733000,11405000,Annuelle,Oui,Chèque,12
CTR-02273,CLT-0966,PRD-006,AGT-050,AGC-009,2024-05-26,2025-05-21,Résilié,25463000,2801000,Mensuelle,Non,Carte bancaire,12
CTR-02274,CLT-0693,PRD-002,AGT-037,AGC-006,2023-12-13,2025-12-02,Expiré,7282000,728000,Mensuelle,Non,Chèque,24
CTR-02275,CLT-0872,PRD-001,AGT-033,AGC-005,2024-10-20,2027-10-05,Actif,2033000,163000,Annuelle,Non,Chèque,36
CTR-02276,CLT-0386,PRD-006,AGT-027,AGC-004,2024-12-04,2025-11-29,Expiré,33431000,3677000,Trimestrielle,Non,Carte bancaire,12
CTR-02277,CLT-0213,PRD-003,AGT-029,AGC-004,2024-01-12,2026-01-01,Actif,13497000,1215000,Trimestrielle,Non,Virement bancaire,24
CTR-02278,CLT-0462,PRD-001,AGT-046,AGC-008,2023-09-22,2024-09-16,Expiré,3508000,281000,Annuelle,Non,Mobile Money,12
CTR-02279,CLT-0557,PRD-001,AGT-014,AGC-002,2025-05-26,2027-05-16,Actif,4208000,337000,Mensuelle,Oui,Mobile Money,24
CTR-02280,CLT-0258,PRD-004,AGT-017,AGC-002,2025-04-12,2026-04-07,Actif,2109000,148000,Annuelle,Non,Chèque,12
CTR-02281,CLT-0339,PRD-006,AGT-030,AGC-005,2023-11-09,2025-10-29,Expiré,12108000,1332000,Semestrielle,Oui,Mobile Money,24
CTR-02282,CLT-0338,PRD-002,AGT-052,AGC-009,2025-05-12,2027-05-02,Actif,11753000,1175000,Mensuelle,Non,Mobile Money,24
CTR-02283,CLT-0513,PRD-001,AGT-007,AGC-001,2025-01-30,2027-01-20,Actif,4608000,369000,Mensuelle,Non,Chèque,24
CTR-02284,CLT-0210,PRD-002,AGT-027,AGC-004,2024-12-14,2026-12-04,Actif,8681000,868000,Semestrielle,Oui,Carte bancaire,24
CTR-02285,CLT-0729,PRD-002,AGT-012,AGC-002,2024-03-08,2025-03-03,Expiré,8848000,885000,Semestrielle,Non,Virement bancaire,12
CTR-02286,CLT-0048,PRD-001,AGT-021,AGC-003,2024-07-23,2027-07-08,Actif,3197000,256000,Semestrielle,Non,Virement bancaire,36
CTR-02287,CLT-0346,PRD-003,AGT-058,AGC-011,2025-01-26,2026-01-21,Actif,15976000,1438000,Annuelle,Non,Chèque,12
CTR-02288,CLT-0309,PRD-004,AGT-005,AGC-001,2023-06-27,2025-06-16,Résilié,7935000,555000,Annuelle,Non,Mobile Money,24
CTR-02289,CLT-0360,PRD-006,AGT-046,AGC-008,2024-10-17,2025-10-12,Expiré,15698000,1727000,Trimestrielle,Oui,Mobile Money,12
CTR-02290,CLT-0504,PRD-004,AGT-031,AGC-005,2023-02-19,2026-02-03,Actif,4902000,343000,Mensuelle,Oui,Mobile Money,36
CTR-02291,CLT-0729,PRD-003,AGT-051,AGC-009,2024-06-14,2025-06-09,Résilié,11747000,1057000,Mensuelle,Non,Mobile Money,12
CTR-02292,CLT-0984,PRD-003,AGT-009,AGC-001,2025-03-20,2026-03-15,Actif,6648000,598000,Mensuelle,Non,Virement bancaire,12
CTR-02293,CLT-0124,PRD-001,AGT-018,AGC-003,2023-11-04,2026-10-19,Actif,2402000,192000,Semestrielle,Non,Chèque,36
CTR-02294,CLT-0597,PRD-007,AGT-017,AGC-002,2024-01-07,2025-12-27,Expiré,48372000,5805000,Trimestrielle,Non,Chèque,24
CTR-02295,CLT-0833,PRD-006,AGT-029,AGC-004,2025-05-28,2027-05-18,Actif,11730000,1290000,Mensuelle,Non,Chèque,24
CTR-02296,CLT-0686,PRD-004,AGT-017,AGC-002,2024-04-14,2025-04-09,Expiré,5924000,415000,Mensuelle,Oui,Mobile Money,12
CTR-02297,CLT-0343,PRD-008,AGT-009,AGC-001,2025-04-28,2026-04-23,Actif,131643000,17114000,Trimestrielle,Non,Virement bancaire,12
CTR-02298,CLT-0600,PRD-001,AGT-021,AGC-003,2024-02-26,2026-02-15,Actif,2019000,162000,Annuelle,Non,Carte bancaire,24
CTR-02299,CLT-0563,PRD-008,AGT-051,AGC-009,2024-04-15,2025-04-10,Expiré,71849000,9340000,Mensuelle,Non,Espèces,12
CTR-02300,CLT-0735,PRD-001,AGT-008,AGC-001,2023-01-10,2024-12-30,Expiré,4450000,356000,Mensuelle,Oui,Mobile Money,24
CTR-02301,CLT-0533,PRD-006,AGT-029,AGC-004,2025-02-08,2027-01-29,Actif,23381000,2572000,Trimestrielle,Non,Carte bancaire,24
CTR-02302,CLT-0594,PRD-002,AGT-001,AGC-001,2024-08-07,2027-07-23,Actif,11121000,1112000,Trimestrielle,Oui,Virement bancaire,36
CTR-02303,CLT-0689,PRD-005,AGT-023,AGC-003,2023-11-08,2024-11-02,Résilié,3538000,212000,Mensuelle,Non,Mobile Money,12
CTR-02304,CLT-0061,PRD-007,AGT-047,AGC-008,2025-04-11,2026-04-06,Actif,31683000,3802000,Trimestrielle,Oui,Mobile Money,12
CTR-02305,CLT-0283,PRD-001,AGT-031,AGC-005,2024-05-29,2025-05-24,Résilié,2450000,196000,Trimestrielle,Non,Mobile Money,12
CTR-02306,CLT-0880,PRD-008,AGT-005,AGC-001,2023-12-08,2025-11-27,Expiré,19576000,2545000,Mensuelle,Non,Virement bancaire,24
CTR-02307,CLT-0232,PRD-001,AGT-007,AGC-001,2024-11-10,2027-10-26,Actif,3927000,314000,Annuelle,Oui,Chèque,36
CTR-02308,CLT-0229,PRD-002,AGT-030,AGC-005,2024-04-17,2026-04-07,Actif,10560000,1056000,Mensuelle,Non,Mobile Money,24
CTR-02309,CLT-0344,PRD-001,AGT-026,AGC-004,2024-10-24,2025-10-19,Expiré,4106000,328000,Mensuelle,Non,Virement bancaire,12
CTR-02310,CLT-0205,PRD-004,AGT-039,AGC-006,2023-01-26,2024-01-21,Expiré,7884000,552000,Trimestrielle,Non,Chèque,12
CTR-02311,CLT-0418,PRD-005,AGT-012,AGC-002,2024-05-19,2025-05-14,Expiré,867000,52000,Annuelle,Oui,Virement bancaire,12
CTR-02312,CLT-0164,PRD-006,AGT-046,AGC-008,2024-04-21,2025-04-16,Expiré,22097000,2431000,Semestrielle,Oui,Espèces,12
CTR-02313,CLT-0769,PRD-004,AGT-004,AGC-001,2025-04-09,2026-04-04,Actif,5301000,371000,Semestrielle,Non,Carte bancaire,12
CTR-02314,CLT-0008,PRD-004,AGT-031,AGC-005,2024-11-01,2025-10-27,Résilié,3937000,276000,Semestrielle,Non,Espèces,12
CTR-02315,CLT-0203,PRD-002,AGT-053,AGC-010,2024-11-30,2025-11-25,Expiré,16782000,1678000,Trimestrielle,Non,Mobile Money,12
CTR-02316,CLT-0650,PRD-006,AGT-006,AGC-001,2024-10-23,2025-10-18,Expiré,23438000,2578000,Mensuelle,Oui,Espèces,12
CTR-02317,CLT-0537,PRD-007,AGT-037,AGC-006,2025-02-09,2028-01-25,Actif,43877000,5265000,Trimestrielle,Non,Virement bancaire,36
CTR-02318,CLT-0554,PRD-001,AGT-060,AGC-012,2023-10-30,2024-10-24,Expiré,3194000,256000,Semestrielle,Non,Espèces,12
CTR-02319,CLT-0502,PRD-005,AGT-026,AGC-004,2024-04-19,2026-04-09,Actif,801000,48000,Trimestrielle,Oui,Virement bancaire,24
CTR-02320,CLT-0645,PRD-007,AGT-016,AGC-002,2024-06-18,2025-06-13,Expiré,23154000,2778000,Trimestrielle,Non,Virement bancaire,12
CTR-02321,CLT-0651,PRD-007,AGT-008,AGC-001,2024-09-20,2027-09-05,Actif,33437000,4012000,Semestrielle,Non,Carte bancaire,36
CTR-02322,CLT-0694,PRD-002,AGT-040,AGC-007,2023-09-01,2024-08-26,Expiré,11241000,1124000,Semestrielle,Non,Chèque,12
CTR-02323,CLT-0818,PRD-003,AGT-001,AGC-001,2023-05-11,2024-05-05,Expiré,12828000,1155000,Semestrielle,Non,Mobile Money,12
CTR-02324,CLT-0688,PRD-006,AGT-021,AGC-003,2023-08-17,2026-08-01,Actif,14884000,1637000,Annuelle,Non,Carte bancaire,36
CTR-02325,CLT-0591,PRD-005,AGT-019,AGC-003,2024-07-26,2025-07-21,Expiré,622000,37000,Mensuelle,Non,Mobile Money,12
CTR-02326,CLT-0318,PRD-001,AGT-026,AGC-004,2023-06-06,2024-05-31,Expiré,4158000,333000,Semestrielle,Oui,Mobile Money,12
CTR-02327,CLT-0587,PRD-005,AGT-022,AGC-003,2024-09-10,2025-09-05,Expiré,1612000,97000,Semestrielle,Oui,Mobile Money,12
CTR-02328,CLT-0807,PRD-006,AGT-021,AGC-003,2025-03-08,2027-02-26,Actif,12360000,1360000,Mensuelle,Oui,Mobile Money,24
CTR-02329,CLT-0033,PRD-001,AGT-040,AGC-007,2023-01-17,2025-01-06,Expiré,4807000,385000,Trimestrielle,Non,Mobile Money,24
CTR-02330,CLT-0700,PRD-006,AGT-007,AGC-001,2024-11-03,2026-10-24,Actif,9098000,1001000,Mensuelle,Non,Chèque,24
CTR-02331,CLT-0210,PRD-002,AGT-027,AGC-004,2024-07-31,2025-07-26,Résilié,7409000,741000,Trimestrielle,Non,Carte bancaire,12
CTR-02332,CLT-0595,PRD-001,AGT-032,AGC-005,2024-07-15,2025-07-10,Expiré,5879000,470000,Trimestrielle,Oui,Chèque,12
CTR-02333,CLT-0764,PRD-001,AGT-017,AGC-002,2025-03-03,2027-02-21,Actif,4603000,368000,Mensuelle,Non,Mobile Money,24
CTR-02334,CLT-0366,PRD-005,AGT-037,AGC-006,2023-04-04,2024-03-29,Expiré,542000,33000,Semestrielle,Non,Virement bancaire,12
CTR-02335,CLT-0508,PRD-001,AGT-024,AGC-003,2024-12-25,2026-12-15,Actif,2780000,222000,Mensuelle,Non,Mobile Money,24
CTR-02336,CLT-0770,PRD-004,AGT-014,AGC-002,2024-03-04,2025-02-27,Expiré,4101000,287000,Annuelle,Non,Virement bancaire,12
CTR-02337,CLT-0992,PRD-002,AGT-022,AGC-003,2025-06-22,2026-06-17,Actif,10168000,1017000,Semestrielle,Non,Espèces,12
CTR-02338,CLT-0967,PRD-004,AGT-038,AGC-006,2024-03-23,2025-03-18,Résilié,5872000,411000,Trimestrielle,Non,Carte bancaire,12
CTR-02339,CLT-0311,PRD-006,AGT-022,AGC-003,2024-06-25,2027-06-10,Actif,15795000,1737000,Trimestrielle,Oui,Mobile Money,36
CTR-02340,CLT-0271,PRD-003,AGT-033,AGC-005,2024-06-04,2025-05-30,Expiré,3487000,314000,Trimestrielle,Oui,Espèces,12
CTR-02341,CLT-0047,PRD-004,AGT-034,AGC-005,2025-04-28,2027-04-18,Actif,4899000,343000,Annuelle,Non,Espèces,24
CTR-02342,CLT-0953,PRD-002,AGT-046,AGC-008,2024-01-02,2024-12-27,Expiré,10764000,1076000,Mensuelle,Non,Espèces,12
CTR-02343,CLT-0365,PRD-003,AGT-052,AGC-009,2023-03-07,2024-03-01,Expiré,6855000,617000,Trimestrielle,Non,Mobile Money,12
CTR-02344,CLT-0438,PRD-001,AGT-010,AGC-002,2023-08-06,2024-07-31,Expiré,2467000,197000,Annuelle,Non,Espèces,12
CTR-02345,CLT-0760,PRD-007,AGT-019,AGC-003,2023-07-01,2024-06-25,Expiré,59251000,7110000,Semestrielle,Oui,Virement bancaire,12
CTR-02346,CLT-0716,PRD-002,AGT-024,AGC-003,2024-02-23,2026-02-12,Actif,9688000,969000,Semestrielle,Non,Chèque,24
CTR-02347,CLT-0046,PRD-001,AGT-049,AGC-009,2023-11-18,2024-11-12,Expiré,2258000,181000,Trimestrielle,Oui,Virement bancaire,12
CTR-02348,CLT-0678,PRD-003,AGT-004,AGC-001,2024-06-11,2025-06-06,Expiré,12197000,1098000,Semestrielle,Oui,Carte bancaire,12
CTR-02349,CLT-0494,PRD-002,AGT-025,AGC-004,2025-06-15,2027-06-05,Actif,5831000,583000,Annuelle,Non,Carte bancaire,24
CTR-02350,CLT-0097,PRD-008,AGT-006,AGC-001,2024-07-26,2025-07-21,Expiré,64056000,8327000,Mensuelle,Oui,Virement bancaire,12
CTR-02351,CLT-0593,PRD-001,AGT-055,AGC-010,2025-03-14,2027-03-04,Actif,1627000,130000,Mensuelle,Oui,Espèces,24
CTR-02352,CLT-0833,PRD-006,AGT-034,AGC-005,2024-02-26,2025-02-20,Expiré,13662000,1503000,Mensuelle,Non,Espèces,12
CTR-02353,CLT-0012,PRD-005,AGT-031,AGC-005,2024-09-03,2026-08-24,Actif,1856000,111000,Annuelle,Non,Carte bancaire,24
CTR-02354,CLT-0929,PRD-006,AGT-047,AGC-008,2023-01-18,2024-01-13,Résilié,7028000,773000,Trimestrielle,Non,Espèces,12
CTR-02355,CLT-0606,PRD-002,AGT-045,AGC-008,2025-02-19,2026-02-14,Actif,8612000,861000,Mensuelle,Oui,Virement bancaire,12
CTR-02356,CLT-0965,PRD-007,AGT-045,AGC-008,2024-11-12,2025-11-07,Résilié,25579000,3069000,Annuelle,Non,Espèces,12
CTR-02357,CLT-0952,PRD-003,AGT-022,AGC-003,2023-12-24,2024-12-18,Expiré,6059000,545000,Trimestrielle,Oui,Espèces,12
CTR-02358,CLT-0941,PRD-007,AGT-060,AGC-012,2025-03-18,2028-03-02,Actif,16565000,1988000,Mensuelle,Oui,Espèces,36
CTR-02359,CLT-0398,PRD-004,AGT-049,AGC-009,2024-03-15,2025-03-10,Expiré,3176000,222000,Trimestrielle,Oui,Carte bancaire,12
CTR-02360,CLT-0065,PRD-004,AGT-055,AGC-010,2025-01-17,2026-01-12,Actif,8079000,566000,Mensuelle,Non,Virement bancaire,12
CTR-02361,CLT-0865,PRD-005,AGT-010,AGC-002,2023-07-06,2024-06-30,Expiré,1940000,116000,Semestrielle,Non,Chèque,12
CTR-02362,CLT-0061,PRD-003,AGT-002,AGC-001,2025-03-20,2026-03-15,Actif,13245000,1192000,Semestrielle,Non,Virement bancaire,12
CTR-02363,CLT-0718,PRD-005,AGT-049,AGC-009,2025-05-16,2026-05-11,Actif,1582000,95000,Mensuelle,Non,Carte bancaire,12
CTR-02364,CLT-0881,PRD-004,AGT-060,AGC-012,2023-02-01,2024-01-27,Expiré,2987000,209000,Mensuelle,Oui,Mobile Money,12
CTR-02365,CLT-0532,PRD-001,AGT-045,AGC-008,2024-12-06,2026-11-26,Actif,5063000,405000,Semestrielle,Oui,Carte bancaire,24
CTR-02366,CLT-0860,PRD-001,AGT-030,AGC-005,2024-12-09,2026-11-29,Actif,4675000,374000,Annuelle,Oui,Virement bancaire,24
CTR-02367,CLT-0242,PRD-002,AGT-032,AGC-005,2023-10-15,2024-10-09,Expiré,12746000,1275000,Semestrielle,Oui,Carte bancaire,12
CTR-02368,CLT-0341,PRD-007,AGT-053,AGC-010,2024-02-28,2026-02-17,Actif,44616000,5354000,Trimestrielle,Non,Mobile Money,24
CTR-02369,CLT-0571,PRD-002,AGT-034,AGC-005,2025-05-03,2026-04-28,Actif,9231000,923000,Mensuelle,Non,Chèque,12
CTR-02370,CLT-0081,PRD-002,AGT-035,AGC-006,2023-10-25,2025-10-14,Expiré,10875000,1088000,Annuelle,Non,Espèces,24
CTR-02371,CLT-0869,PRD-002,AGT-047,AGC-008,2024-04-10,2025-04-05,Expiré,4685000,468000,Trimestrielle,Non,Espèces,12
CTR-02372,CLT-0401,PRD-008,AGT-060,AGC-012,2023-05-23,2024-05-17,Expiré,24260000,3154000,Semestrielle,Non,Mobile Money,12
CTR-02373,CLT-0532,PRD-003,AGT-053,AGC-010,2025-03-12,2028-02-25,Actif,9363000,843000,Trimestrielle,Non,Mobile Money,36
CTR-02374,CLT-0124,PRD-006,AGT-024,AGC-003,2025-01-06,2026-01-01,Actif,13708000,1508000,Trimestrielle,Non,Mobile Money,12
CTR-02375,CLT-0277,PRD-007,AGT-022,AGC-003,2024-08-31,2027-08-16,Actif,59896000,7188000,Trimestrielle,Non,Espèces,36
CTR-02376,CLT-0406,PRD-003,AGT-008,AGC-001,2025-02-02,2026-01-28,Actif,11206000,1009000,Mensuelle,Oui,Mobile Money,12
CTR-02377,CLT-0958,PRD-004,AGT-002,AGC-001,2025-01-04,2027-12-20,Actif,4256000,298000,Annuelle,Oui,Mobile Money,36
CTR-02378,CLT-0350,PRD-007,AGT-018,AGC-003,2023-01-01,2023-12-27,Expiré,55619000,6674000,Semestrielle,Non,Carte bancaire,12
CTR-02379,CLT-0464,PRD-001,AGT-024,AGC-003,2023-02-27,2024-02-22,Expiré,4485000,359000,Annuelle,Non,Mobile Money,12
CTR-02380,CLT-0786,PRD-001,AGT-044,AGC-007,2023-10-06,2024-09-30,Expiré,4281000,342000,Semestrielle,Non,Mobile Money,12
CTR-02381,CLT-0153,PRD-002,AGT-002,AGC-001,2023-01-07,2024-12-27,Résilié,11371000,1137000,Semestrielle,Non,Chèque,24
CTR-02382,CLT-0911,PRD-006,AGT-042,AGC-007,2024-12-16,2026-12-06,Actif,6502000,715000,Annuelle,Non,Mobile Money,24
CTR-02383,CLT-0809,PRD-004,AGT-013,AGC-002,2024-11-28,2026-11-18,Actif,5259000,368000,Semestrielle,Non,Mobile Money,24
CTR-02384,CLT-0706,PRD-007,AGT-003,AGC-001,2023-04-09,2026-03-24,Actif,31354000,3762000,Mensuelle,Non,Mobile Money,36
CTR-02385,CLT-0638,PRD-008,AGT-049,AGC-009,2024-05-29,2025-05-24,Expiré,18198000,2366000,Trimestrielle,Non,Carte bancaire,12
CTR-02386,CLT-0167,PRD-008,AGT-021,AGC-003,2024-06-15,2026-06-05,Actif,71612000,9310000,Mensuelle,Non,Mobile Money,24
CTR-02387,CLT-0517,PRD-003,AGT-060,AGC-012,2025-06-06,2026-06-01,Actif,5558000,500000,Trimestrielle,Non,Chèque,12
CTR-02388,CLT-0148,PRD-002,AGT-043,AGC-007,2025-04-23,2027-04-13,Actif,6517000,652000,Mensuelle,Oui,Virement bancaire,24
CTR-02389,CLT-0208,PRD-003,AGT-008,AGC-001,2024-06-23,2026-06-13,Actif,12087000,1088000,Trimestrielle,Non,Chèque,24
CTR-02390,CLT-0258,PRD-003,AGT-012,AGC-002,2024-06-07,2027-05-23,Actif,4906000,442000,Trimestrielle,Non,Mobile Money,36
CTR-02391,CLT-0389,PRD-008,AGT-044,AGC-007,2023-05-12,2024-05-06,Résilié,37442000,4867000,Semestrielle,Non,Carte bancaire,12
CTR-02392,CLT-0458,PRD-001,AGT-035,AGC-006,2024-10-02,2025-09-27,Expiré,3894000,312000,Semestrielle,Non,Mobile Money,12
CTR-02393,CLT-0369,PRD-005,AGT-003,AGC-001,2024-02-10,2025-02-04,Expiré,376000,23000,Semestrielle,Non,Chèque,12
CTR-02394,CLT-0264,PRD-006,AGT-010,AGC-002,2024-10-12,2026-10-02,Actif,5305000,584000,Mensuelle,Oui,Mobile Money,24
CTR-02395,CLT-0146,PRD-004,AGT-052,AGC-009,2023-11-10,2024-11-04,Expiré,6285000,440000,Mensuelle,Oui,Carte bancaire,12
CTR-02396,CLT-0871,PRD-003,AGT-047,AGC-008,2023-08-21,2024-08-15,Expiré,7800000,702000,Trimestrielle,Non,Virement bancaire,12
CTR-02397,CLT-0863,PRD-005,AGT-001,AGC-001,2025-02-07,2026-02-02,Actif,753000,45000,Mensuelle,Non,Mobile Money,12
CTR-02398,CLT-0615,PRD-004,AGT-044,AGC-007,2024-12-18,2025-12-13,Expiré,4893000,343000,Trimestrielle,Oui,Mobile Money,12
CTR-02399,CLT-0858,PRD-008,AGT-025,AGC-004,2024-12-28,2027-12-13,Actif,75675000,9838000,Trimestrielle,Oui,Virement bancaire,36
CTR-02400,CLT-0512,PRD-005,AGT-016,AGC-002,2023-08-13,2024-08-07,Expiré,935000,56000,Annuelle,Non,Mobile Money,12
CTR-02401,CLT-0121,PRD-001,AGT-015,AGC-002,2023-09-28,2024-09-22,Résilié,3728000,298000,Mensuelle,Non,Mobile Money,12
CTR-02402,CLT-0121,PRD-008,AGT-044,AGC-007,2023-08-12,2025-08-01,Expiré,46904000,6098000,Annuelle,Oui,Mobile Money,24
CTR-02403,CLT-0471,PRD-001,AGT-021,AGC-003,2025-05-30,2028-05-14,Actif,4168000,333000,Mensuelle,Non,Chèque,36
CTR-02404,CLT-0387,PRD-008,AGT-009,AGC-001,2025-05-22,2026-05-17,Actif,79909000,10388000,Semestrielle,Oui,Mobile Money,12
CTR-02405,CLT-0124,PRD-004,AGT-058,AGC-011,2024-03-01,2026-02-19,Actif,5760000,403000,Annuelle,Non,Carte bancaire,24
CTR-02406,CLT-0137,PRD-003,AGT-041,AGC-007,2024-09-05,2025-08-31,Résilié,16679000,1501000,Semestrielle,Non,Mobile Money,12
CTR-02407,CLT-0601,PRD-008,AGT-019,AGC-003,2024-11-09,2026-10-30,Actif,82510000,10726000,Annuelle,Oui,Espèces,24
CTR-02408,CLT-0280,PRD-004,AGT-059,AGC-012,2023-07-06,2024-06-30,Expiré,3852000,270000,Trimestrielle,Non,Virement bancaire,12
CTR-02409,CLT-0593,PRD-007,AGT-030,AGC-005,2024-06-17,2026-06-07,Actif,59072000,7089000,Trimestrielle,Non,Espèces,24
CTR-02410,CLT-0268,PRD-002,AGT-007,AGC-001,2025-02-06,2026-02-01,Actif,8459000,846000,Annuelle,Oui,Espèces,12
CTR-02411,CLT-0573,PRD-006,AGT-057,AGC-011,2023-09-16,2025-09-05,Expiré,11370000,1251000,Trimestrielle,Oui,Mobile Money,24
CTR-02412,CLT-0371,PRD-006,AGT-051,AGC-009,2024-08-09,2027-07-25,Actif,8338000,917000,Trimestrielle,Non,Carte bancaire,36
CTR-02413,CLT-0944,PRD-001,AGT-048,AGC-008,2023-07-18,2026-07-02,Actif,2879000,230000,Mensuelle,Non,Mobile Money,36
CTR-02414,CLT-0438,PRD-004,AGT-027,AGC-004,2024-08-04,2025-07-30,Expiré,4976000,348000,Annuelle,Oui,Espèces,12
CTR-02415,CLT-0264,PRD-008,AGT-006,AGC-001,2023-08-14,2025-08-03,Résilié,16762000,2179000,Trimestrielle,Non,Mobile Money,24
CTR-02416,CLT-0305,PRD-001,AGT-046,AGC-008,2023-07-16,2024-07-10,Expiré,3879000,310000,Trimestrielle,Non,Mobile Money,12
CTR-02417,CLT-0029,PRD-001,AGT-004,AGC-001,2024-09-16,2025-09-11,Expiré,4885000,391000,Mensuelle,Oui,Espèces,12
CTR-02418,CLT-0996,PRD-002,AGT-030,AGC-005,2023-09-25,2026-09-09,Actif,8830000,883000,Annuelle,Oui,Mobile Money,36
CTR-02419,CLT-0404,PRD-001,AGT-057,AGC-011,2025-04-25,2026-04-20,Actif,3620000,290000,Semestrielle,Oui,Carte bancaire,12
CTR-02420,CLT-0618,PRD-004,AGT-008,AGC-001,2023-08-18,2024-08-12,Résilié,4670000,327000,Semestrielle,Non,Virement bancaire,12
CTR-02421,CLT-0473,PRD-005,AGT-019,AGC-003,2023-02-07,2024-02-02,Expiré,399000,24000,Mensuelle,Oui,Espèces,12
CTR-02422,CLT-0313,PRD-002,AGT-006,AGC-001,2024-06-05,2026-05-26,Actif,8541000,854000,Mensuelle,Non,Mobile Money,24
CTR-02423,CLT-0372,PRD-005,AGT-027,AGC-004,2024-01-06,2026-12-21,Actif,1277000,77000,Annuelle,Oui,Mobile Money,36
CTR-02424,CLT-0008,PRD-001,AGT-037,AGC-006,2024-11-25,2026-11-15,Actif,6701000,536000,Trimestrielle,Oui,Virement bancaire,24
CTR-02425,CLT-0188,PRD-006,AGT-049,AGC-009,2025-04-16,2028-03-31,Actif,13480000,1483000,Trimestrielle,Oui,Virement bancaire,36
CTR-02426,CLT-0889,PRD-005,AGT-030,AGC-005,2023-02-05,2026-01-20,Actif,1452000,87000,Trimestrielle,Non,Chèque,36
CTR-02427,CLT-0513,PRD-003,AGT-060,AGC-012,2025-04-29,2026-04-24,Actif,11362000,1023000,Annuelle,Oui,Mobile Money,12
CTR-02428,CLT-0905,PRD-004,AGT-004,AGC-001,2023-06-03,2024-05-28,Résilié,6605000,462000,Annuelle,Non,Carte bancaire,12
CTR-02429,CLT-0360,PRD-004,AGT-047,AGC-008,2025-01-23,2026-01-18,Actif,5111000,358000,Trimestrielle,Non,Mobile Money,12
CTR-02430,CLT-0598,PRD-005,AGT-059,AGC-012,2023-12-24,2024-12-18,Expiré,2910000,175000,Trimestrielle,Oui,Mobile Money,12
CTR-02431,CLT-0328,PRD-005,AGT-041,AGC-007,2023-09-17,2024-09-11,Expiré,1274000,76000,Semestrielle,Oui,Virement bancaire,12
CTR-02432,CLT-0280,PRD-005,AGT-044,AGC-007,2024-02-12,2025-02-06,Expiré,1672000,100000,Mensuelle,Non,Mobile Money,12
CTR-02433,CLT-0835,PRD-003,AGT-030,AGC-005,2025-03-02,2028-02-15,Actif,9300000,837000,Trimestrielle,Non,Espèces,36
CTR-02434,CLT-0547,PRD-003,AGT-019,AGC-003,2023-07-11,2025-06-30,Expiré,9640000,868000,Annuelle,Oui,Mobile Money,24
CTR-02435,CLT-0714,PRD-008,AGT-045,AGC-008,2024-05-01,2025-04-26,Expiré,87569000,11384000,Mensuelle,Non,Espèces,12
CTR-02436,CLT-0902,PRD-003,AGT-005,AGC-001,2025-05-08,2026-05-03,Actif,4240000,382000,Annuelle,Non,Mobile Money,12
CTR-02437,CLT-0529,PRD-002,AGT-029,AGC-004,2024-03-18,2025-03-13,Résilié,13706000,1371000,Trimestrielle,Non,Virement bancaire,12
CTR-02438,CLT-0273,PRD-005,AGT-060,AGC-012,2025-06-03,2026-05-29,Actif,660000,40000,Annuelle,Oui,Espèces,12
CTR-02439,CLT-0498,PRD-002,AGT-048,AGC-008,2023-09-28,2024-09-22,Expiré,12400000,1240000,Annuelle,Non,Mobile Money,12
CTR-02440,CLT-0836,PRD-001,AGT-053,AGC-010,2023-07-03,2025-06-22,Expiré,3906000,312000,Semestrielle,Non,Virement bancaire,24
CTR-02441,CLT-0118,PRD-003,AGT-060,AGC-012,2024-08-29,2026-08-19,Actif,8709000,784000,Mensuelle,Non,Espèces,24
CTR-02442,CLT-0242,PRD-007,AGT-002,AGC-001,2023-09-27,2024-09-21,Résilié,39384000,4726000,Semestrielle,Non,Mobile Money,12
CTR-02443,CLT-0970,PRD-003,AGT-032,AGC-005,2023-01-24,2026-01-08,Actif,13935000,1254000,Annuelle,Non,Virement bancaire,36
CTR-02444,CLT-0420,PRD-001,AGT-045,AGC-008,2025-01-13,2026-01-08,Actif,3348000,268000,Annuelle,Non,Espèces,12
CTR-02445,CLT-0088,PRD-005,AGT-055,AGC-010,2024-11-27,2027-11-12,Actif,2371000,142000,Mensuelle,Non,Virement bancaire,36
CTR-02446,CLT-0945,PRD-001,AGT-011,AGC-002,2023-05-11,2024-05-05,Expiré,2774000,222000,Trimestrielle,Non,Mobile Money,12
CTR-02447,CLT-0689,PRD-001,AGT-041,AGC-007,2023-09-12,2024-09-06,Résilié,4840000,387000,Trimestrielle,Non,Virement bancaire,12
CTR-02448,CLT-0798,PRD-008,AGT-025,AGC-004,2025-02-15,2026-02-10,Actif,75198000,9776000,Semestrielle,Oui,Espèces,12
CTR-02449,CLT-0031,PRD-007,AGT-017,AGC-002,2023-02-06,2026-01-21,Actif,36386000,4366000,Semestrielle,Non,Mobile Money,36
CTR-02450,CLT-0544,PRD-006,AGT-026,AGC-004,2025-04-04,2026-03-30,Actif,16248000,1787000,Trimestrielle,Non,Mobile Money,12
CTR-02451,CLT-0953,PRD-007,AGT-035,AGC-006,2025-06-07,2026-06-02,Actif,36887000,4426000,Mensuelle,Oui,Espèces,12
CTR-02452,CLT-0011,PRD-002,AGT-050,AGC-009,2025-03-21,2027-03-11,Actif,7120000,712000,Mensuelle,Non,Chèque,24
CTR-02453,CLT-0439,PRD-004,AGT-029,AGC-004,2024-05-29,2026-05-19,Actif,8637000,605000,Annuelle,Non,Virement bancaire,24
CTR-02454,CLT-0675,PRD-004,AGT-013,AGC-002,2023-01-25,2024-01-20,Expiré,6379000,447000,Annuelle,Non,Mobile Money,12
CTR-02455,CLT-0866,PRD-006,AGT-021,AGC-003,2024-09-26,2026-09-16,Actif,6082000,669000,Mensuelle,Non,Carte bancaire,24
CTR-02456,CLT-0665,PRD-001,AGT-007,AGC-001,2024-01-26,2025-01-20,Expiré,4382000,351000,Annuelle,Non,Mobile Money,12
CTR-02457,CLT-0988,PRD-003,AGT-010,AGC-002,2023-09-08,2024-09-02,Expiré,15543000,1399000,Mensuelle,Non,Carte bancaire,12
CTR-02458,CLT-0062,PRD-007,AGT-036,AGC-006,2023-06-17,2024-06-11,Expiré,58734000,7048000,Mensuelle,Non,Virement bancaire,12
CTR-02459,CLT-0944,PRD-003,AGT-003,AGC-001,2023-07-25,2024-07-19,Résilié,4680000,421000,Mensuelle,Non,Chèque,12
CTR-02460,CLT-0875,PRD-003,AGT-025,AGC-004,2023-11-05,2024-10-30,Expiré,11317000,1019000,Annuelle,Non,Espèces,12
CTR-02461,CLT-0984,PRD-003,AGT-028,AGC-004,2023-08-11,2026-07-26,Actif,11537000,1038000,Trimestrielle,Non,Mobile Money,36
CTR-02462,CLT-0210,PRD-004,AGT-026,AGC-004,2023-10-05,2025-09-24,Expiré,6759000,473000,Annuelle,Oui,Mobile Money,24
CTR-02463,CLT-0087,PRD-004,AGT-026,AGC-004,2025-02-22,2026-02-17,Actif,3732000,261000,Annuelle,Non,Virement bancaire,12
CTR-02464,CLT-0889,PRD-008,AGT-026,AGC-004,2025-06-10,2026-06-05,Actif,63489000,8254000,Annuelle,Non,Carte bancaire,12
CTR-02465,CLT-0678,PRD-006,AGT-020,AGC-003,2024-08-28,2025-08-23,Expiré,15266000,1679000,Semestrielle,Non,Carte bancaire,12
CTR-02466,CLT-0636,PRD-003,AGT-017,AGC-002,2024-02-01,2025-01-26,Expiré,3179000,286000,Mensuelle,Non,Virement bancaire,12
CTR-02467,CLT-0600,PRD-006,AGT-054,AGC-010,2025-01-24,2026-01-19,Actif,16442000,1809000,Mensuelle,Non,Virement bancaire,12
CTR-02468,CLT-0043,PRD-002,AGT-021,AGC-003,2025-05-21,2026-05-16,Actif,17247000,1725000,Trimestrielle,Oui,Virement bancaire,12
CTR-02469,CLT-0793,PRD-008,AGT-020,AGC-003,2024-06-04,2025-05-30,Résilié,64439000,8377000,Semestrielle,Non,Virement bancaire,12
CTR-02470,CLT-0458,PRD-003,AGT-017,AGC-002,2025-02-25,2027-02-15,Actif,10531000,948000,Mensuelle,Non,Virement bancaire,24
CTR-02471,CLT-0185,PRD-003,AGT-053,AGC-010,2023-05-10,2024-05-04,Expiré,15907000,1432000,Annuelle,Non,Mobile Money,12
CTR-02472,CLT-0611,PRD-003,AGT-008,AGC-001,2023-03-05,2025-02-22,Résilié,13712000,1234000,Semestrielle,Non,Mobile Money,24
CTR-02473,CLT-0853,PRD-002,AGT-038,AGC-006,2024-04-17,2026-04-07,Actif,11376000,1138000,Mensuelle,Non,Mobile Money,24
CTR-02474,CLT-0203,PRD-005,AGT-021,AGC-003,2024-11-05,2026-10-26,Actif,917000,55000,Semestrielle,Oui,Mobile Money,24
CTR-02475,CLT-0031,PRD-008,AGT-048,AGC-008,2024-04-02,2025-03-28,Expiré,16562000,2153000,Annuelle,Oui,Chèque,12
CTR-02476,CLT-0157,PRD-004,AGT-038,AGC-006,2024-01-05,2024-12-30,Expiré,6402000,448000,Mensuelle,Oui,Virement bancaire,12
CTR-02477,CLT-0283,PRD-001,AGT-055,AGC-010,2025-04-18,2026-04-13,Actif,2686000,215000,Trimestrielle,Non,Mobile Money,12
CTR-02478,CLT-0297,PRD-003,AGT-037,AGC-006,2025-06-28,2027-06-18,Actif,16923000,1523000,Annuelle,Non,Mobile Money,24
CTR-02479,CLT-0572,PRD-008,AGT-036,AGC-006,2024-01-17,2026-01-06,Actif,101610000,13209000,Annuelle,Oui,Carte bancaire,24
CTR-02480,CLT-0425,PRD-004,AGT-034,AGC-005,2023-12-31,2025-12-20,Expiré,7625000,534000,Mensuelle,Non,Mobile Money,24
CTR-02481,CLT-0735,PRD-001,AGT-017,AGC-002,2023-04-01,2024-03-26,Expiré,3150000,252000,Mensuelle,Oui,Virement bancaire,12
CTR-02482,CLT-0593,PRD-003,AGT-016,AGC-002,2024-07-23,2025-07-18,Expiré,14258000,1283000,Mensuelle,Non,Espèces,12
CTR-02483,CLT-0697,PRD-003,AGT-029,AGC-004,2024-06-02,2025-05-28,Expiré,3293000,296000,Trimestrielle,Oui,Carte bancaire,12
CTR-02484,CLT-0566,PRD-002,AGT-002,AGC-001,2024-01-14,2026-01-03,Actif,5386000,539000,Mensuelle,Oui,Espèces,24
CTR-02485,CLT-0726,PRD-002,AGT-036,AGC-006,2024-12-25,2025-12-20,Expiré,5944000,594000,Mensuelle,Non,Espèces,12
CTR-02486,CLT-0686,PRD-007,AGT-033,AGC-005,2024-06-15,2025-06-10,Expiré,57603000,6912000,Semestrielle,Non,Mobile Money,12
CTR-02487,CLT-0291,PRD-008,AGT-018,AGC-003,2025-02-09,2027-01-30,Actif,72969000,9486000,Mensuelle,Oui,Carte bancaire,24
CTR-02488,CLT-0902,PRD-007,AGT-001,AGC-001,2024-07-10,2025-07-05,Expiré,14635000,1756000,Semestrielle,Oui,Mobile Money,12
CTR-02489,CLT-0300,PRD-004,AGT-007,AGC-001,2023-11-11,2024-11-05,Expiré,6397000,448000,Annuelle,Non,Carte bancaire,12
CTR-02490,CLT-0780,PRD-004,AGT-052,AGC-009,2023-09-03,2024-08-28,Expiré,4291000,300000,Semestrielle,Oui,Mobile Money,12
CTR-02491,CLT-0845,PRD-007,AGT-012,AGC-002,2023-11-15,2024-11-09,Expiré,18210000,2185000,Mensuelle,Non,Carte bancaire,12
CTR-02492,CLT-0223,PRD-008,AGT-032,AGC-005,2023-09-13,2024-09-07,Expiré,114273000,14855000,Semestrielle,Oui,Espèces,12
CTR-02493,CLT-0286,PRD-001,AGT-007,AGC-001,2025-03-22,2027-03-12,Actif,4157000,333000,Annuelle,Non,Carte bancaire,24
CTR-02494,CLT-0275,PRD-006,AGT-033,AGC-005,2024-03-04,2026-02-22,Actif,21156000,2327000,Annuelle,Oui,Virement bancaire,24
CTR-02495,CLT-0551,PRD-002,AGT-003,AGC-001,2023-09-06,2025-08-26,Expiré,11798000,1180000,Mensuelle,Non,Virement bancaire,24
CTR-02496,CLT-0141,PRD-002,AGT-008,AGC-001,2023-08-01,2024-07-26,Expiré,10188000,1019000,Trimestrielle,Oui,Virement bancaire,12
CTR-02497,CLT-0209,PRD-004,AGT-027,AGC-004,2024-12-24,2026-12-14,Actif,5646000,395000,Trimestrielle,Oui,Espèces,24
CTR-02498,CLT-0272,PRD-006,AGT-016,AGC-002,2024-12-03,2026-11-23,Actif,34350000,3778000,Trimestrielle,Non,Mobile Money,24
CTR-02499,CLT-0840,PRD-005,AGT-047,AGC-008,2025-04-25,2027-04-15,Actif,1405000,84000,Mensuelle,Non,Carte bancaire,24
CTR-02500,CLT-0346,PRD-001,AGT-043,AGC-007,2024-10-14,2026-10-04,Actif,4589000,367000,Mensuelle,Oui,Virement bancaire,24
CTR-02501,CLT-0220,PRD-008,AGT-053,AGC-010,2024-04-23,2025-04-18,Expiré,34152000,4440000,Mensuelle,Non,Mobile Money,12
CTR-02502,CLT-0260,PRD-001,AGT-003,AGC-001,2023-03-31,2026-03-15,Actif,3285000,263000,Trimestrielle,Non,Espèces,36
CTR-02503,CLT-0378,PRD-001,AGT-011,AGC-002,2024-10-08,2025-10-03,Expiré,5233000,419000,Semestrielle,Non,Carte bancaire,12
CTR-02504,CLT-0419,PRD-003,AGT-004,AGC-001,2023-11-21,2025-11-10,Expiré,3596000,324000,Mensuelle,Oui,Espèces,24
CTR-02505,CLT-0191,PRD-007,AGT-044,AGC-007,2025-06-07,2028-05-22,Actif,66044000,7925000,Annuelle,Oui,Espèces,36
CTR-02506,CLT-0502,PRD-005,AGT-040,AGC-007,2025-03-09,2026-03-04,Actif,931000,56000,Mensuelle,Non,Espèces,12
CTR-02507,CLT-0762,PRD-007,AGT-030,AGC-005,2025-01-24,2027-01-14,Actif,12161000,1459000,Mensuelle,Oui,Espèces,24
CTR-02508,CLT-0274,PRD-003,AGT-055,AGC-010,2025-03-08,2027-02-26,Actif,6546000,589000,Trimestrielle,Non,Virement bancaire,24
CTR-02509,CLT-0022,PRD-003,AGT-001,AGC-001,2024-12-21,2025-12-16,Expiré,8151000,734000,Annuelle,Non,Mobile Money,12
CTR-02510,CLT-0926,PRD-008,AGT-049,AGC-009,2023-11-16,2026-10-31,Actif,15468000,2011000,Semestrielle,Oui,Virement bancaire,36
CTR-02511,CLT-0376,PRD-001,AGT-002,AGC-001,2023-01-12,2024-01-07,Expiré,4613000,369000,Trimestrielle,Oui,Virement bancaire,12
CTR-02512,CLT-0295,PRD-003,AGT-057,AGC-011,2023-04-23,2024-04-17,Expiré,14597000,1314000,Mensuelle,Oui,Espèces,12
CTR-02513,CLT-0130,PRD-003,AGT-011,AGC-002,2023-07-03,2024-06-27,Expiré,7778000,700000,Mensuelle,Oui,Mobile Money,12
CTR-02514,CLT-0927,PRD-003,AGT-022,AGC-003,2023-01-23,2024-01-18,Expiré,13158000,1184000,Mensuelle,Oui,Mobile Money,12
CTR-02515,CLT-0143,PRD-007,AGT-038,AGC-006,2024-10-06,2026-09-26,Actif,47369000,5684000,Semestrielle,Oui,Espèces,24
CTR-02516,CLT-0008,PRD-007,AGT-023,AGC-003,2025-05-15,2027-05-05,Actif,67333000,8080000,Trimestrielle,Oui,Mobile Money,24
CTR-02517,CLT-0003,PRD-002,AGT-056,AGC-011,2023-07-02,2024-06-26,Expiré,10795000,1080000,Semestrielle,Non,Mobile Money,12
CTR-02518,CLT-0185,PRD-008,AGT-024,AGC-003,2023-07-12,2024-07-06,Expiré,81119000,10545000,Semestrielle,Oui,Mobile Money,12
CTR-02519,CLT-0543,PRD-002,AGT-032,AGC-005,2023-03-25,2025-03-14,Expiré,12309000,1231000,Trimestrielle,Oui,Mobile Money,24
CTR-02520,CLT-0149,PRD-007,AGT-041,AGC-007,2023-02-02,2024-01-28,Expiré,44170000,5300000,Trimestrielle,Oui,Mobile Money,12
CTR-02521,CLT-0952,PRD-005,AGT-044,AGC-007,2023-01-26,2024-01-21,Expiré,451000,27000,Annuelle,Non,Mobile Money,12
CTR-02522,CLT-0313,PRD-004,AGT-006,AGC-001,2023-04-11,2024-04-05,Expiré,3991000,279000,Semestrielle,Non,Mobile Money,12
CTR-02523,CLT-0427,PRD-002,AGT-015,AGC-002,2024-05-08,2026-04-28,Actif,8588000,859000,Trimestrielle,Oui,Carte bancaire,24
CTR-02524,CLT-0003,PRD-004,AGT-032,AGC-005,2023-05-03,2024-04-27,Résilié,3633000,254000,Annuelle,Non,Espèces,12
CTR-02525,CLT-0663,PRD-001,AGT-045,AGC-008,2025-04-28,2028-04-12,Actif,2443000,195000,Annuelle,Oui,Mobile Money,36
CTR-02526,CLT-0717,PRD-007,AGT-004,AGC-001,2025-06-02,2026-05-28,Actif,55558000,6667000,Semestrielle,Non,Espèces,12
CTR-02527,CLT-0658,PRD-007,AGT-028,AGC-004,2024-06-25,2025-06-20,Expiré,32222000,3867000,Semestrielle,Oui,Mobile Money,12
CTR-02528,CLT-0758,PRD-002,AGT-039,AGC-006,2023-09-02,2024-08-27,Expiré,11848000,1185000,Semestrielle,Non,Carte bancaire,12
CTR-02529,CLT-0604,PRD-001,AGT-024,AGC-003,2024-07-15,2025-07-10,Expiré,1758000,141000,Annuelle,Non,Mobile Money,12
CTR-02530,CLT-0660,PRD-004,AGT-027,AGC-004,2025-01-10,2026-01-05,Actif,4700000,329000,Annuelle,Non,Mobile Money,12
CTR-02531,CLT-0891,PRD-003,AGT-006,AGC-001,2024-08-07,2025-08-02,Résilié,13387000,1205000,Semestrielle,Non,Carte bancaire,12
CTR-02532,CLT-0392,PRD-007,AGT-005,AGC-001,2024-02-06,2025-01-31,Expiré,36899000,4428000,Trimestrielle,Non,Virement bancaire,12
CTR-02533,CLT-0739,PRD-002,AGT-003,AGC-001,2024-02-25,2025-02-19,Expiré,13777000,1378000,Trimestrielle,Non,Virement bancaire,12
CTR-02534,CLT-0983,PRD-001,AGT-034,AGC-005,2025-05-31,2027-05-21,Actif,4088000,327000,Semestrielle,Oui,Chèque,24
CTR-02535,CLT-0226,PRD-003,AGT-002,AGC-001,2024-08-26,2025-08-21,Expiré,12775000,1150000,Trimestrielle,Oui,Espèces,12
CTR-02536,CLT-0202,PRD-008,AGT-028,AGC-004,2024-11-13,2025-11-08,Expiré,84680000,11008000,Semestrielle,Non,Mobile Money,12
CTR-02537,CLT-0477,PRD-007,AGT-049,AGC-009,2023-03-28,2024-03-22,Expiré,16707000,2005000,Mensuelle,Oui,Chèque,12
CTR-02538,CLT-0108,PRD-004,AGT-023,AGC-003,2025-03-02,2027-02-20,Actif,8361000,585000,Mensuelle,Oui,Mobile Money,24
CTR-02539,CLT-0208,PRD-005,AGT-060,AGC-012,2024-02-04,2026-01-24,Actif,1538000,92000,Semestrielle,Oui,Espèces,24
CTR-02540,CLT-0038,PRD-003,AGT-045,AGC-008,2023-07-29,2024-07-23,Expiré,16977000,1528000,Annuelle,Non,Virement bancaire,12
CTR-02541,CLT-0817,PRD-002,AGT-029,AGC-004,2023-06-28,2024-06-22,Expiré,6855000,686000,Semestrielle,Oui,Carte bancaire,12
CTR-02542,CLT-0740,PRD-004,AGT-036,AGC-006,2024-01-07,2025-01-01,Expiré,7116000,498000,Trimestrielle,Non,Mobile Money,12
CTR-02543,CLT-0967,PRD-008,AGT-029,AGC-004,2023-09-02,2024-08-27,Résilié,84638000,11003000,Semestrielle,Non,Chèque,12
CTR-02544,CLT-0671,PRD-004,AGT-013,AGC-002,2024-01-17,2025-01-11,Expiré,5288000,370000,Trimestrielle,Oui,Carte bancaire,12
CTR-02545,CLT-0863,PRD-001,AGT-016,AGC-002,2023-09-18,2024-09-12,Expiré,2020000,162000,Mensuelle,Non,Espèces,12
CTR-02546,CLT-0431,PRD-008,AGT-031,AGC-005,2024-01-14,2025-01-08,Expiré,94728000,12315000,Semestrielle,Oui,Virement bancaire,12
CTR-02547,CLT-0041,PRD-003,AGT-019,AGC-003,2024-06-11,2026-06-01,Actif,11684000,1052000,Mensuelle,Non,Mobile Money,24
CTR-02548,CLT-0340,PRD-001,AGT-035,AGC-006,2023-05-20,2024-05-14,Expiré,5335000,427000,Trimestrielle,Non,Espèces,12
CTR-02549,CLT-0191,PRD-004,AGT-024,AGC-003,2024-11-11,2025-11-06,Expiré,5621000,393000,Semestrielle,Non,Espèces,12
CTR-02550,CLT-0131,PRD-001,AGT-017,AGC-002,2024-10-22,2025-10-17,Expiré,4670000,374000,Mensuelle,Oui,Virement bancaire,12
CTR-02551,CLT-0703,PRD-006,AGT-051,AGC-009,2025-05-06,2027-04-26,Actif,17967000,1976000,Annuelle,Oui,Virement bancaire,24
CTR-02552,CLT-0507,PRD-006,AGT-045,AGC-008,2024-04-14,2025-04-09,Expiré,7511000,826000,Trimestrielle,Oui,Mobile Money,12
CTR-02553,CLT-0359,PRD-002,AGT-056,AGC-011,2023-03-12,2025-03-01,Expiré,4253000,425000,Annuelle,Non,Mobile Money,24
CTR-02554,CLT-0052,PRD-005,AGT-026,AGC-004,2024-01-25,2025-01-19,Résilié,1292000,78000,Trimestrielle,Non,Mobile Money,12
CTR-02555,CLT-0904,PRD-005,AGT-011,AGC-002,2024-02-21,2025-02-15,Résilié,2040000,122000,Annuelle,Non,Carte bancaire,12
CTR-02556,CLT-0550,PRD-002,AGT-005,AGC-001,2023-08-22,2025-08-11,Expiré,11327000,1133000,Mensuelle,Oui,Carte bancaire,24
CTR-02557,CLT-0070,PRD-001,AGT-008,AGC-001,2025-03-09,2027-02-27,Actif,3869000,310000,Trimestrielle,Non,Carte bancaire,24
CTR-02558,CLT-0154,PRD-001,AGT-056,AGC-011,2025-05-21,2026-05-16,Actif,1749000,140000,Semestrielle,Non,Mobile Money,12
CTR-02559,CLT-0916,PRD-008,AGT-036,AGC-006,2023-06-09,2025-05-29,Résilié,58967000,7666000,Trimestrielle,Non,Chèque,24
CTR-02560,CLT-0329,PRD-002,AGT-011,AGC-002,2023-04-14,2024-04-08,Expiré,4301000,430000,Trimestrielle,Oui,Mobile Money,12
CTR-02561,CLT-0659,PRD-001,AGT-060,AGC-012,2023-10-21,2025-10-10,Résilié,2604000,208000,Mensuelle,Non,Carte bancaire,24
CTR-02562,CLT-0343,PRD-008,AGT-012,AGC-002,2023-01-04,2025-12-19,Résilié,116697000,15171000,Trimestrielle,Non,Mobile Money,36
CTR-02563,CLT-0399,PRD-005,AGT-041,AGC-007,2024-11-10,2025-11-05,Expiré,1378000,83000,Annuelle,Non,Mobile Money,12
CTR-02564,CLT-0303,PRD-002,AGT-018,AGC-003,2025-03-31,2027-03-21,Actif,8333000,833000,Trimestrielle,Non,Espèces,24
CTR-02565,CLT-0678,PRD-001,AGT-004,AGC-001,2024-08-07,2025-08-02,Résilié,1680000,134000,Semestrielle,Non,Carte bancaire,12
CTR-02566,CLT-0111,PRD-003,AGT-018,AGC-003,2023-09-23,2025-09-12,Expiré,11883000,1069000,Mensuelle,Oui,Mobile Money,24
CTR-02567,CLT-0110,PRD-004,AGT-021,AGC-003,2024-06-10,2025-06-05,Expiré,5053000,354000,Mensuelle,Non,Virement bancaire,12
CTR-02568,CLT-0930,PRD-003,AGT-004,AGC-001,2024-11-21,2025-11-16,Expiré,14205000,1278000,Trimestrielle,Oui,Chèque,12
CTR-02569,CLT-0612,PRD-007,AGT-007,AGC-001,2024-12-14,2026-12-04,Actif,25975000,3117000,Semestrielle,Oui,Espèces,24
CTR-02570,CLT-0383,PRD-006,AGT-034,AGC-005,2023-03-02,2025-02-19,Expiré,21060000,2317000,Mensuelle,Non,Carte bancaire,24
CTR-02571,CLT-0884,PRD-001,AGT-037,AGC-006,2023-06-13,2024-06-07,Résilié,2446000,196000,Mensuelle,Non,Espèces,12
CTR-02572,CLT-0008,PRD-006,AGT-015,AGC-002,2024-12-11,2026-12-01,Actif,34686000,3815000,Semestrielle,Oui,Mobile Money,24
CTR-02573,CLT-0173,PRD-003,AGT-002,AGC-001,2025-04-28,2026-04-23,Actif,11527000,1037000,Trimestrielle,Oui,Espèces,12
CTR-02574,CLT-0053,PRD-005,AGT-027,AGC-004,2024-12-19,2025-12-14,Expiré,1703000,102000,Trimestrielle,Non,Mobile Money,12
CTR-02575,CLT-0305,PRD-004,AGT-041,AGC-007,2024-04-19,2025-04-14,Expiré,2872000,201000,Trimestrielle,Non,Virement bancaire,12
CTR-02576,CLT-0973,PRD-005,AGT-007,AGC-001,2023-11-16,2026-10-31,Actif,1826000,110000,Annuelle,Non,Chèque,36
CTR-02577,CLT-0196,PRD-006,AGT-044,AGC-007,2024-11-01,2025-10-27,Expiré,8814000,970000,Annuelle,Non,Mobile Money,12
CTR-02578,CLT-0368,PRD-003,AGT-053,AGC-010,2025-06-27,2028-06-11,Actif,6478000,583000,Annuelle,Non,Chèque,36
CTR-02579,CLT-0745,PRD-001,AGT-055,AGC-010,2023-09-15,2024-09-09,Résilié,3168000,253000,Mensuelle,Non,Mobile Money,12
CTR-02580,CLT-0800,PRD-001,AGT-060,AGC-012,2023-09-10,2026-08-25,Actif,4886000,391000,Mensuelle,Non,Mobile Money,36
CTR-02581,CLT-0452,PRD-006,AGT-048,AGC-008,2024-01-30,2025-01-24,Expiré,17382000,1912000,Semestrielle,Non,Virement bancaire,12
CTR-02582,CLT-0677,PRD-005,AGT-043,AGC-007,2024-10-17,2026-10-07,Actif,2279000,137000,Annuelle,Non,Mobile Money,24
CTR-02583,CLT-0995,PRD-004,AGT-054,AGC-010,2024-05-13,2026-05-03,Actif,2525000,177000,Trimestrielle,Non,Carte bancaire,24
CTR-02584,CLT-0864,PRD-005,AGT-004,AGC-001,2024-12-16,2025-12-11,Expiré,2180000,131000,Semestrielle,Oui,Carte bancaire,12
CTR-02585,CLT-0613,PRD-006,AGT-026,AGC-004,2023-10-18,2025-10-07,Résilié,7751000,853000,Mensuelle,Non,Mobile Money,24
CTR-02586,CLT-0297,PRD-007,AGT-024,AGC-003,2024-11-13,2027-10-29,Actif,47964000,5756000,Mensuelle,Oui,Chèque,36
CTR-02587,CLT-0445,PRD-006,AGT-058,AGC-011,2024-12-31,2025-12-26,Expiré,18986000,2088000,Semestrielle,Oui,Carte bancaire,12
CTR-02588,CLT-0174,PRD-006,AGT-026,AGC-004,2024-01-26,2026-01-15,Actif,24405000,2685000,Annuelle,Non,Mobile Money,24
CTR-02589,CLT-0667,PRD-003,AGT-001,AGC-001,2023-10-08,2024-10-02,Résilié,7227000,650000,Annuelle,Non,Carte bancaire,12
CTR-02590,CLT-0237,PRD-001,AGT-032,AGC-005,2024-08-15,2025-08-10,Résilié,4039000,323000,Semestrielle,Non,Virement bancaire,12
CTR-02591,CLT-0691,PRD-001,AGT-013,AGC-002,2023-11-16,2025-11-05,Expiré,2712000,217000,Annuelle,Non,Chèque,24
CTR-02592,CLT-0004,PRD-004,AGT-023,AGC-003,2024-07-25,2025-07-20,Expiré,4083000,286000,Semestrielle,Oui,Virement bancaire,12
CTR-02593,CLT-0935,PRD-003,AGT-048,AGC-008,2024-01-22,2025-01-16,Expiré,7975000,718000,Mensuelle,Non,Chèque,12
CTR-02594,CLT-0832,PRD-003,AGT-030,AGC-005,2024-09-17,2026-09-07,Actif,6086000,548000,Trimestrielle,Oui,Virement bancaire,24
CTR-02595,CLT-0167,PRD-008,AGT-032,AGC-005,2023-04-14,2024-04-08,Résilié,29170000,3792000,Mensuelle,Non,Mobile Money,12
CTR-02596,CLT-0069,PRD-003,AGT-007,AGC-001,2023-08-02,2025-07-22,Expiré,14049000,1264000,Annuelle,Non,Espèces,24
CTR-02597,CLT-0421,PRD-004,AGT-023,AGC-003,2023-08-24,2026-08-08,Actif,7647000,535000,Trimestrielle,Non,Mobile Money,36
CTR-02598,CLT-0620,PRD-001,AGT-049,AGC-009,2023-09-15,2024-09-09,Expiré,4590000,367000,Mensuelle,Non,Mobile Money,12
CTR-02599,CLT-0430,PRD-007,AGT-029,AGC-004,2025-03-16,2027-03-06,Actif,64234000,7708000,Annuelle,Non,Espèces,24
CTR-02600,CLT-0979,PRD-007,AGT-009,AGC-001,2023-04-25,2024-04-19,Expiré,22545000,2705000,Trimestrielle,Non,Virement bancaire,12
CTR-02601,CLT-0743,PRD-004,AGT-014,AGC-002,2024-11-21,2025-11-16,Expiré,7244000,507000,Annuelle,Non,Espèces,12
CTR-02602,CLT-0925,PRD-001,AGT-044,AGC-007,2024-03-09,2025-03-04,Résilié,4619000,370000,Mensuelle,Non,Espèces,12
CTR-02603,CLT-0621,PRD-007,AGT-011,AGC-002,2023-01-17,2026-01-01,Actif,35193000,4223000,Mensuelle,Oui,Carte bancaire,36
CTR-02604,CLT-0750,PRD-006,AGT-047,AGC-008,2024-11-20,2026-11-10,Actif,5535000,609000,Trimestrielle,Non,Mobile Money,24
CTR-02605,CLT-0020,PRD-002,AGT-022,AGC-003,2024-01-17,2026-01-06,Actif,9420000,942000,Mensuelle,Non,Mobile Money,24
CTR-02606,CLT-0312,PRD-001,AGT-011,AGC-002,2024-04-03,2025-03-29,Expiré,4904000,392000,Semestrielle,Oui,Mobile Money,12
CTR-02607,CLT-0457,PRD-005,AGT-036,AGC-006,2025-02-16,2026-02-11,Actif,1872000,112000,Annuelle,Non,Carte bancaire,12
CTR-02608,CLT-0215,PRD-005,AGT-060,AGC-012,2023-07-12,2025-07-01,Expiré,1058000,63000,Trimestrielle,Non,Espèces,24
CTR-02609,CLT-0045,PRD-003,AGT-001,AGC-001,2025-04-04,2026-03-30,Actif,13121000,1181000,Mensuelle,Oui,Mobile Money,12
CTR-02610,CLT-0205,PRD-001,AGT-020,AGC-003,2025-02-02,2026-01-28,Actif,2562000,205000,Trimestrielle,Oui,Chèque,12
CTR-02611,CLT-0151,PRD-005,AGT-004,AGC-001,2024-09-03,2027-08-19,Actif,1231000,74000,Semestrielle,Non,Espèces,36
CTR-02612,CLT-0088,PRD-004,AGT-045,AGC-008,2024-12-28,2025-12-23,Expiré,8239000,577000,Semestrielle,Non,Mobile Money,12
CTR-02613,CLT-0568,PRD-008,AGT-052,AGC-009,2024-03-09,2025-03-04,Expiré,42830000,5568000,Trimestrielle,Oui,Mobile Money,12
CTR-02614,CLT-0079,PRD-001,AGT-011,AGC-002,2024-06-29,2027-06-14,Actif,2281000,182000,Semestrielle,Non,Espèces,36
CTR-02615,CLT-0285,PRD-004,AGT-014,AGC-002,2024-01-05,2024-12-30,Expiré,4391000,307000,Annuelle,Non,Carte bancaire,12
CTR-02616,CLT-0087,PRD-005,AGT-046,AGC-008,2023-10-15,2024-10-09,Expiré,2179000,131000,Annuelle,Non,Virement bancaire,12
CTR-02617,CLT-0798,PRD-002,AGT-036,AGC-006,2024-10-03,2026-09-23,Actif,4856000,486000,Annuelle,Non,Mobile Money,24
CTR-02618,CLT-0635,PRD-002,AGT-034,AGC-005,2024-10-14,2025-10-09,Expiré,9762000,976000,Annuelle,Oui,Carte bancaire,12
CTR-02619,CLT-0616,PRD-002,AGT-012,AGC-002,2024-04-03,2025-03-29,Expiré,6013000,601000,Mensuelle,Non,Mobile Money,12
CTR-02620,CLT-0431,PRD-007,AGT-001,AGC-001,2025-01-26,2026-01-21,Actif,63712000,7645000,Mensuelle,Non,Virement bancaire,12
CTR-02621,CLT-0286,PRD-002,AGT-037,AGC-006,2024-01-03,2025-12-23,Expiré,6693000,669000,Trimestrielle,Oui,Mobile Money,24
CTR-02622,CLT-0778,PRD-007,AGT-022,AGC-003,2024-12-26,2025-12-21,Expiré,33399000,4008000,Annuelle,Non,Mobile Money,12
CTR-02623,CLT-0822,PRD-004,AGT-055,AGC-010,2025-01-02,2026-12-23,Actif,2948000,206000,Mensuelle,Non,Chèque,24
CTR-02624,CLT-0759,PRD-001,AGT-045,AGC-008,2023-10-11,2024-10-05,Expiré,3207000,257000,Mensuelle,Non,Espèces,12
CTR-02625,CLT-0178,PRD-002,AGT-008,AGC-001,2024-01-11,2025-12-31,Actif,8299000,830000,Annuelle,Oui,Espèces,24
CTR-02626,CLT-0910,PRD-001,AGT-042,AGC-007,2024-07-19,2025-07-14,Expiré,3326000,266000,Mensuelle,Oui,Chèque,12
CTR-02627,CLT-0130,PRD-006,AGT-017,AGC-002,2023-03-02,2025-02-19,Expiré,13289000,1462000,Annuelle,Oui,Chèque,24
CTR-02628,CLT-0515,PRD-003,AGT-046,AGC-008,2023-09-06,2024-08-31,Expiré,3564000,321000,Mensuelle,Oui,Carte bancaire,12
CTR-02629,CLT-0030,PRD-003,AGT-007,AGC-001,2024-11-06,2025-11-01,Expiré,14903000,1341000,Semestrielle,Non,Mobile Money,12
CTR-02630,CLT-0831,PRD-007,AGT-004,AGC-001,2024-10-16,2026-10-06,Actif,23039000,2765000,Trimestrielle,Non,Espèces,24
CTR-02631,CLT-0476,PRD-003,AGT-034,AGC-005,2024-08-27,2025-08-22,Expiré,13098000,1179000,Trimestrielle,Oui,Mobile Money,12
CTR-02632,CLT-0541,PRD-001,AGT-058,AGC-011,2023-07-16,2024-07-10,Expiré,4187000,335000,Mensuelle,Oui,Espèces,12
CTR-02633,CLT-0271,PRD-008,AGT-037,AGC-006,2023-04-10,2024-04-04,Expiré,49779000,6471000,Annuelle,Non,Mobile Money,12
CTR-02634,CLT-0023,PRD-002,AGT-017,AGC-002,2023-10-05,2024-09-29,Résilié,6833000,683000,Trimestrielle,Non,Virement bancaire,12
CTR-02635,CLT-0304,PRD-001,AGT-047,AGC-008,2023-08-04,2024-07-29,Expiré,6902000,552000,Mensuelle,Non,Espèces,12
CTR-02636,CLT-0345,PRD-002,AGT-035,AGC-006,2024-08-29,2026-08-19,Actif,16931000,1693000,Mensuelle,Non,Espèces,24
CTR-02637,CLT-0105,PRD-002,AGT-022,AGC-003,2023-07-28,2024-07-22,Expiré,10969000,1097000,Annuelle,Oui,Mobile Money,12
CTR-02638,CLT-0168,PRD-005,AGT-021,AGC-003,2024-10-31,2027-10-16,Actif,838000,50000,Annuelle,Non,Virement bancaire,36
CTR-02639,CLT-0686,PRD-001,AGT-045,AGC-008,2023-05-07,2025-04-26,Expiré,3899000,312000,Semestrielle,Non,Virement bancaire,24
CTR-02640,CLT-0319,PRD-002,AGT-002,AGC-001,2024-06-30,2025-06-25,Résilié,6517000,652000,Trimestrielle,Non,Carte bancaire,12
CTR-02641,CLT-0899,PRD-002,AGT-060,AGC-012,2024-06-26,2025-06-21,Expiré,6950000,695000,Mensuelle,Non,Virement bancaire,12
CTR-02642,CLT-0837,PRD-007,AGT-010,AGC-002,2023-07-07,2025-06-26,Expiré,33493000,4019000,Mensuelle,Oui,Mobile Money,24
CTR-02643,CLT-0058,PRD-005,AGT-058,AGC-011,2024-10-05,2025-09-30,Expiré,1418000,85000,Mensuelle,Oui,Carte bancaire,12
CTR-02644,CLT-0324,PRD-001,AGT-029,AGC-004,2023-04-01,2024-03-26,Résilié,3707000,297000,Trimestrielle,Non,Mobile Money,12
CTR-02645,CLT-0266,PRD-006,AGT-050,AGC-009,2024-01-02,2024-12-27,Expiré,14467000,1591000,Mensuelle,Non,Carte bancaire,12
CTR-02646,CLT-0281,PRD-004,AGT-013,AGC-002,2023-02-04,2024-01-30,Expiré,2370000,166000,Trimestrielle,Non,Mobile Money,12
CTR-02647,CLT-0524,PRD-008,AGT-022,AGC-003,2024-03-20,2025-03-15,Expiré,49311000,6410000,Annuelle,Non,Mobile Money,12
CTR-02648,CLT-0608,PRD-002,AGT-055,AGC-010,2023-12-27,2026-12-11,Actif,16546000,1655000,Trimestrielle,Non,Virement bancaire,36
CTR-02649,CLT-0144,PRD-001,AGT-054,AGC-010,2023-01-25,2024-01-20,Résilié,2386000,191000,Annuelle,Non,Virement bancaire,12
CTR-02650,CLT-0618,PRD-003,AGT-007,AGC-001,2023-03-03,2024-02-26,Résilié,13253000,1193000,Annuelle,Non,Espèces,12
CTR-02651,CLT-0648,PRD-006,AGT-028,AGC-004,2024-07-31,2025-07-26,Résilié,12211000,1343000,Annuelle,Non,Carte bancaire,12
CTR-02652,CLT-0724,PRD-003,AGT-016,AGC-002,2025-03-03,2026-02-26,Actif,5757000,518000,Annuelle,Oui,Virement bancaire,12
CTR-02653,CLT-0710,PRD-006,AGT-014,AGC-002,2023-10-01,2026-09-15,Actif,14199000,1562000,Mensuelle,Non,Chèque,36
CTR-02654,CLT-0438,PRD-001,AGT-051,AGC-009,2024-08-06,2025-08-01,Expiré,4743000,379000,Semestrielle,Oui,Carte bancaire,12
CTR-02655,CLT-0729,PRD-005,AGT-049,AGC-009,2023-06-27,2024-06-21,Expiré,540000,32000,Mensuelle,Non,Virement bancaire,12
CTR-02656,CLT-0675,PRD-007,AGT-018,AGC-003,2024-06-25,2025-06-20,Résilié,56589000,6791000,Mensuelle,Non,Espèces,12
CTR-02657,CLT-0219,PRD-004,AGT-012,AGC-002,2024-05-02,2025-04-27,Expiré,10129000,709000,Mensuelle,Oui,Virement bancaire,12
CTR-02658,CLT-0042,PRD-002,AGT-057,AGC-011,2024-11-10,2025-11-05,Expiré,8419000,842000,Mensuelle,Oui,Espèces,12
CTR-02659,CLT-0017,PRD-003,AGT-058,AGC-011,2025-06-09,2027-05-30,Actif,9383000,844000,Mensuelle,Non,Carte bancaire,24
CTR-02660,CLT-0299,PRD-005,AGT-020,AGC-003,2023-06-23,2025-06-12,Résilié,2450000,147000,Annuelle,Non,Mobile Money,24
CTR-02661,CLT-0954,PRD-007,AGT-027,AGC-004,2023-07-06,2024-06-30,Expiré,44961000,5395000,Annuelle,Oui,Carte bancaire,12
CTR-02662,CLT-0902,PRD-003,AGT-041,AGC-007,2025-01-02,2025-12-28,Résilié,10295000,927000,Annuelle,Non,Virement bancaire,12
CTR-02663,CLT-0082,PRD-007,AGT-018,AGC-003,2023-01-13,2024-01-08,Expiré,39020000,4682000,Mensuelle,Oui,Carte bancaire,12
CTR-02664,CLT-0642,PRD-002,AGT-060,AGC-012,2025-06-17,2026-06-12,Actif,12443000,1244000,Annuelle,Non,Mobile Money,12
CTR-02665,CLT-0896,PRD-004,AGT-020,AGC-003,2024-05-02,2025-04-27,Résilié,4493000,315000,Mensuelle,Non,Virement bancaire,12
CTR-02666,CLT-0200,PRD-001,AGT-018,AGC-003,2024-11-12,2026-11-02,Actif,4959000,397000,Semestrielle,Oui,Carte bancaire,24
CTR-02667,CLT-0479,PRD-003,AGT-050,AGC-009,2023-04-18,2026-04-02,Actif,12533000,1128000,Annuelle,Non,Mobile Money,36
CTR-02668,CLT-0088,PRD-006,AGT-025,AGC-004,2025-02-24,2026-02-19,Actif,18807000,2069000,Annuelle,Non,Virement bancaire,12
CTR-02669,CLT-0850,PRD-007,AGT-003,AGC-001,2024-02-26,2025-02-20,Expiré,40375000,4845000,Mensuelle,Non,Virement bancaire,12
CTR-02670,CLT-0644,PRD-003,AGT-053,AGC-010,2024-06-18,2025-06-13,Expiré,7838000,705000,Semestrielle,Oui,Virement bancaire,12
CTR-02671,CLT-0332,PRD-004,AGT-046,AGC-008,2023-08-29,2024-08-23,Résilié,7675000,537000,Annuelle,Non,Carte bancaire,12
CTR-02672,CLT-0529,PRD-006,AGT-056,AGC-011,2024-04-16,2025-04-11,Expiré,7195000,791000,Mensuelle,Oui,Chèque,12
CTR-02673,CLT-0539,PRD-004,AGT-045,AGC-008,2025-06-26,2027-06-16,Actif,8573000,600000,Mensuelle,Non,Chèque,24
CTR-02674,CLT-0752,PRD-002,AGT-056,AGC-011,2023-02-18,2024-02-13,Expiré,11771000,1177000,Trimestrielle,Non,Carte bancaire,12
CTR-02675,CLT-0333,PRD-003,AGT-030,AGC-005,2024-08-24,2025-08-19,Expiré,6644000,598000,Semestrielle,Oui,Chèque,12
CTR-02676,CLT-0181,PRD-008,AGT-022,AGC-003,2023-10-26,2025-10-15,Expiré,46222000,6009000,Trimestrielle,Oui,Mobile Money,24
CTR-02677,CLT-0128,PRD-002,AGT-035,AGC-006,2023-11-12,2025-11-01,Résilié,9210000,921000,Mensuelle,Non,Virement bancaire,24
CTR-02678,CLT-0936,PRD-001,AGT-057,AGC-011,2024-02-15,2025-02-09,Expiré,2851000,228000,Annuelle,Non,Virement bancaire,12
CTR-02679,CLT-0207,PRD-007,AGT-053,AGC-010,2024-03-11,2026-03-01,Actif,67366000,8084000,Annuelle,Non,Mobile Money,24
CTR-02680,CLT-0992,PRD-001,AGT-034,AGC-005,2024-11-19,2026-11-09,Actif,2968000,237000,Annuelle,Non,Chèque,24
CTR-02681,CLT-0920,PRD-007,AGT-020,AGC-003,2024-04-02,2025-03-28,Expiré,47572000,5709000,Semestrielle,Oui,Chèque,12
CTR-02682,CLT-0469,PRD-005,AGT-060,AGC-012,2023-04-04,2024-03-29,Expiré,1737000,104000,Semestrielle,Non,Mobile Money,12
CTR-02683,CLT-0466,PRD-003,AGT-003,AGC-001,2023-10-13,2024-10-07,Résilié,5444000,490000,Semestrielle,Non,Mobile Money,12
CTR-02684,CLT-0687,PRD-004,AGT-060,AGC-012,2023-09-10,2026-08-25,Actif,5070000,355000,Trimestrielle,Oui,Mobile Money,36
CTR-02685,CLT-0495,PRD-005,AGT-015,AGC-002,2023-03-11,2025-02-28,Résilié,1121000,67000,Annuelle,Non,Espèces,24
CTR-02686,CLT-0443,PRD-007,AGT-053,AGC-010,2025-02-14,2026-02-09,Actif,87895000,10547000,Annuelle,Non,Virement bancaire,12
CTR-02687,CLT-0972,PRD-006,AGT-026,AGC-004,2023-12-17,2025-12-06,Expiré,12284000,1351000,Annuelle,Non,Chèque,24
CTR-02688,CLT-0159,PRD-007,AGT-009,AGC-001,2025-03-10,2026-03-05,Actif,42987000,5158000,Trimestrielle,Non,Virement bancaire,12
CTR-02689,CLT-0377,PRD-002,AGT-041,AGC-007,2023-12-15,2025-12-04,Expiré,7275000,728000,Semestrielle,Non,Espèces,24
CTR-02690,CLT-0894,PRD-003,AGT-029,AGC-004,2023-08-06,2024-07-31,Expiré,11373000,1024000,Mensuelle,Oui,Chèque,12
CTR-02691,CLT-0075,PRD-007,AGT-060,AGC-012,2023-12-13,2025-12-02,Expiré,43419000,5210000,Annuelle,Oui,Mobile Money,24
CTR-02692,CLT-0912,PRD-005,AGT-060,AGC-012,2025-06-05,2027-05-26,Actif,1271000,76000,Semestrielle,Non,Carte bancaire,24
CTR-02693,CLT-0437,PRD-001,AGT-028,AGC-004,2023-04-12,2025-04-01,Expiré,2366000,189000,Annuelle,Non,Carte bancaire,24
CTR-02694,CLT-0751,PRD-004,AGT-043,AGC-007,2023-11-13,2025-11-02,Expiré,7436000,521000,Semestrielle,Oui,Virement bancaire,24
CTR-02695,CLT-0868,PRD-008,AGT-017,AGC-002,2024-03-23,2025-03-18,Expiré,41834000,5438000,Trimestrielle,Non,Mobile Money,12
CTR-02696,CLT-0007,PRD-006,AGT-015,AGC-002,2025-05-03,2026-04-28,Actif,13582000,1494000,Mensuelle,Non,Mobile Money,12
CTR-02697,CLT-0512,PRD-002,AGT-017,AGC-002,2024-06-02,2025-05-28,Expiré,4508000,451000,Semestrielle,Oui,Mobile Money,12
CTR-02698,CLT-0482,PRD-001,AGT-014,AGC-002,2024-12-03,2025-11-28,Expiré,2064000,165000,Mensuelle,Oui,Carte bancaire,12
CTR-02699,CLT-0855,PRD-007,AGT-053,AGC-010,2023-05-06,2024-04-30,Expiré,10715000,1286000,Mensuelle,Non,Carte bancaire,12
CTR-02700,CLT-0142,PRD-005,AGT-005,AGC-001,2024-06-07,2025-06-02,Expiré,1224000,73000,Trimestrielle,Non,Mobile Money,12
CTR-02701,CLT-0848,PRD-005,AGT-008,AGC-001,2024-10-27,2026-10-17,Actif,1159000,70000,Trimestrielle,Non,Virement bancaire,24
CTR-02702,CLT-0237,PRD-004,AGT-054,AGC-010,2024-12-03,2026-11-23,Actif,4171000,292000,Trimestrielle,Non,Chèque,24
CTR-02703,CLT-0839,PRD-005,AGT-024,AGC-003,2024-02-14,2027-01-29,Actif,2096000,126000,Trimestrielle,Non,Carte bancaire,36
CTR-02704,CLT-0493,PRD-008,AGT-006,AGC-001,2023-05-09,2024-05-03,Expiré,84624000,11001000,Mensuelle,Non,Mobile Money,12
CTR-02705,CLT-0338,PRD-007,AGT-056,AGC-011,2024-05-17,2025-05-12,Expiré,41160000,4939000,Trimestrielle,Non,Virement bancaire,12
CTR-02706,CLT-0514,PRD-004,AGT-006,AGC-001,2023-11-03,2025-10-23,Expiré,2035000,142000,Semestrielle,Oui,Mobile Money,24
CTR-02707,CLT-0042,PRD-003,AGT-034,AGC-005,2025-04-26,2026-04-21,Actif,12404000,1116000,Trimestrielle,Oui,Carte bancaire,12
CTR-02708,CLT-0283,PRD-001,AGT-021,AGC-003,2023-05-24,2024-05-18,Résilié,3011000,241000,Semestrielle,Non,Mobile Money,12
CTR-02709,CLT-0820,PRD-007,AGT-010,AGC-002,2023-07-18,2024-07-12,Expiré,59991000,7199000,Mensuelle,Non,Carte bancaire,12
CTR-02710,CLT-0919,PRD-001,AGT-058,AGC-011,2023-09-27,2025-09-16,Expiré,2381000,190000,Trimestrielle,Non,Mobile Money,24
CTR-02711,CLT-0381,PRD-001,AGT-012,AGC-002,2024-08-06,2025-08-01,Expiré,3070000,246000,Trimestrielle,Oui,Mobile Money,12
CTR-02712,CLT-0466,PRD-006,AGT-027,AGC-004,2023-03-16,2026-02-28,Actif,29005000,3191000,Mensuelle,Non,Mobile Money,36
CTR-02713,CLT-0730,PRD-008,AGT-037,AGC-006,2023-12-24,2026-12-08,Actif,104039000,13525000,Trimestrielle,Non,Carte bancaire,36
CTR-02714,CLT-0673,PRD-008,AGT-047,AGC-008,2024-12-28,2026-12-18,Actif,55290000,7188000,Mensuelle,Non,Virement bancaire,24
CTR-02715,CLT-0946,PRD-001,AGT-057,AGC-011,2023-02-17,2025-02-06,Expiré,4987000,399000,Annuelle,Non,Chèque,24
CTR-02716,CLT-0443,PRD-001,AGT-051,AGC-009,2024-10-11,2025-10-06,Expiré,3507000,281000,Annuelle,Oui,Virement bancaire,12
CTR-02717,CLT-0550,PRD-002,AGT-024,AGC-003,2024-01-06,2025-12-26,Expiré,8719000,872000,Trimestrielle,Oui,Virement bancaire,24
CTR-02718,CLT-0621,PRD-007,AGT-001,AGC-001,2023-05-15,2025-05-04,Résilié,52460000,6295000,Annuelle,Non,Virement bancaire,24
CTR-02719,CLT-0060,PRD-005,AGT-060,AGC-012,2025-05-26,2027-05-16,Actif,1787000,107000,Mensuelle,Oui,Mobile Money,24
CTR-02720,CLT-0677,PRD-003,AGT-003,AGC-001,2023-05-08,2025-04-27,Résilié,10643000,958000,Semestrielle,Non,Virement bancaire,24
CTR-02721,CLT-0921,PRD-003,AGT-046,AGC-008,2025-04-26,2026-04-21,Actif,22264000,2004000,Semestrielle,Oui,Espèces,12
CTR-02722,CLT-0097,PRD-003,AGT-019,AGC-003,2024-10-09,2026-09-29,Actif,10220000,920000,Trimestrielle,Non,Mobile Money,24
CTR-02723,CLT-0295,PRD-002,AGT-003,AGC-001,2023-11-27,2024-11-21,Expiré,11635000,1164000,Mensuelle,Oui,Mobile Money,12
CTR-02724,CLT-0321,PRD-008,AGT-034,AGC-005,2025-05-08,2026-05-03,Actif,65442000,8507000,Mensuelle,Non,Carte bancaire,12
CTR-02725,CLT-0542,PRD-002,AGT-042,AGC-007,2023-02-20,2024-02-15,Expiré,10080000,1008000,Mensuelle,Non,Carte bancaire,12
CTR-02726,CLT-0965,PRD-002,AGT-008,AGC-001,2023-01-26,2024-01-21,Expiré,7981000,798000,Mensuelle,Non,Chèque,12
CTR-02727,CLT-0013,PRD-003,AGT-009,AGC-001,2023-06-28,2024-06-22,Expiré,11274000,1015000,Mensuelle,Non,Carte bancaire,12
CTR-02728,CLT-0487,PRD-005,AGT-016,AGC-002,2023-12-30,2024-12-24,Expiré,559000,34000,Trimestrielle,Oui,Chèque,12
CTR-02729,CLT-0346,PRD-003,AGT-030,AGC-005,2023-10-23,2024-10-17,Expiré,16719000,1505000,Mensuelle,Oui,Carte bancaire,12
CTR-02730,CLT-0253,PRD-004,AGT-046,AGC-008,2024-09-13,2025-09-08,Expiré,2357000,165000,Mensuelle,Oui,Espèces,12
CTR-02731,CLT-0658,PRD-001,AGT-053,AGC-010,2024-10-13,2025-10-08,Expiré,2052000,164000,Semestrielle,Non,Chèque,12
CTR-02732,CLT-0660,PRD-007,AGT-027,AGC-004,2025-04-11,2026-04-06,Actif,19447000,2334000,Annuelle,Non,Espèces,12
CTR-02733,CLT-0135,PRD-005,AGT-030,AGC-005,2023-08-15,2024-08-09,Expiré,1621000,97000,Trimestrielle,Oui,Virement bancaire,12
CTR-02734,CLT-0581,PRD-005,AGT-021,AGC-003,2024-11-14,2027-10-30,Actif,2388000,143000,Mensuelle,Non,Virement bancaire,36
CTR-02735,CLT-0432,PRD-008,AGT-012,AGC-002,2023-02-04,2025-01-24,Expiré,79228000,10300000,Trimestrielle,Non,Espèces,24
CTR-02736,CLT-0004,PRD-006,AGT-050,AGC-009,2024-02-08,2025-02-02,Expiré,10341000,1138000,Annuelle,Oui,Virement bancaire,12
CTR-02737,CLT-0577,PRD-007,AGT-018,AGC-003,2023-09-16,2024-09-10,Expiré,59029000,7083000,Semestrielle,Non,Mobile Money,12
CTR-02738,CLT-0154,PRD-001,AGT-054,AGC-010,2024-02-12,2026-02-01,Actif,2336000,187000,Trimestrielle,Oui,Carte bancaire,24
CTR-02739,CLT-0520,PRD-008,AGT-058,AGC-011,2023-11-24,2025-11-13,Expiré,60119000,7815000,Trimestrielle,Oui,Mobile Money,24
CTR-02740,CLT-0041,PRD-001,AGT-030,AGC-005,2024-11-12,2025-11-07,Expiré,1992000,159000,Annuelle,Non,Virement bancaire,12
CTR-02741,CLT-0488,PRD-008,AGT-054,AGC-010,2024-02-17,2025-02-11,Expiré,50958000,6625000,Trimestrielle,Non,Mobile Money,12
CTR-02742,CLT-0029,PRD-002,AGT-016,AGC-002,2024-10-15,2025-10-10,Expiré,6296000,630000,Semestrielle,Non,Chèque,12
CTR-02743,CLT-0687,PRD-003,AGT-051,AGC-009,2025-04-22,2027-04-12,Actif,7010000,631000,Semestrielle,Non,Mobile Money,24
CTR-02744,CLT-0477,PRD-002,AGT-011,AGC-002,2025-04-17,2028-04-01,Actif,6932000,693000,Annuelle,Non,Mobile Money,36
CTR-02745,CLT-0583,PRD-005,AGT-024,AGC-003,2024-08-02,2025-07-28,Expiré,1020000,61000,Mensuelle,Non,Chèque,12
CTR-02746,CLT-0944,PRD-006,AGT-058,AGC-011,2023-08-13,2024-08-07,Expiré,8647000,951000,Semestrielle,Non,Mobile Money,12
CTR-02747,CLT-0653,PRD-001,AGT-003,AGC-001,2023-07-08,2026-06-22,Actif,1948000,156000,Mensuelle,Oui,Mobile Money,36
CTR-02748,CLT-0940,PRD-004,AGT-023,AGC-003,2023-07-22,2024-07-16,Expiré,5393000,378000,Mensuelle,Non,Mobile Money,12
CTR-02749,CLT-0959,PRD-003,AGT-012,AGC-002,2024-09-25,2026-09-15,Actif,3555000,320000,Annuelle,Oui,Espèces,24
CTR-02750,CLT-0605,PRD-004,AGT-004,AGC-001,2024-01-06,2025-12-26,Expiré,8247000,577000,Semestrielle,Non,Espèces,24
CTR-02751,CLT-0654,PRD-003,AGT-005,AGC-001,2024-08-04,2025-07-30,Expiré,6124000,551000,Trimestrielle,Non,Virement bancaire,12
CTR-02752,CLT-0606,PRD-007,AGT-010,AGC-002,2024-07-12,2025-07-07,Résilié,42962000,5155000,Semestrielle,Non,Carte bancaire,12
CTR-02753,CLT-0413,PRD-003,AGT-035,AGC-006,2024-03-24,2025-03-19,Expiré,7791000,701000,Trimestrielle,Non,Mobile Money,12
CTR-02754,CLT-0576,PRD-002,AGT-056,AGC-011,2024-11-27,2027-11-12,Actif,9070000,907000,Trimestrielle,Oui,Espèces,36
CTR-02755,CLT-0699,PRD-006,AGT-053,AGC-010,2024-06-26,2025-06-21,Expiré,11684000,1285000,Mensuelle,Non,Mobile Money,12
CTR-02756,CLT-0189,PRD-003,AGT-031,AGC-005,2023-08-04,2025-07-24,Expiré,6929000,624000,Mensuelle,Non,Mobile Money,24
CTR-02757,CLT-0969,PRD-002,AGT-052,AGC-009,2024-07-07,2026-06-27,Actif,8846000,885000,Annuelle,Oui,Virement bancaire,24
CTR-02758,CLT-0277,PRD-003,AGT-013,AGC-002,2023-09-17,2025-09-06,Résilié,14738000,1326000,Trimestrielle,Non,Espèces,24
CTR-02759,CLT-0362,PRD-001,AGT-058,AGC-011,2025-01-16,2027-01-06,Actif,1804000,144000,Trimestrielle,Oui,Mobile Money,24
CTR-02760,CLT-0173,PRD-004,AGT-034,AGC-005,2024-12-13,2025-12-08,Expiré,8859000,620000,Mensuelle,Non,Mobile Money,12
CTR-02761,CLT-0916,PRD-008,AGT-053,AGC-010,2024-11-27,2027-11-12,Actif,71943000,9353000,Semestrielle,Non,Espèces,36
CTR-02762,CLT-0981,PRD-003,AGT-043,AGC-007,2025-03-30,2026-03-25,Actif,13308000,1198000,Annuelle,Oui,Chèque,12
CTR-02763,CLT-0234,PRD-005,AGT-011,AGC-002,2024-07-11,2025-07-06,Expiré,1169000,70000,Mensuelle,Non,Mobile Money,12
CTR-02764,CLT-0070,PRD-007,AGT-036,AGC-006,2024-05-20,2027-05-05,Actif,48546000,5826000,Semestrielle,Non,Virement bancaire,36
CTR-02765,CLT-0827,PRD-001,AGT-046,AGC-008,2023-06-13,2026-05-28,Actif,1597000,128000,Mensuelle,Non,Carte bancaire,36
CTR-02766,CLT-0185,PRD-001,AGT-036,AGC-006,2024-08-16,2025-08-11,Expiré,2246000,180000,Annuelle,Oui,Mobile Money,12
CTR-02767,CLT-0779,PRD-005,AGT-037,AGC-006,2025-02-25,2026-02-20,Actif,1517000,91000,Trimestrielle,Oui,Espèces,12
CTR-02768,CLT-0126,PRD-004,AGT-054,AGC-010,2023-07-11,2024-07-05,Expiré,6357000,445000,Annuelle,Non,Chèque,12
CTR-02769,CLT-0101,PRD-005,AGT-023,AGC-003,2023-11-24,2024-11-18,Expiré,1816000,109000,Mensuelle,Oui,Espèces,12
CTR-02770,CLT-0596,PRD-005,AGT-040,AGC-007,2024-04-19,2025-04-14,Expiré,2894000,174000,Annuelle,Oui,Chèque,12
CTR-02771,CLT-0871,PRD-002,AGT-013,AGC-002,2025-03-13,2027-03-03,Actif,13569000,1357000,Trimestrielle,Non,Espèces,24
CTR-02772,CLT-0292,PRD-006,AGT-011,AGC-002,2023-04-27,2024-04-21,Expiré,34590000,3805000,Trimestrielle,Non,Espèces,12
CTR-02773,CLT-0145,PRD-004,AGT-010,AGC-002,2025-05-14,2026-05-09,Actif,4061000,284000,Annuelle,Oui,Virement bancaire,12
CTR-02774,CLT-0010,PRD-007,AGT-031,AGC-005,2023-10-17,2025-10-06,Expiré,26210000,3145000,Mensuelle,Non,Mobile Money,24
CTR-02775,CLT-0698,PRD-001,AGT-022,AGC-003,2025-06-10,2027-05-31,Actif,2123000,170000,Trimestrielle,Non,Espèces,24
CTR-02776,CLT-0754,PRD-006,AGT-017,AGC-002,2024-01-29,2025-01-23,Expiré,22379000,2462000,Mensuelle,Non,Espèces,12
CTR-02777,CLT-0448,PRD-003,AGT-020,AGC-003,2023-06-19,2024-06-13,Résilié,5581000,502000,Annuelle,Non,Mobile Money,12
CTR-02778,CLT-0028,PRD-001,AGT-043,AGC-007,2024-04-01,2025-03-27,Expiré,3016000,241000,Annuelle,Non,Virement bancaire,12
CTR-02779,CLT-0422,PRD-006,AGT-056,AGC-011,2023-07-03,2024-06-27,Expiré,15144000,1666000,Annuelle,Non,Mobile Money,12
CTR-02780,CLT-0240,PRD-006,AGT-001,AGC-001,2024-09-21,2025-09-16,Expiré,18715000,2059000,Trimestrielle,Non,Virement bancaire,12
CTR-02781,CLT-0024,PRD-002,AGT-037,AGC-006,2025-03-21,2026-03-16,Actif,8867000,887000,Mensuelle,Oui,Virement bancaire,12
CTR-02782,CLT-0029,PRD-003,AGT-045,AGC-008,2024-06-24,2025-06-19,Expiré,9573000,862000,Trimestrielle,Non,Espèces,12
CTR-02783,CLT-0801,PRD-004,AGT-017,AGC-002,2024-09-16,2025-09-11,Expiré,5914000,414000,Annuelle,Non,Virement bancaire,12
CTR-02784,CLT-0403,PRD-002,AGT-010,AGC-002,2023-12-14,2026-11-28,Actif,5858000,586000,Annuelle,Oui,Espèces,36
CTR-02785,CLT-0925,PRD-001,AGT-008,AGC-001,2023-09-06,2026-08-21,Actif,1981000,158000,Mensuelle,Oui,Carte bancaire,36
CTR-02786,CLT-0561,PRD-008,AGT-006,AGC-001,2023-04-21,2024-04-15,Expiré,76981000,10008000,Trimestrielle,Oui,Espèces,12
CTR-02787,CLT-0393,PRD-004,AGT-001,AGC-001,2024-01-08,2025-01-02,Expiré,4809000,337000,Semestrielle,Oui,Virement bancaire,12
CTR-02788,CLT-0852,PRD-002,AGT-056,AGC-011,2025-01-06,2026-01-01,Actif,7729000,773000,Trimestrielle,Oui,Chèque,12
CTR-02789,CLT-0879,PRD-003,AGT-022,AGC-003,2024-07-23,2025-07-18,Expiré,10888000,980000,Annuelle,Oui,Carte bancaire,12
CTR-02790,CLT-0850,PRD-001,AGT-044,AGC-007,2023-01-26,2024-01-21,Expiré,3897000,312000,Trimestrielle,Non,Virement bancaire,12
CTR-02791,CLT-0124,PRD-004,AGT-053,AGC-010,2025-02-10,2028-01-26,Actif,3921000,274000,Semestrielle,Non,Mobile Money,36
CTR-02792,CLT-0712,PRD-003,AGT-018,AGC-003,2024-08-21,2026-08-11,Actif,4551000,410000,Semestrielle,Non,Espèces,24
CTR-02793,CLT-0040,PRD-004,AGT-048,AGC-008,2024-03-08,2025-03-03,Expiré,8296000,581000,Trimestrielle,Non,Carte bancaire,12
CTR-02794,CLT-0133,PRD-007,AGT-039,AGC-006,2023-01-05,2023-12-31,Résilié,86922000,10431000,Trimestrielle,Non,Mobile Money,12
CTR-02795,CLT-0167,PRD-003,AGT-037,AGC-006,2025-06-01,2026-05-27,Actif,4785000,431000,Trimestrielle,Non,Virement bancaire,12
CTR-02796,CLT-0707,PRD-002,AGT-017,AGC-002,2025-03-13,2026-03-08,Actif,9670000,967000,Annuelle,Non,Chèque,12
CTR-02797,CLT-0635,PRD-005,AGT-056,AGC-011,2024-10-05,2026-09-25,Actif,1841000,110000,Semestrielle,Non,Espèces,24
CTR-02798,CLT-0923,PRD-002,AGT-055,AGC-010,2023-09-06,2024-08-31,Expiré,9098000,910000,Annuelle,Non,Mobile Money,12
CTR-02799,CLT-0394,PRD-002,AGT-012,AGC-002,2024-11-24,2025-11-19,Expiré,7339000,734000,Trimestrielle,Non,Virement bancaire,12
CTR-02800,CLT-0135,PRD-006,AGT-034,AGC-005,2025-01-20,2026-01-15,Actif,18230000,2005000,Annuelle,Oui,Espèces,12
CTR-02801,CLT-0255,PRD-003,AGT-059,AGC-012,2025-04-30,2026-04-25,Actif,6741000,607000,Trimestrielle,Oui,Espèces,12
CTR-02802,CLT-0873,PRD-001,AGT-019,AGC-003,2023-10-04,2025-09-23,Expiré,3919000,314000,Trimestrielle,Oui,Virement bancaire,24
CTR-02803,CLT-0262,PRD-007,AGT-059,AGC-012,2025-06-13,2026-06-08,Actif,30058000,3607000,Trimestrielle,Non,Mobile Money,12
CTR-02804,CLT-0909,PRD-002,AGT-018,AGC-003,2023-10-18,2024-10-12,Expiré,10394000,1039000,Annuelle,Oui,Virement bancaire,12
CTR-02805,CLT-0314,PRD-002,AGT-053,AGC-010,2023-03-28,2024-03-22,Expiré,6121000,612000,Mensuelle,Non,Virement bancaire,12
CTR-02806,CLT-0490,PRD-005,AGT-002,AGC-001,2024-10-08,2025-10-03,Expiré,695000,42000,Trimestrielle,Non,Mobile Money,12
CTR-02807,CLT-0113,PRD-007,AGT-002,AGC-001,2023-05-06,2026-04-20,Actif,37064000,4448000,Semestrielle,Non,Espèces,36
CTR-02808,CLT-0258,PRD-005,AGT-017,AGC-002,2023-06-27,2024-06-21,Expiré,1011000,61000,Semestrielle,Non,Mobile Money,12
CTR-02809,CLT-0508,PRD-003,AGT-035,AGC-006,2024-01-04,2024-12-29,Expiré,8577000,772000,Mensuelle,Non,Chèque,12
CTR-02810,CLT-0667,PRD-001,AGT-027,AGC-004,2024-05-06,2026-04-26,Actif,2121000,170000,Mensuelle,Non,Mobile Money,24
CTR-02811,CLT-0477,PRD-007,AGT-032,AGC-005,2023-11-29,2025-11-18,Résilié,11286000,1354000,Trimestrielle,Non,Espèces,24
CTR-02812,CLT-0415,PRD-008,AGT-053,AGC-010,2025-01-30,2026-01-25,Actif,62996000,8189000,Trimestrielle,Non,Espèces,12
CTR-02813,CLT-0211,PRD-006,AGT-059,AGC-012,2023-10-03,2025-09-22,Expiré,13414000,1476000,Trimestrielle,Non,Virement bancaire,24
CTR-02814,CLT-0387,PRD-007,AGT-033,AGC-005,2023-09-06,2025-08-26,Résilié,40357000,4843000,Annuelle,Non,Espèces,24
CTR-02815,CLT-0879,PRD-006,AGT-028,AGC-004,2024-09-04,2027-08-20,Actif,17577000,1933000,Mensuelle,Oui,Espèces,36
CTR-02816,CLT-0792,PRD-002,AGT-001,AGC-001,2023-04-15,2024-04-09,Expiré,4018000,402000,Mensuelle,Non,Mobile Money,12
CTR-02817,CLT-0002,PRD-008,AGT-046,AGC-008,2024-05-07,2025-05-02,Résilié,74457000,9679000,Trimestrielle,Non,Chèque,12
CTR-02818,CLT-0881,PRD-004,AGT-012,AGC-002,2023-04-26,2026-04-10,Actif,2421000,169000,Mensuelle,Non,Virement bancaire,36
CTR-02819,CLT-0632,PRD-004,AGT-001,AGC-001,2025-05-20,2026-05-15,Actif,4765000,334000,Semestrielle,Non,Virement bancaire,12
CTR-02820,CLT-0989,PRD-003,AGT-053,AGC-010,2023-02-03,2026-01-18,Actif,13027000,1172000,Mensuelle,Oui,Mobile Money,36
CTR-02821,CLT-0264,PRD-003,AGT-036,AGC-006,2025-05-12,2026-05-07,Actif,5960000,536000,Annuelle,Non,Espèces,12
CTR-02822,CLT-0363,PRD-004,AGT-006,AGC-001,2025-01-27,2026-01-22,Actif,8070000,565000,Annuelle,Oui,Virement bancaire,12
CTR-02823,CLT-0715,PRD-003,AGT-054,AGC-010,2024-12-20,2026-12-10,Actif,9046000,814000,Mensuelle,Non,Mobile Money,24
CTR-02824,CLT-0490,PRD-004,AGT-039,AGC-006,2024-10-18,2025-10-13,Résilié,4730000,331000,Trimestrielle,Non,Mobile Money,12
CTR-02825,CLT-0738,PRD-005,AGT-004,AGC-001,2024-09-11,2025-09-06,Expiré,872000,52000,Mensuelle,Oui,Carte bancaire,12
CTR-02826,CLT-0584,PRD-001,AGT-016,AGC-002,2025-01-29,2026-01-24,Actif,2490000,199000,Semestrielle,Oui,Mobile Money,12
CTR-02827,CLT-0648,PRD-008,AGT-018,AGC-003,2025-05-25,2027-05-15,Actif,30861000,4012000,Trimestrielle,Oui,Chèque,24
CTR-02828,CLT-0018,PRD-008,AGT-011,AGC-002,2025-03-27,2026-03-22,Actif,19271000,2505000,Mensuelle,Non,Espèces,12
CTR-02829,CLT-0141,PRD-003,AGT-051,AGC-009,2023-04-17,2024-04-11,Résilié,4568000,411000,Mensuelle,Non,Virement bancaire,12
CTR-02830,CLT-0063,PRD-004,AGT-059,AGC-012,2023-11-26,2024-11-20,Expiré,3102000,217000,Mensuelle,Oui,Carte bancaire,12
CTR-02831,CLT-0783,PRD-006,AGT-030,AGC-005,2025-04-22,2026-04-17,Actif,22890000,2518000,Annuelle,Non,Carte bancaire,12
CTR-02832,CLT-0331,PRD-003,AGT-014,AGC-002,2024-07-27,2026-07-17,Actif,12587000,1133000,Annuelle,Non,Espèces,24
CTR-02833,CLT-0078,PRD-001,AGT-058,AGC-011,2024-07-18,2026-07-08,Actif,2968000,237000,Annuelle,Non,Espèces,24
CTR-02834,CLT-0676,PRD-004,AGT-012,AGC-002,2025-05-22,2026-05-17,Actif,5362000,375000,Annuelle,Non,Virement bancaire,12
CTR-02835,CLT-0577,PRD-005,AGT-052,AGC-009,2023-12-02,2025-11-21,Expiré,1673000,100000,Semestrielle,Non,Virement bancaire,24
CTR-02836,CLT-0959,PRD-004,AGT-001,AGC-001,2025-04-19,2026-04-14,Actif,5619000,393000,Trimestrielle,Oui,Espèces,12
CTR-02837,CLT-0269,PRD-006,AGT-023,AGC-003,2023-03-26,2026-03-10,Actif,10657000,1172000,Semestrielle,Non,Mobile Money,36
CTR-02838,CLT-0328,PRD-002,AGT-042,AGC-007,2023-03-12,2025-03-01,Expiré,11533000,1153000,Trimestrielle,Non,Mobile Money,24
CTR-02839,CLT-0165,PRD-005,AGT-020,AGC-003,2023-05-14,2025-05-03,Expiré,447000,27000,Trimestrielle,Oui,Espèces,24
CTR-02840,CLT-0810,PRD-002,AGT-016,AGC-002,2023-03-20,2024-03-14,Expiré,8205000,820000,Mensuelle,Oui,Espèces,12
CTR-02841,CLT-0392,PRD-008,AGT-059,AGC-012,2024-11-05,2025-10-31,Expiré,36514000,4747000,Semestrielle,Non,Mobile Money,12
CTR-02842,CLT-0824,PRD-007,AGT-019,AGC-003,2023-07-27,2026-07-11,Actif,46899000,5628000,Mensuelle,Non,Carte bancaire,36
CTR-02843,CLT-0299,PRD-002,AGT-027,AGC-004,2023-09-13,2024-09-07,Résilié,7439000,744000,Semestrielle,Non,Virement bancaire,12
CTR-02844,CLT-0646,PRD-005,AGT-013,AGC-002,2024-04-27,2027-04-12,Actif,1489000,89000,Semestrielle,Non,Espèces,36
CTR-02845,CLT-0595,PRD-002,AGT-023,AGC-003,2025-01-10,2027-12-26,Actif,9788000,979000,Trimestrielle,Oui,Mobile Money,36
CTR-02846,CLT-0427,PRD-003,AGT-057,AGC-011,2023-11-15,2024-11-09,Expiré,12606000,1135000,Mensuelle,Oui,Chèque,12
CTR-02847,CLT-0114,PRD-005,AGT-047,AGC-008,2023-07-26,2024-07-20,Expiré,544000,33000,Mensuelle,Non,Virement bancaire,12
CTR-02848,CLT-0588,PRD-002,AGT-010,AGC-002,2024-07-04,2026-06-24,Actif,12110000,1211000,Mensuelle,Oui,Virement bancaire,24
CTR-02849,CLT-0900,PRD-001,AGT-023,AGC-003,2023-03-13,2024-03-07,Expiré,2602000,208000,Mensuelle,Non,Espèces,12
CTR-02850,CLT-0386,PRD-002,AGT-024,AGC-003,2025-03-25,2026-03-20,Actif,11363000,1136000,Mensuelle,Oui,Virement bancaire,12
CTR-02851,CLT-0127,PRD-006,AGT-017,AGC-002,2024-03-23,2025-03-18,Résilié,23089000,2540000,Trimestrielle,Non,Mobile Money,12
CTR-02852,CLT-0251,PRD-006,AGT-012,AGC-002,2024-04-09,2026-03-30,Actif,26129000,2874000,Mensuelle,Non,Espèces,24
CTR-02853,CLT-0289,PRD-001,AGT-033,AGC-005,2023-06-22,2024-06-16,Expiré,2589000,207000,Annuelle,Non,Mobile Money,12
CTR-02854,CLT-0635,PRD-002,AGT-025,AGC-004,2023-06-14,2024-06-08,Expiré,6116000,612000,Semestrielle,Non,Carte bancaire,12
CTR-02855,CLT-0606,PRD-005,AGT-051,AGC-009,2025-04-30,2027-04-20,Actif,2394000,144000,Semestrielle,Non,Virement bancaire,24
CTR-02856,CLT-0069,PRD-006,AGT-042,AGC-007,2023-11-18,2025-11-07,Expiré,24995000,2749000,Trimestrielle,Non,Carte bancaire,24
CTR-02857,CLT-0148,PRD-002,AGT-030,AGC-005,2023-09-22,2024-09-16,Expiré,6425000,642000,Annuelle,Oui,Carte bancaire,12
CTR-02858,CLT-0539,PRD-003,AGT-027,AGC-004,2023-09-19,2024-09-13,Expiré,3830000,345000,Annuelle,Non,Virement bancaire,12
CTR-02859,CLT-0355,PRD-006,AGT-005,AGC-001,2024-01-20,2025-01-14,Expiré,23666000,2603000,Mensuelle,Non,Mobile Money,12
CTR-02860,CLT-0777,PRD-005,AGT-018,AGC-003,2025-01-30,2026-01-25,Actif,1408000,84000,Annuelle,Oui,Mobile Money,12
CTR-02861,CLT-0079,PRD-003,AGT-053,AGC-010,2025-04-28,2027-04-18,Actif,5896000,531000,Trimestrielle,Non,Virement bancaire,24
CTR-02862,CLT-0109,PRD-003,AGT-014,AGC-002,2023-01-13,2025-01-02,Expiré,4530000,408000,Mensuelle,Non,Carte bancaire,24
CTR-02863,CLT-0359,PRD-004,AGT-052,AGC-009,2023-12-20,2024-12-14,Expiré,5520000,386000,Annuelle,Non,Carte bancaire,12
CTR-02864,CLT-0779,PRD-004,AGT-023,AGC-003,2024-05-29,2025-05-24,Expiré,4485000,314000,Annuelle,Oui,Mobile Money,12
CTR-02865,CLT-0958,PRD-004,AGT-023,AGC-003,2024-04-24,2025-04-19,Expiré,7851000,550000,Mensuelle,Non,Mobile Money,12
CTR-02866,CLT-0574,PRD-008,AGT-053,AGC-010,2024-08-02,2025-07-28,Résilié,32924000,4280000,Mensuelle,Non,Virement bancaire,12
CTR-02867,CLT-0350,PRD-004,AGT-018,AGC-003,2024-12-13,2025-12-08,Résilié,4310000,302000,Mensuelle,Non,Mobile Money,12
CTR-02868,CLT-0193,PRD-002,AGT-015,AGC-002,2023-03-18,2024-03-12,Expiré,8856000,886000,Mensuelle,Oui,Chèque,12
CTR-02869,CLT-0657,PRD-006,AGT-054,AGC-010,2025-05-15,2027-05-05,Actif,17889000,1968000,Semestrielle,Non,Mobile Money,24
CTR-02870,CLT-0498,PRD-004,AGT-029,AGC-004,2025-02-10,2027-01-31,Actif,7745000,542000,Semestrielle,Non,Espèces,24
CTR-02871,CLT-0436,PRD-008,AGT-003,AGC-001,2024-05-21,2026-05-11,Actif,34490000,4484000,Semestrielle,Oui,Carte bancaire,24
CTR-02872,CLT-0188,PRD-002,AGT-022,AGC-003,2025-01-19,2026-01-14,Actif,6004000,600000,Annuelle,Oui,Espèces,12
CTR-02873,CLT-0289,PRD-003,AGT-053,AGC-010,2023-04-24,2024-04-18,Expiré,5422000,488000,Semestrielle,Non,Mobile Money,12
CTR-02874,CLT-0436,PRD-002,AGT-059,AGC-012,2025-05-06,2026-05-01,Actif,9339000,934000,Trimestrielle,Oui,Mobile Money,12
CTR-02875,CLT-0154,PRD-001,AGT-004,AGC-001,2023-12-23,2024-12-17,Expiré,4079000,326000,Trimestrielle,Non,Virement bancaire,12
CTR-02876,CLT-0297,PRD-001,AGT-032,AGC-005,2025-03-30,2026-03-25,Actif,5187000,415000,Annuelle,Non,Virement bancaire,12
CTR-02877,CLT-0223,PRD-007,AGT-004,AGC-001,2023-01-19,2024-01-14,Expiré,73223000,8787000,Trimestrielle,Oui,Carte bancaire,12
CTR-02878,CLT-0391,PRD-002,AGT-046,AGC-008,2024-11-30,2026-11-20,Actif,10296000,1030000,Mensuelle,Non,Virement bancaire,24
CTR-02879,CLT-0708,PRD-006,AGT-004,AGC-001,2025-05-04,2028-04-18,Actif,5066000,557000,Annuelle,Non,Virement bancaire,36
CTR-02880,CLT-0738,PRD-004,AGT-028,AGC-004,2023-05-23,2025-05-12,Expiré,5579000,391000,Semestrielle,Non,Espèces,24
CTR-02881,CLT-0106,PRD-001,AGT-058,AGC-011,2025-02-19,2026-02-14,Actif,3195000,256000,Annuelle,Non,Mobile Money,12
CTR-02882,CLT-0401,PRD-003,AGT-021,AGC-003,2024-10-28,2026-10-18,Actif,10400000,936000,Trimestrielle,Non,Virement bancaire,24
CTR-02883,CLT-0163,PRD-003,AGT-051,AGC-009,2023-12-11,2024-12-05,Expiré,11206000,1009000,Semestrielle,Non,Virement bancaire,12
CTR-02884,CLT-0616,PRD-002,AGT-059,AGC-012,2024-05-17,2025-05-12,Expiré,9508000,951000,Mensuelle,Non,Mobile Money,12
CTR-02885,CLT-0728,PRD-002,AGT-024,AGC-003,2024-12-06,2025-12-01,Expiré,7316000,732000,Semestrielle,Non,Mobile Money,12
CTR-02886,CLT-0833,PRD-007,AGT-046,AGC-008,2023-02-25,2024-02-20,Expiré,37772000,4533000,Mensuelle,Non,Virement bancaire,12
CTR-02887,CLT-0792,PRD-003,AGT-005,AGC-001,2025-03-25,2026-03-20,Actif,3867000,348000,Annuelle,Non,Virement bancaire,12
CTR-02888,CLT-0518,PRD-002,AGT-026,AGC-004,2023-01-05,2025-12-20,Expiré,4966000,497000,Trimestrielle,Non,Mobile Money,36
CTR-02889,CLT-0589,PRD-001,AGT-018,AGC-003,2024-02-23,2026-02-12,Actif,3042000,243000,Mensuelle,Non,Chèque,24
CTR-02890,CLT-0171,PRD-008,AGT-043,AGC-007,2023-04-22,2025-04-11,Expiré,64241000,8351000,Semestrielle,Non,Carte bancaire,24
CTR-02891,CLT-0911,PRD-007,AGT-005,AGC-001,2024-07-29,2026-07-19,Actif,39020000,4682000,Semestrielle,Oui,Virement bancaire,24
CTR-02892,CLT-0263,PRD-006,AGT-017,AGC-002,2025-05-03,2027-04-23,Actif,16118000,1773000,Semestrielle,Oui,Mobile Money,24
CTR-02893,CLT-0556,PRD-004,AGT-023,AGC-003,2023-12-15,2024-12-09,Expiré,8171000,572000,Annuelle,Oui,Carte bancaire,12
CTR-02894,CLT-0715,PRD-003,AGT-021,AGC-003,2025-02-01,2026-01-27,Actif,5250000,472000,Semestrielle,Non,Virement bancaire,12
CTR-02895,CLT-0760,PRD-006,AGT-024,AGC-003,2024-08-28,2026-08-18,Actif,12672000,1394000,Mensuelle,Oui,Carte bancaire,24
CTR-02896,CLT-0090,PRD-001,AGT-021,AGC-003,2024-01-28,2025-01-22,Expiré,3850000,308000,Semestrielle,Non,Mobile Money,12
CTR-02897,CLT-0043,PRD-008,AGT-018,AGC-003,2024-11-15,2025-11-10,Résilié,124544000,16191000,Annuelle,Non,Virement bancaire,12
CTR-02898,CLT-0564,PRD-008,AGT-002,AGC-001,2023-06-11,2024-06-05,Résilié,61335000,7974000,Trimestrielle,Non,Mobile Money,12
CTR-02899,CLT-0226,PRD-003,AGT-056,AGC-011,2024-10-24,2025-10-19,Expiré,6003000,540000,Annuelle,Oui,Mobile Money,12
CTR-02900,CLT-0495,PRD-001,AGT-039,AGC-006,2024-10-06,2026-09-26,Actif,2716000,217000,Trimestrielle,Non,Carte bancaire,24
CTR-02901,CLT-0860,PRD-007,AGT-016,AGC-002,2024-05-15,2025-05-10,Expiré,29555000,3547000,Semestrielle,Non,Espèces,12
CTR-02902,CLT-0258,PRD-006,AGT-006,AGC-001,2023-10-05,2026-09-19,Actif,22885000,2517000,Trimestrielle,Non,Chèque,36
CTR-02903,CLT-0736,PRD-005,AGT-044,AGC-007,2024-05-29,2025-05-24,Expiré,2170000,130000,Annuelle,Non,Espèces,12
CTR-02904,CLT-0604,PRD-007,AGT-021,AGC-003,2023-05-11,2024-05-05,Résilié,48868000,5864000,Annuelle,Non,Virement bancaire,12
CTR-02905,CLT-0578,PRD-003,AGT-001,AGC-001,2025-05-19,2026-05-14,Actif,6527000,587000,Trimestrielle,Oui,Carte bancaire,12
CTR-02906,CLT-0788,PRD-006,AGT-002,AGC-001,2024-08-16,2026-08-06,Actif,24324000,2676000,Trimestrielle,Non,Mobile Money,24
CTR-02907,CLT-0961,PRD-003,AGT-024,AGC-003,2024-12-27,2025-12-22,Expiré,13884000,1250000,Trimestrielle,Oui,Virement bancaire,12
CTR-02908,CLT-0840,PRD-004,AGT-060,AGC-012,2023-04-18,2024-04-12,Expiré,4226000,296000,Trimestrielle,Non,Mobile Money,12
CTR-02909,CLT-0147,PRD-001,AGT-057,AGC-011,2023-10-28,2024-10-22,Expiré,3731000,298000,Semestrielle,Non,Mobile Money,12
CTR-02910,CLT-0070,PRD-001,AGT-059,AGC-012,2023-07-21,2025-07-10,Expiré,5432000,435000,Mensuelle,Oui,Virement bancaire,24
CTR-02911,CLT-0290,PRD-001,AGT-017,AGC-002,2024-09-28,2026-09-18,Actif,4372000,350000,Semestrielle,Oui,Carte bancaire,24
CTR-02912,CLT-0143,PRD-002,AGT-033,AGC-005,2024-11-26,2025-11-21,Expiré,10821000,1082000,Semestrielle,Oui,Carte bancaire,12
CTR-02913,CLT-0862,PRD-006,AGT-032,AGC-005,2025-05-07,2026-05-02,Actif,9040000,994000,Trimestrielle,Non,Virement bancaire,12
CTR-02914,CLT-0578,PRD-005,AGT-059,AGC-012,2024-06-30,2025-06-25,Expiré,1839000,110000,Trimestrielle,Oui,Mobile Money,12
CTR-02915,CLT-0418,PRD-002,AGT-044,AGC-007,2024-11-11,2025-11-06,Expiré,9473000,947000,Mensuelle,Non,Mobile Money,12
CTR-02916,CLT-0392,PRD-002,AGT-001,AGC-001,2024-04-28,2025-04-23,Résilié,8474000,847000,Semestrielle,Non,Espèces,12
CTR-02917,CLT-0229,PRD-007,AGT-008,AGC-001,2024-06-05,2025-05-31,Expiré,51460000,6175000,Trimestrielle,Oui,Espèces,12
CTR-02918,CLT-0140,PRD-008,AGT-046,AGC-008,2025-02-20,2026-02-15,Actif,32075000,4170000,Trimestrielle,Non,Chèque,12
CTR-02919,CLT-0455,PRD-002,AGT-018,AGC-003,2024-01-02,2024-12-27,Expiré,5486000,549000,Mensuelle,Non,Mobile Money,12
CTR-02920,CLT-0388,PRD-003,AGT-025,AGC-004,2024-08-31,2026-08-21,Actif,6293000,566000,Trimestrielle,Non,Chèque,24
CTR-02921,CLT-0388,PRD-003,AGT-043,AGC-007,2023-03-07,2024-03-01,Expiré,12024000,1082000,Annuelle,Oui,Virement bancaire,12
CTR-02922,CLT-0098,PRD-005,AGT-013,AGC-002,2024-04-08,2025-04-03,Expiré,1547000,93000,Annuelle,Oui,Virement bancaire,12
CTR-02923,CLT-0972,PRD-007,AGT-027,AGC-004,2023-05-23,2025-05-12,Expiré,57407000,6889000,Mensuelle,Non,Espèces,24
CTR-02924,CLT-0534,PRD-003,AGT-002,AGC-001,2025-04-18,2026-04-13,Actif,11830000,1065000,Mensuelle,Non,Mobile Money,12
CTR-02925,CLT-0886,PRD-003,AGT-016,AGC-002,2023-10-21,2025-10-10,Expiré,6034000,543000,Semestrielle,Oui,Carte bancaire,24
CTR-02926,CLT-0867,PRD-008,AGT-009,AGC-001,2023-07-27,2024-07-21,Expiré,20078000,2610000,Mensuelle,Non,Mobile Money,12
CTR-02927,CLT-0062,PRD-001,AGT-029,AGC-004,2024-03-14,2025-03-09,Résilié,2547000,204000,Semestrielle,Non,Mobile Money,12
CTR-02928,CLT-0208,PRD-005,AGT-050,AGC-009,2023-09-08,2024-09-02,Résilié,1091000,65000,Mensuelle,Non,Mobile Money,12
CTR-02929,CLT-0055,PRD-003,AGT-015,AGC-002,2025-01-09,2026-01-04,Actif,9366000,843000,Mensuelle,Non,Espèces,12
CTR-02930,CLT-0557,PRD-001,AGT-036,AGC-006,2023-10-03,2026-09-17,Actif,4086000,327000,Trimestrielle,Non,Mobile Money,36
CTR-02931,CLT-0682,PRD-004,AGT-036,AGC-006,2025-01-02,2027-12-18,Actif,5579000,391000,Semestrielle,Non,Mobile Money,36
CTR-02932,CLT-0754,PRD-002,AGT-024,AGC-003,2023-07-04,2026-06-18,Actif,11981000,1198000,Mensuelle,Non,Virement bancaire,36
CTR-02933,CLT-0353,PRD-005,AGT-017,AGC-002,2025-02-09,2027-01-30,Actif,708000,42000,Semestrielle,Non,Carte bancaire,24
CTR-02934,CLT-0941,PRD-001,AGT-031,AGC-005,2025-01-11,2026-01-06,Actif,2482000,199000,Semestrielle,Non,Espèces,12
CTR-02935,CLT-0986,PRD-006,AGT-001,AGC-001,2025-06-06,2028-05-21,Actif,24977000,2747000,Trimestrielle,Oui,Virement bancaire,36
CTR-02936,CLT-0257,PRD-007,AGT-009,AGC-001,2024-01-05,2024-12-30,Expiré,16801000,2016000,Mensuelle,Oui,Mobile Money,12
CTR-02937,CLT-0543,PRD-007,AGT-053,AGC-010,2023-09-25,2025-09-14,Expiré,34721000,4167000,Mensuelle,Oui,Chèque,24
CTR-02938,CLT-0163,PRD-004,AGT-019,AGC-003,2023-12-01,2025-11-20,Résilié,2064000,144000,Annuelle,Non,Virement bancaire,24
CTR-02939,CLT-0774,PRD-004,AGT-021,AGC-003,2023-04-13,2024-04-07,Expiré,6089000,426000,Mensuelle,Non,Espèces,12
CTR-02940,CLT-0799,PRD-006,AGT-022,AGC-003,2024-03-03,2025-02-26,Expiré,27820000,3060000,Mensuelle,Oui,Virement bancaire,12
CTR-02941,CLT-0306,PRD-003,AGT-009,AGC-001,2025-04-23,2027-04-13,Actif,9459000,851000,Semestrielle,Oui,Carte bancaire,24
CTR-02942,CLT-0558,PRD-003,AGT-027,AGC-004,2024-02-09,2025-02-03,Résilié,5562000,501000,Mensuelle,Non,Mobile Money,12
CTR-02943,CLT-0250,PRD-001,AGT-033,AGC-005,2023-02-12,2024-02-07,Expiré,2879000,230000,Trimestrielle,Non,Espèces,12
CTR-02944,CLT-0968,PRD-002,AGT-054,AGC-010,2024-09-15,2025-09-10,Résilié,6272000,627000,Annuelle,Non,Mobile Money,12
CTR-02945,CLT-0585,PRD-001,AGT-004,AGC-001,2023-09-18,2025-09-07,Expiré,4505000,360000,Mensuelle,Non,Espèces,24
CTR-02946,CLT-0731,PRD-008,AGT-007,AGC-001,2023-08-29,2025-08-18,Expiré,88855000,11551000,Trimestrielle,Non,Mobile Money,24
CTR-02947,CLT-0326,PRD-002,AGT-010,AGC-002,2024-06-30,2026-06-20,Actif,7630000,763000,Annuelle,Non,Mobile Money,24
CTR-02948,CLT-0167,PRD-007,AGT-024,AGC-003,2025-05-07,2026-05-02,Actif,10092000,1211000,Trimestrielle,Oui,Espèces,12
CTR-02949,CLT-0749,PRD-008,AGT-018,AGC-003,2025-01-27,2027-01-17,Actif,19510000,2536000,Annuelle,Non,Mobile Money,24
CTR-02950,CLT-0606,PRD-001,AGT-005,AGC-001,2024-09-19,2026-09-09,Actif,2197000,176000,Semestrielle,Non,Chèque,24
CTR-02951,CLT-0737,PRD-003,AGT-051,AGC-009,2023-10-12,2024-10-06,Expiré,7666000,690000,Trimestrielle,Non,Mobile Money,12
CTR-02952,CLT-0482,PRD-007,AGT-012,AGC-002,2023-03-19,2024-03-13,Expiré,18885000,2266000,Mensuelle,Non,Mobile Money,12
CTR-02953,CLT-0538,PRD-004,AGT-023,AGC-003,2023-09-18,2025-09-07,Expiré,2534000,177000,Annuelle,Oui,Virement bancaire,24
CTR-02954,CLT-0775,PRD-001,AGT-025,AGC-004,2023-06-22,2024-06-16,Expiré,4967000,397000,Semestrielle,Non,Carte bancaire,12
CTR-02955,CLT-0445,PRD-003,AGT-015,AGC-002,2023-08-28,2026-08-12,Actif,10885000,980000,Trimestrielle,Non,Espèces,36
CTR-02956,CLT-0467,PRD-004,AGT-014,AGC-002,2025-01-23,2027-01-13,Actif,4000000,280000,Annuelle,Non,Virement bancaire,24
CTR-02957,CLT-0300,PRD-006,AGT-031,AGC-005,2023-01-06,2024-12-26,Expiré,29018000,3192000,Mensuelle,Non,Carte bancaire,24
CTR-02958,CLT-0186,PRD-001,AGT-032,AGC-005,2023-05-23,2024-05-17,Expiré,2874000,230000,Annuelle,Oui,Espèces,12
CTR-02959,CLT-0622,PRD-003,AGT-018,AGC-003,2025-05-21,2026-05-16,Actif,3685000,332000,Annuelle,Non,Espèces,12
CTR-02960,CLT-0768,PRD-008,AGT-005,AGC-001,2023-09-02,2024-08-27,Résilié,66600000,8658000,Mensuelle,Non,Espèces,12
CTR-02961,CLT-0774,PRD-001,AGT-016,AGC-002,2025-04-13,2026-04-08,Actif,4906000,392000,Trimestrielle,Non,Mobile Money,12
CTR-02962,CLT-0049,PRD-006,AGT-058,AGC-011,2025-05-09,2026-05-04,Actif,17847000,1963000,Mensuelle,Oui,Virement bancaire,12
CTR-02963,CLT-0273,PRD-001,AGT-042,AGC-007,2025-01-25,2026-01-20,Actif,3617000,289000,Trimestrielle,Non,Virement bancaire,12
CTR-02964,CLT-0841,PRD-001,AGT-031,AGC-005,2025-04-29,2026-04-24,Actif,3771000,302000,Annuelle,Non,Mobile Money,12
CTR-02965,CLT-0059,PRD-006,AGT-017,AGC-002,2024-11-07,2025-11-02,Expiré,21725000,2390000,Mensuelle,Oui,Mobile Money,12
CTR-02966,CLT-0500,PRD-001,AGT-001,AGC-001,2024-05-09,2025-05-04,Expiré,4268000,341000,Mensuelle,Oui,Espèces,12
CTR-02967,CLT-0128,PRD-004,AGT-010,AGC-002,2023-01-31,2024-01-26,Expiré,4761000,333000,Trimestrielle,Non,Mobile Money,12
CTR-02968,CLT-0971,PRD-004,AGT-017,AGC-002,2025-02-11,2026-02-06,Actif,4056000,284000,Trimestrielle,Oui,Mobile Money,12
CTR-02969,CLT-0006,PRD-003,AGT-016,AGC-002,2025-01-17,2026-01-12,Actif,6506000,586000,Trimestrielle,Non,Espèces,12
CTR-02970,CLT-0007,PRD-004,AGT-031,AGC-005,2024-03-22,2025-03-17,Expiré,6476000,453000,Annuelle,Oui,Carte bancaire,12
CTR-02971,CLT-0695,PRD-008,AGT-035,AGC-006,2023-11-10,2024-11-04,Expiré,42376000,5509000,Mensuelle,Oui,Virement bancaire,12
CTR-02972,CLT-0726,PRD-003,AGT-060,AGC-012,2023-05-16,2025-05-05,Expiré,9728000,876000,Annuelle,Non,Mobile Money,24
CTR-02973,CLT-0759,PRD-001,AGT-017,AGC-002,2024-06-19,2025-06-14,Expiré,3010000,241000,Mensuelle,Non,Mobile Money,12
CTR-02974,CLT-0500,PRD-003,AGT-013,AGC-002,2025-02-13,2027-02-03,Actif,4061000,365000,Annuelle,Non,Mobile Money,24
CTR-02975,CLT-0614,PRD-003,AGT-043,AGC-007,2023-02-12,2024-02-07,Expiré,7149000,643000,Annuelle,Oui,Carte bancaire,12
CTR-02976,CLT-0901,PRD-002,AGT-040,AGC-007,2023-04-06,2024-03-31,Expiré,8819000,882000,Trimestrielle,Non,Chèque,12
CTR-02977,CLT-0279,PRD-006,AGT-017,AGC-002,2025-05-26,2026-05-21,Actif,10509000,1156000,Semestrielle,Non,Virement bancaire,12
CTR-02978,CLT-0428,PRD-003,AGT-005,AGC-001,2024-01-09,2025-12-29,Expiré,13322000,1199000,Annuelle,Non,Mobile Money,24
CTR-02979,CLT-0395,PRD-001,AGT-058,AGC-011,2023-07-25,2025-07-14,Expiré,2701000,216000,Annuelle,Oui,Mobile Money,24
CTR-02980,CLT-0870,PRD-006,AGT-001,AGC-001,2024-06-15,2026-06-05,Actif,5404000,594000,Semestrielle,Non,Mobile Money,24
CTR-02981,CLT-0905,PRD-002,AGT-037,AGC-006,2025-06-30,2026-06-25,Actif,7790000,779000,Mensuelle,Non,Espèces,12
CTR-02982,CLT-0702,PRD-004,AGT-048,AGC-008,2024-11-08,2025-11-03,Expiré,7032000,492000,Semestrielle,Non,Espèces,12
CTR-02983,CLT-0328,PRD-004,AGT-016,AGC-002,2023-09-11,2024-09-05,Expiré,2224000,156000,Trimestrielle,Non,Chèque,12
CTR-02984,CLT-0940,PRD-006,AGT-018,AGC-003,2023-05-29,2024-05-23,Résilié,18885000,2077000,Trimestrielle,Non,Espèces,12
CTR-02985,CLT-0993,PRD-001,AGT-045,AGC-008,2023-06-20,2025-06-09,Expiré,3683000,295000,Trimestrielle,Non,Chèque,24
CTR-02986,CLT-0169,PRD-002,AGT-058,AGC-011,2023-03-07,2025-02-24,Expiré,9105000,910000,Semestrielle,Oui,Mobile Money,24
CTR-02987,CLT-0574,PRD-006,AGT-053,AGC-010,2024-04-21,2026-04-11,Actif,6234000,686000,Mensuelle,Non,Carte bancaire,24
CTR-02988,CLT-0209,PRD-001,AGT-016,AGC-002,2024-05-20,2025-05-15,Résilié,3023000,242000,Semestrielle,Non,Mobile Money,12
CTR-02989,CLT-0561,PRD-006,AGT-051,AGC-009,2025-02-06,2026-02-01,Actif,5096000,561000,Mensuelle,Non,Carte bancaire,12
CTR-02990,CLT-0379,PRD-003,AGT-002,AGC-001,2023-02-22,2025-02-11,Expiré,12306000,1108000,Annuelle,Non,Mobile Money,24
CTR-02991,CLT-0599,PRD-003,AGT-041,AGC-007,2025-01-20,2026-01-15,Actif,13230000,1191000,Annuelle,Oui,Espèces,12
CTR-02992,CLT-0947,PRD-002,AGT-017,AGC-002,2024-08-12,2026-08-02,Actif,10713000,1071000,Trimestrielle,Non,Carte bancaire,24
CTR-02993,CLT-0658,PRD-008,AGT-026,AGC-004,2025-04-11,2026-04-06,Actif,62330000,8103000,Annuelle,Non,Mobile Money,12
CTR-02994,CLT-0963,PRD-003,AGT-054,AGC-010,2025-05-06,2026-05-01,Actif,14740000,1327000,Semestrielle,Non,Chèque,12
CTR-02995,CLT-0496,PRD-008,AGT-055,AGC-010,2023-11-27,2024-11-21,Expiré,67189000,8735000,Semestrielle,Oui,Espèces,12
CTR-02996,CLT-0441,PRD-005,AGT-025,AGC-004,2024-07-25,2025-07-20,Expiré,395000,24000,Trimestrielle,Non,Chèque,12
CTR-02997,CLT-0718,PRD-001,AGT-003,AGC-001,2023-12-25,2024-12-19,Expiré,1664000,133000,Annuelle,Oui,Mobile Money,12
CTR-02998,CLT-0407,PRD-007,AGT-026,AGC-004,2024-05-06,2026-04-26,Actif,13035000,1564000,Mensuelle,Oui,Mobile Money,24
CTR-02999,CLT-0724,PRD-006,AGT-028,AGC-004,2024-03-16,2025-03-11,Résilié,6718000,739000,Annuelle,Non,Carte bancaire,12
CTR-03000,CLT-0183,PRD-008,AGT-022,AGC-003,2025-01-07,2026-12-28,Actif,29540000,3840000,Trimestrielle,Oui,Virement bancaire,24
CTR-03001,CLT-0499,PRD-008,AGT-021,AGC-003,2023-05-19,2026-05-03,Actif,34364000,4467000,Mensuelle,Non,Virement bancaire,36
CTR-03002,CLT-0320,PRD-002,AGT-004,AGC-001,2024-08-11,2025-08-06,Expiré,11965000,1196000,Trimestrielle,Oui,Mobile Money,12
CTR-03003,CLT-0056,PRD-007,AGT-021,AGC-003,2024-06-08,2025-06-03,Expiré,44103000,5292000,Mensuelle,Non,Virement bancaire,12
CTR-03004,CLT-0111,PRD-003,AGT-047,AGC-008,2023-02-03,2025-01-23,Expiré,13923000,1253000,Mensuelle,Oui,Virement bancaire,24
CTR-03005,CLT-0483,PRD-002,AGT-050,AGC-009,2025-03-22,2027-03-12,Actif,5710000,571000,Trimestrielle,Non,Mobile Money,24
CTR-03006,CLT-0416,PRD-008,AGT-010,AGC-002,2023-11-29,2024-11-23,Expiré,35829000,4658000,Semestrielle,Non,Virement bancaire,12
CTR-03007,CLT-0422,PRD-008,AGT-015,AGC-002,2023-08-18,2025-08-07,Résilié,52543000,6831000,Trimestrielle,Non,Espèces,24
CTR-03008,CLT-0564,PRD-005,AGT-018,AGC-003,2023-09-03,2026-08-18,Actif,1442000,87000,Trimestrielle,Non,Espèces,36
CTR-03009,CLT-0229,PRD-003,AGT-048,AGC-008,2023-10-31,2024-10-25,Résilié,4601000,414000,Mensuelle,Non,Espèces,12
CTR-03010,CLT-0452,PRD-001,AGT-042,AGC-007,2024-05-24,2025-05-19,Résilié,2048000,164000,Annuelle,Non,Espèces,12
CTR-03011,CLT-0409,PRD-004,AGT-054,AGC-010,2023-10-24,2024-10-18,Expiré,4406000,308000,Semestrielle,Non,Carte bancaire,12
CTR-03012,CLT-0716,PRD-004,AGT-019,AGC-003,2023-11-22,2024-11-16,Expiré,8120000,568000,Trimestrielle,Oui,Espèces,12
CTR-03013,CLT-0664,PRD-002,AGT-035,AGC-006,2024-01-10,2025-01-04,Résilié,11612000,1161000,Annuelle,Non,Mobile Money,12
CTR-03014,CLT-0975,PRD-003,AGT-050,AGC-009,2024-05-01,2026-04-21,Actif,7432000,669000,Mensuelle,Oui,Chèque,24
CTR-03015,CLT-0466,PRD-007,AGT-014,AGC-002,2025-04-06,2027-03-27,Actif,44268000,5312000,Mensuelle,Oui,Chèque,24
CTR-03016,CLT-0434,PRD-005,AGT-005,AGC-001,2024-03-02,2026-02-20,Actif,1173000,70000,Mensuelle,Non,Espèces,24
CTR-03017,CLT-0717,PRD-007,AGT-020,AGC-003,2023-09-12,2024-09-06,Expiré,52343000,6281000,Annuelle,Non,Carte bancaire,12
CTR-03018,CLT-0041,PRD-006,AGT-025,AGC-004,2023-04-20,2024-04-14,Expiré,8356000,919000,Mensuelle,Non,Virement bancaire,12
CTR-03019,CLT-0280,PRD-001,AGT-051,AGC-009,2023-09-10,2024-09-04,Expiré,2557000,205000,Annuelle,Non,Virement bancaire,12
CTR-03020,CLT-0839,PRD-006,AGT-003,AGC-001,2024-02-16,2025-02-10,Expiré,23519000,2587000,Semestrielle,Oui,Mobile Money,12
CTR-03021,CLT-0019,PRD-003,AGT-034,AGC-005,2024-09-14,2026-09-04,Actif,6956000,626000,Annuelle,Non,Espèces,24
CTR-03022,CLT-0124,PRD-002,AGT-014,AGC-002,2024-12-30,2026-12-20,Actif,6719000,672000,Annuelle,Oui,Espèces,24
CTR-03023,CLT-0740,PRD-007,AGT-023,AGC-003,2023-08-15,2024-08-09,Expiré,46033000,5524000,Annuelle,Non,Virement bancaire,12
CTR-03024,CLT-0039,PRD-005,AGT-059,AGC-012,2023-03-12,2024-03-06,Expiré,1874000,112000,Annuelle,Non,Chèque,12
CTR-03025,CLT-0077,PRD-001,AGT-057,AGC-011,2024-03-16,2027-03-01,Actif,4403000,352000,Mensuelle,Non,Espèces,36
CTR-03026,CLT-0723,PRD-005,AGT-044,AGC-007,2024-06-20,2026-06-10,Actif,1425000,86000,Trimestrielle,Oui,Carte bancaire,24
CTR-03027,CLT-0637,PRD-004,AGT-032,AGC-005,2024-08-21,2027-08-06,Actif,7071000,495000,Annuelle,Non,Mobile Money,36
CTR-03028,CLT-0883,PRD-004,AGT-004,AGC-001,2023-03-22,2025-03-11,Expiré,7884000,552000,Semestrielle,Oui,Mobile Money,24
CTR-03029,CLT-0924,PRD-007,AGT-043,AGC-007,2023-12-29,2024-12-23,Résilié,35615000,4274000,Mensuelle,Non,Espèces,12
CTR-03030,CLT-0589,PRD-005,AGT-051,AGC-009,2023-08-29,2026-08-13,Actif,1554000,93000,Mensuelle,Non,Espèces,36
CTR-03031,CLT-0278,PRD-003,AGT-026,AGC-004,2025-06-15,2027-06-05,Actif,14185000,1277000,Mensuelle,Non,Carte bancaire,24
CTR-03032,CLT-0788,PRD-001,AGT-017,AGC-002,2023-06-01,2026-05-16,Actif,4627000,370000,Semestrielle,Non,Mobile Money,36
CTR-03033,CLT-0261,PRD-001,AGT-011,AGC-002,2023-08-11,2025-07-31,Expiré,6611000,529000,Trimestrielle,Non,Mobile Money,24
CTR-03034,CLT-0558,PRD-003,AGT-025,AGC-004,2024-12-05,2025-11-30,Expiré,9919000,893000,Annuelle,Oui,Mobile Money,12
CTR-03035,CLT-0378,PRD-002,AGT-047,AGC-008,2025-05-10,2026-05-05,Actif,14102000,1410000,Trimestrielle,Non,Mobile Money,12
CTR-03036,CLT-0523,PRD-001,AGT-007,AGC-001,2024-09-18,2025-09-13,Expiré,2187000,175000,Annuelle,Non,Mobile Money,12
CTR-03037,CLT-0146,PRD-008,AGT-019,AGC-003,2023-05-23,2024-05-17,Expiré,35954000,4674000,Trimestrielle,Oui,Chèque,12
CTR-03038,CLT-0126,PRD-004,AGT-034,AGC-005,2024-12-21,2026-12-11,Actif,4411000,309000,Annuelle,Oui,Carte bancaire,24
CTR-03039,CLT-0841,PRD-006,AGT-056,AGC-011,2025-03-13,2028-02-26,Actif,22004000,2420000,Trimestrielle,Oui,Espèces,36
CTR-03040,CLT-0466,PRD-004,AGT-035,AGC-006,2024-03-06,2025-03-01,Expiré,9714000,680000,Semestrielle,Oui,Virement bancaire,12
CTR-03041,CLT-0586,PRD-002,AGT-024,AGC-003,2024-01-09,2025-12-29,Expiré,11952000,1195000,Mensuelle,Non,Mobile Money,24
CTR-03042,CLT-0075,PRD-001,AGT-013,AGC-002,2025-01-23,2027-01-13,Actif,5299000,424000,Semestrielle,Oui,Mobile Money,24
CTR-03043,CLT-0480,PRD-007,AGT-038,AGC-006,2024-03-08,2026-02-26,Actif,57985000,6958000,Trimestrielle,Oui,Virement bancaire,24
CTR-03044,CLT-0770,PRD-001,AGT-056,AGC-011,2024-11-08,2026-10-29,Actif,2533000,203000,Trimestrielle,Non,Mobile Money,24
CTR-03045,CLT-0480,PRD-007,AGT-001,AGC-001,2025-03-22,2026-03-17,Actif,37313000,4478000,Trimestrielle,Non,Virement bancaire,12
CTR-03046,CLT-0355,PRD-005,AGT-014,AGC-002,2023-05-26,2024-05-20,Expiré,797000,48000,Mensuelle,Non,Espèces,12
CTR-03047,CLT-0907,PRD-006,AGT-026,AGC-004,2024-04-11,2025-04-06,Expiré,18489000,2034000,Annuelle,Oui,Virement bancaire,12
CTR-03048,CLT-0534,PRD-004,AGT-018,AGC-003,2023-04-13,2026-03-28,Actif,3974000,278000,Annuelle,Oui,Mobile Money,36
CTR-03049,CLT-0388,PRD-002,AGT-016,AGC-002,2024-12-29,2026-12-19,Actif,9701000,970000,Annuelle,Non,Espèces,24
CTR-03050,CLT-0803,PRD-001,AGT-042,AGC-007,2024-04-18,2025-04-13,Expiré,3922000,314000,Semestrielle,Non,Mobile Money,12
CTR-03051,CLT-0516,PRD-006,AGT-017,AGC-002,2023-02-27,2025-02-16,Expiré,24044000,2645000,Semestrielle,Non,Espèces,24
CTR-03052,CLT-0349,PRD-002,AGT-035,AGC-006,2023-06-03,2026-05-18,Actif,11470000,1147000,Mensuelle,Oui,Mobile Money,36
CTR-03053,CLT-0682,PRD-006,AGT-027,AGC-004,2024-02-26,2026-02-15,Actif,13902000,1529000,Semestrielle,Non,Espèces,24
CTR-03054,CLT-0780,PRD-004,AGT-046,AGC-008,2025-01-04,2025-12-30,Résilié,8112000,568000,Annuelle,Non,Mobile Money,12
CTR-03055,CLT-0736,PRD-002,AGT-039,AGC-006,2023-05-19,2025-05-08,Expiré,9699000,970000,Trimestrielle,Oui,Mobile Money,24
CTR-03056,CLT-0648,PRD-003,AGT-035,AGC-006,2024-09-25,2025-09-20,Expiré,8849000,796000,Trimestrielle,Non,Espèces,12
CTR-03057,CLT-0938,PRD-006,AGT-024,AGC-003,2023-12-28,2024-12-22,Résilié,23873000,2626000,Annuelle,Non,Virement bancaire,12
CTR-03058,CLT-0584,PRD-001,AGT-026,AGC-004,2025-04-09,2027-03-30,Actif,2497000,200000,Semestrielle,Oui,Espèces,24
CTR-03059,CLT-0808,PRD-001,AGT-041,AGC-007,2024-05-31,2026-05-21,Actif,4655000,372000,Trimestrielle,Non,Mobile Money,24
CTR-03060,CLT-0330,PRD-004,AGT-030,AGC-005,2023-09-17,2025-09-06,Expiré,7328000,513000,Trimestrielle,Non,Espèces,24
CTR-03061,CLT-0715,PRD-006,AGT-059,AGC-012,2024-11-10,2025-11-05,Expiré,10303000,1133000,Trimestrielle,Non,Mobile Money,12
CTR-03062,CLT-0188,PRD-002,AGT-038,AGC-006,2025-05-28,2027-05-18,Actif,9129000,913000,Semestrielle,Non,Virement bancaire,24
CTR-03063,CLT-0404,PRD-003,AGT-041,AGC-007,2024-09-26,2025-09-21,Expiré,13242000,1192000,Trimestrielle,Non,Mobile Money,12
CTR-03064,CLT-0601,PRD-003,AGT-040,AGC-007,2023-07-04,2025-06-23,Résilié,6072000,546000,Annuelle,Non,Mobile Money,24
CTR-03065,CLT-0238,PRD-008,AGT-028,AGC-004,2024-11-27,2025-11-22,Expiré,41686000,5419000,Annuelle,Non,Mobile Money,12
CTR-03066,CLT-0853,PRD-006,AGT-028,AGC-004,2023-11-27,2024-11-21,Expiré,5182000,570000,Semestrielle,Non,Virement bancaire,12
CTR-03067,CLT-0263,PRD-001,AGT-053,AGC-010,2024-10-06,2026-09-26,Actif,4492000,359000,Mensuelle,Non,Carte bancaire,24
CTR-03068,CLT-0088,PRD-008,AGT-059,AGC-012,2024-05-07,2026-04-27,Actif,89734000,11665000,Semestrielle,Oui,Mobile Money,24
CTR-03069,CLT-0782,PRD-004,AGT-038,AGC-006,2023-06-05,2025-05-25,Résilié,7250000,508000,Trimestrielle,Non,Carte bancaire,24
CTR-03070,CLT-0175,PRD-002,AGT-016,AGC-002,2024-03-09,2025-03-04,Résilié,10261000,1026000,Semestrielle,Non,Mobile Money,12
CTR-03071,CLT-0357,PRD-006,AGT-024,AGC-003,2024-08-09,2025-08-04,Expiré,12248000,1347000,Semestrielle,Non,Carte bancaire,12
CTR-03072,CLT-0502,PRD-002,AGT-043,AGC-007,2024-07-27,2026-07-17,Actif,12064000,1206000,Mensuelle,Non,Virement bancaire,24
CTR-03073,CLT-0669,PRD-004,AGT-048,AGC-008,2023-10-02,2026-09-16,Actif,4906000,343000,Annuelle,Non,Espèces,36
CTR-03074,CLT-0388,PRD-001,AGT-034,AGC-005,2023-07-29,2025-07-18,Expiré,2908000,233000,Trimestrielle,Non,Carte bancaire,24
CTR-03075,CLT-0939,PRD-003,AGT-020,AGC-003,2023-09-19,2024-09-13,Résilié,4439000,400000,Trimestrielle,Non,Virement bancaire,12
CTR-03076,CLT-0857,PRD-003,AGT-054,AGC-010,2023-08-11,2026-07-26,Actif,3740000,337000,Trimestrielle,Non,Virement bancaire,36
CTR-03077,CLT-0121,PRD-006,AGT-002,AGC-001,2024-02-03,2025-01-28,Expiré,17365000,1910000,Annuelle,Non,Virement bancaire,12
CTR-03078,CLT-0664,PRD-001,AGT-011,AGC-002,2023-04-03,2024-03-28,Expiré,4178000,334000,Mensuelle,Non,Chèque,12
CTR-03079,CLT-0747,PRD-003,AGT-036,AGC-006,2024-09-10,2025-09-05,Résilié,8793000,791000,Semestrielle,Non,Espèces,12
CTR-03080,CLT-0822,PRD-004,AGT-034,AGC-005,2024-02-06,2025-01-31,Expiré,2428000,170000,Trimestrielle,Non,Virement bancaire,12
CTR-03081,CLT-0789,PRD-001,AGT-003,AGC-001,2024-12-11,2025-12-06,Expiré,4416000,353000,Mensuelle,Non,Mobile Money,12
CTR-03082,CLT-0563,PRD-002,AGT-052,AGC-009,2023-01-10,2024-01-05,Expiré,5978000,598000,Annuelle,Non,Mobile Money,12
CTR-03083,CLT-0132,PRD-003,AGT-033,AGC-005,2025-04-14,2026-04-09,Actif,3237000,291000,Trimestrielle,Oui,Mobile Money,12
CTR-03084,CLT-0549,PRD-002,AGT-021,AGC-003,2023-03-27,2025-03-16,Expiré,14316000,1432000,Mensuelle,Non,Virement bancaire,24
CTR-03085,CLT-0384,PRD-001,AGT-033,AGC-005,2025-02-09,2026-02-04,Actif,3025000,242000,Trimestrielle,Non,Virement bancaire,12
CTR-03086,CLT-0161,PRD-001,AGT-042,AGC-007,2025-06-23,2026-06-18,Actif,3414000,273000,Semestrielle,Non,Carte bancaire,12
CTR-03087,CLT-0920,PRD-003,AGT-003,AGC-001,2025-02-25,2026-02-20,Actif,12339000,1111000,Semestrielle,Non,Mobile Money,12
CTR-03088,CLT-0242,PRD-003,AGT-008,AGC-001,2024-06-23,2026-06-13,Actif,5365000,483000,Mensuelle,Non,Carte bancaire,24
CTR-03089,CLT-0613,PRD-005,AGT-012,AGC-002,2024-02-25,2025-02-19,Expiré,1923000,115000,Mensuelle,Non,Mobile Money,12
CTR-03090,CLT-0035,PRD-003,AGT-009,AGC-001,2023-09-09,2024-09-03,Expiré,14579000,1312000,Annuelle,Non,Virement bancaire,12
CTR-03091,CLT-0051,PRD-004,AGT-009,AGC-001,2024-05-06,2025-05-01,Expiré,7732000,541000,Annuelle,Non,Virement bancaire,12
CTR-03092,CLT-0347,PRD-004,AGT-037,AGC-006,2024-06-26,2025-06-21,Expiré,8331000,583000,Semestrielle,Non,Mobile Money,12
CTR-03093,CLT-0609,PRD-004,AGT-060,AGC-012,2024-05-26,2025-05-21,Expiré,5126000,359000,Semestrielle,Non,Chèque,12
CTR-03094,CLT-0386,PRD-002,AGT-023,AGC-003,2023-10-30,2024-10-24,Expiré,17309000,1731000,Annuelle,Oui,Mobile Money,12
CTR-03095,CLT-0762,PRD-004,AGT-059,AGC-012,2024-05-06,2025-05-01,Résilié,3094000,217000,Annuelle,Non,Virement bancaire,12
CTR-03096,CLT-0942,PRD-007,AGT-029,AGC-004,2023-03-18,2024-03-12,Expiré,34246000,4110000,Annuelle,Oui,Mobile Money,12
CTR-03097,CLT-0296,PRD-008,AGT-003,AGC-001,2023-04-29,2025-04-18,Expiré,125095000,16262000,Trimestrielle,Oui,Carte bancaire,24
CTR-03098,CLT-0028,PRD-005,AGT-052,AGC-009,2023-06-17,2024-06-11,Expiré,2389000,143000,Mensuelle,Non,Chèque,12
CTR-03099,CLT-0387,PRD-001,AGT-027,AGC-004,2024-08-17,2025-08-12,Expiré,3037000,243000,Annuelle,Oui,Mobile Money,12
CTR-03100,CLT-0447,PRD-003,AGT-034,AGC-005,2024-06-23,2025-06-18,Expiré,6593000,593000,Semestrielle,Non,Mobile Money,12
CTR-03101,CLT-0671,PRD-007,AGT-019,AGC-003,2023-04-26,2025-04-15,Expiré,22658000,2719000,Annuelle,Oui,Virement bancaire,24
CTR-03102,CLT-0956,PRD-003,AGT-053,AGC-010,2025-05-14,2026-05-09,Actif,5173000,466000,Trimestrielle,Non,Mobile Money,12
CTR-03103,CLT-0243,PRD-003,AGT-003,AGC-001,2023-08-16,2024-08-10,Expiré,12999000,1170000,Annuelle,Oui,Carte bancaire,12
CTR-03104,CLT-0940,PRD-005,AGT-058,AGC-011,2025-05-02,2026-04-27,Actif,1031000,62000,Annuelle,Non,Mobile Money,12
CTR-03105,CLT-0997,PRD-002,AGT-044,AGC-007,2023-02-11,2025-01-31,Expiré,5750000,575000,Trimestrielle,Non,Mobile Money,24
CTR-03106,CLT-0117,PRD-003,AGT-022,AGC-003,2024-01-09,2025-01-03,Expiré,9807000,883000,Mensuelle,Non,Chèque,12
CTR-03107,CLT-0298,PRD-003,AGT-052,AGC-009,2023-04-16,2026-03-31,Actif,5261000,473000,Annuelle,Oui,Chèque,36
CTR-03108,CLT-0794,PRD-008,AGT-019,AGC-003,2023-07-27,2024-07-21,Expiré,80759000,10499000,Annuelle,Oui,Mobile Money,12
CTR-03109,CLT-0929,PRD-007,AGT-035,AGC-006,2024-08-07,2025-08-02,Résilié,35188000,4223000,Semestrielle,Non,Espèces,12
CTR-03110,CLT-0414,PRD-008,AGT-029,AGC-004,2024-05-15,2026-05-05,Actif,39391000,5121000,Semestrielle,Oui,Virement bancaire,24
CTR-03111,CLT-0797,PRD-006,AGT-026,AGC-004,2024-04-21,2026-04-11,Actif,13498000,1485000,Annuelle,Oui,Mobile Money,24
CTR-03112,CLT-0595,PRD-005,AGT-026,AGC-004,2025-06-07,2026-06-02,Actif,1394000,84000,Trimestrielle,Oui,Virement bancaire,12
CTR-03113,CLT-0511,PRD-004,AGT-015,AGC-002,2023-01-12,2025-01-01,Expiré,6803000,476000,Annuelle,Oui,Virement bancaire,24
CTR-03114,CLT-0455,PRD-006,AGT-031,AGC-005,2024-09-16,2026-09-06,Actif,19587000,2155000,Semestrielle,Non,Virement bancaire,24
CTR-03115,CLT-0018,PRD-008,AGT-031,AGC-005,2024-12-07,2027-11-22,Actif,45357000,5896000,Trimestrielle,Oui,Mobile Money,36
CTR-03116,CLT-0396,PRD-002,AGT-020,AGC-003,2024-11-17,2025-11-12,Expiré,7999000,800000,Trimestrielle,Oui,Mobile Money,12
CTR-03117,CLT-0565,PRD-007,AGT-057,AGC-011,2023-06-18,2024-06-12,Expiré,37681000,4522000,Semestrielle,Non,Carte bancaire,12
CTR-03118,CLT-0567,PRD-003,AGT-009,AGC-001,2024-11-18,2025-11-13,Expiré,6952000,626000,Mensuelle,Oui,Virement bancaire,12
CTR-03119,CLT-0003,PRD-003,AGT-042,AGC-007,2024-09-25,2026-09-15,Actif,4703000,423000,Annuelle,Non,Chèque,24
CTR-03120,CLT-0035,PRD-006,AGT-040,AGC-007,2023-12-24,2024-12-18,Expiré,5909000,650000,Trimestrielle,Non,Espèces,12
CTR-03121,CLT-0132,PRD-004,AGT-013,AGC-002,2024-07-20,2025-07-15,Expiré,8519000,596000,Annuelle,Non,Chèque,12
CTR-03122,CLT-0230,PRD-003,AGT-055,AGC-010,2025-02-28,2026-02-23,Actif,6465000,582000,Semestrielle,Non,Mobile Money,12
CTR-03123,CLT-0229,PRD-003,AGT-025,AGC-004,2025-06-10,2027-05-31,Actif,11262000,1014000,Annuelle,Non,Mobile Money,24
CTR-03124,CLT-0544,PRD-002,AGT-020,AGC-003,2024-11-30,2027-11-15,Actif,9405000,940000,Annuelle,Non,Carte bancaire,36
CTR-03125,CLT-0952,PRD-001,AGT-019,AGC-003,2024-07-02,2025-06-27,Expiré,2948000,236000,Trimestrielle,Non,Mobile Money,12
CTR-03126,CLT-0957,PRD-003,AGT-024,AGC-003,2023-09-07,2025-08-27,Expiré,8513000,766000,Mensuelle,Oui,Chèque,24
CTR-03127,CLT-0776,PRD-005,AGT-054,AGC-010,2024-11-05,2025-10-31,Résilié,946000,57000,Mensuelle,Non,Virement bancaire,12
CTR-03128,CLT-0823,PRD-006,AGT-039,AGC-006,2024-07-15,2025-07-10,Expiré,23239000,2556000,Trimestrielle,Non,Espèces,12
CTR-03129,CLT-0351,PRD-004,AGT-015,AGC-002,2025-03-14,2026-03-09,Actif,3043000,213000,Mensuelle,Non,Chèque,12
CTR-03130,CLT-0017,PRD-006,AGT-001,AGC-001,2025-03-19,2026-03-14,Actif,24000000,2640000,Semestrielle,Non,Espèces,12
CTR-03131,CLT-0389,PRD-001,AGT-038,AGC-006,2025-02-23,2027-02-13,Actif,1901000,152000,Trimestrielle,Non,Mobile Money,24
CTR-03132,CLT-0448,PRD-001,AGT-035,AGC-006,2024-12-22,2025-12-17,Expiré,2747000,220000,Annuelle,Oui,Mobile Money,12
CTR-03133,CLT-0566,PRD-002,AGT-058,AGC-011,2024-08-24,2025-08-19,Expiré,4185000,418000,Semestrielle,Non,Virement bancaire,12
CTR-03134,CLT-0950,PRD-005,AGT-014,AGC-002,2024-09-30,2025-09-25,Expiré,1066000,64000,Annuelle,Non,Carte bancaire,12
CTR-03135,CLT-0969,PRD-001,AGT-038,AGC-006,2023-08-05,2024-07-30,Expiré,3205000,256000,Trimestrielle,Non,Mobile Money,12
CTR-03136,CLT-0523,PRD-008,AGT-001,AGC-001,2024-06-20,2026-06-10,Actif,32678000,4248000,Annuelle,Oui,Mobile Money,24
CTR-03137,CLT-0659,PRD-005,AGT-016,AGC-002,2024-02-16,2026-02-05,Actif,2142000,129000,Mensuelle,Oui,Espèces,24
CTR-03138,CLT-0366,PRD-002,AGT-055,AGC-010,2024-07-15,2025-07-10,Expiré,13231000,1323000,Annuelle,Non,Mobile Money,12
CTR-03139,CLT-0755,PRD-003,AGT-037,AGC-006,2023-04-17,2024-04-11,Expiré,7518000,677000,Mensuelle,Non,Virement bancaire,12
CTR-03140,CLT-0968,PRD-003,AGT-001,AGC-001,2024-08-27,2025-08-22,Expiré,7776000,700000,Trimestrielle,Non,Virement bancaire,12
CTR-03141,CLT-0229,PRD-007,AGT-014,AGC-002,2024-01-24,2026-01-13,Actif,43968000,5276000,Trimestrielle,Non,Espèces,24
CTR-03142,CLT-0259,PRD-003,AGT-057,AGC-011,2023-06-07,2024-06-01,Expiré,4857000,437000,Trimestrielle,Non,Espèces,12
CTR-03143,CLT-0413,PRD-004,AGT-019,AGC-003,2025-02-27,2027-02-17,Actif,7506000,525000,Semestrielle,Non,Chèque,24
CTR-03144,CLT-0811,PRD-006,AGT-032,AGC-005,2024-05-15,2025-05-10,Expiré,10708000,1178000,Trimestrielle,Oui,Carte bancaire,12
CTR-03145,CLT-0123,PRD-003,AGT-013,AGC-002,2023-04-02,2025-03-22,Expiré,4129000,372000,Annuelle,Non,Espèces,24
CTR-03146,CLT-0961,PRD-008,AGT-005,AGC-001,2024-04-03,2025-03-29,Expiré,30984000,4028000,Annuelle,Oui,Mobile Money,12
CTR-03147,CLT-0441,PRD-002,AGT-059,AGC-012,2024-09-05,2027-08-21,Actif,9010000,901000,Semestrielle,Non,Mobile Money,36
CTR-03148,CLT-0089,PRD-005,AGT-049,AGC-009,2025-05-05,2026-04-30,Actif,2884000,173000,Mensuelle,Non,Virement bancaire,12
CTR-03149,CLT-0497,PRD-007,AGT-004,AGC-001,2025-04-10,2026-04-05,Actif,19617000,2354000,Trimestrielle,Oui,Mobile Money,12
CTR-03150,CLT-0169,PRD-002,AGT-008,AGC-001,2024-11-17,2025-11-12,Expiré,7887000,789000,Mensuelle,Non,Mobile Money,12
CTR-03151,CLT-0866,PRD-006,AGT-012,AGC-002,2024-03-21,2026-03-11,Actif,8807000,969000,Mensuelle,Oui,Mobile Money,24
CTR-03152,CLT-0395,PRD-001,AGT-016,AGC-002,2025-01-07,2026-01-02,Actif,1809000,145000,Annuelle,Non,Carte bancaire,12
CTR-03153,CLT-0369,PRD-003,AGT-051,AGC-009,2023-10-07,2026-09-21,Actif,13449000,1210000,Annuelle,Non,Carte bancaire,36
CTR-03154,CLT-0348,PRD-001,AGT-022,AGC-003,2024-05-30,2026-05-20,Actif,3287000,263000,Annuelle,Oui,Chèque,24
CTR-03155,CLT-0714,PRD-001,AGT-002,AGC-001,2023-06-04,2024-05-29,Expiré,1614000,129000,Semestrielle,Non,Mobile Money,12
CTR-03156,CLT-0543,PRD-008,AGT-041,AGC-007,2023-06-05,2024-05-30,Expiré,53725000,6984000,Trimestrielle,Oui,Mobile Money,12
CTR-03157,CLT-0938,PRD-006,AGT-021,AGC-003,2025-06-22,2027-06-12,Actif,23230000,2555000,Annuelle,Non,Virement bancaire,24
CTR-03158,CLT-0865,PRD-002,AGT-021,AGC-003,2024-10-17,2026-10-07,Actif,10021000,1002000,Mensuelle,Non,Virement bancaire,24
CTR-03159,CLT-0275,PRD-005,AGT-011,AGC-002,2023-07-26,2024-07-20,Expiré,2247000,135000,Annuelle,Oui,Virement bancaire,12
CTR-03160,CLT-0906,PRD-003,AGT-029,AGC-004,2025-06-16,2026-06-11,Actif,11241000,1012000,Semestrielle,Oui,Carte bancaire,12
CTR-03161,CLT-0662,PRD-004,AGT-045,AGC-008,2023-07-15,2024-07-09,Expiré,6992000,489000,Annuelle,Non,Mobile Money,12
CTR-03162,CLT-0612,PRD-001,AGT-010,AGC-002,2023-08-01,2024-07-26,Expiré,2163000,173000,Trimestrielle,Oui,Chèque,12
CTR-03163,CLT-0964,PRD-007,AGT-001,AGC-001,2023-04-18,2024-04-12,Expiré,61250000,7350000,Trimestrielle,Oui,Mobile Money,12
CTR-03164,CLT-0890,PRD-001,AGT-034,AGC-005,2024-06-25,2026-06-15,Actif,6240000,499000,Annuelle,Non,Chèque,24
CTR-03165,CLT-0074,PRD-001,AGT-013,AGC-002,2024-07-30,2025-07-25,Résilié,2758000,221000,Mensuelle,Non,Carte bancaire,12
CTR-03166,CLT-0881,PRD-002,AGT-045,AGC-008,2024-11-20,2025-11-15,Expiré,8001000,800000,Mensuelle,Non,Mobile Money,12
CTR-03167,CLT-0062,PRD-002,AGT-003,AGC-001,2024-02-25,2027-02-09,Actif,9224000,922000,Trimestrielle,Non,Chèque,36
CTR-03168,CLT-0566,PRD-005,AGT-006,AGC-001,2023-04-18,2025-04-07,Expiré,1832000,110000,Annuelle,Non,Chèque,24
CTR-03169,CLT-0102,PRD-008,AGT-047,AGC-008,2023-02-14,2026-01-29,Actif,30595000,3977000,Mensuelle,Oui,Espèces,36
CTR-03170,CLT-0888,PRD-004,AGT-034,AGC-005,2024-05-23,2027-05-08,Actif,2745000,192000,Semestrielle,Oui,Mobile Money,36
CTR-03171,CLT-0039,PRD-004,AGT-032,AGC-005,2023-07-08,2025-06-27,Expiré,5844000,409000,Mensuelle,Non,Mobile Money,24
CTR-03172,CLT-0429,PRD-004,AGT-046,AGC-008,2023-04-27,2024-04-21,Expiré,3582000,251000,Mensuelle,Non,Virement bancaire,12
CTR-03173,CLT-0465,PRD-001,AGT-013,AGC-002,2024-08-15,2025-08-10,Expiré,3610000,289000,Mensuelle,Non,Espèces,12
CTR-03174,CLT-0866,PRD-006,AGT-036,AGC-006,2024-02-12,2026-02-01,Actif,14648000,1611000,Annuelle,Non,Chèque,24
CTR-03175,CLT-0505,PRD-002,AGT-052,AGC-009,2024-09-30,2025-09-25,Expiré,8237000,824000,Mensuelle,Oui,Mobile Money,12
CTR-03176,CLT-0546,PRD-001,AGT-019,AGC-003,2023-06-06,2024-05-31,Résilié,3530000,282000,Semestrielle,Non,Virement bancaire,12
CTR-03177,CLT-0179,PRD-008,AGT-010,AGC-002,2023-04-25,2024-04-19,Expiré,79324000,10312000,Annuelle,Non,Carte bancaire,12
CTR-03178,CLT-0502,PRD-006,AGT-019,AGC-003,2024-10-18,2025-10-13,Expiré,25004000,2750000,Mensuelle,Oui,Mobile Money,12
CTR-03179,CLT-0059,PRD-003,AGT-039,AGC-006,2023-06-27,2025-06-16,Expiré,8142000,733000,Annuelle,Non,Carte bancaire,24
CTR-03180,CLT-0248,PRD-003,AGT-023,AGC-003,2024-10-27,2025-10-22,Expiré,12979000,1168000,Mensuelle,Non,Mobile Money,12
CTR-03181,CLT-0040,PRD-001,AGT-043,AGC-007,2023-02-02,2025-01-22,Expiré,2159000,173000,Mensuelle,Non,Virement bancaire,24
CTR-03182,CLT-0080,PRD-006,AGT-045,AGC-008,2023-10-17,2024-10-11,Expiré,21124000,2324000,Trimestrielle,Oui,Mobile Money,12
CTR-03183,CLT-0019,PRD-001,AGT-007,AGC-001,2023-02-01,2024-01-27,Expiré,2200000,176000,Mensuelle,Non,Espèces,12
CTR-03184,CLT-0870,PRD-008,AGT-003,AGC-001,2025-04-08,2028-03-23,Actif,19092000,2482000,Mensuelle,Non,Mobile Money,36
CTR-03185,CLT-0283,PRD-001,AGT-024,AGC-003,2023-08-21,2024-08-15,Expiré,2525000,202000,Annuelle,Non,Espèces,12
CTR-03186,CLT-0008,PRD-001,AGT-008,AGC-001,2023-05-04,2025-04-23,Expiré,4219000,338000,Mensuelle,Non,Mobile Money,24
CTR-03187,CLT-0113,PRD-005,AGT-037,AGC-006,2023-01-30,2024-01-25,Expiré,2242000,135000,Annuelle,Oui,Carte bancaire,12
CTR-03188,CLT-0423,PRD-006,AGT-046,AGC-008,2024-10-14,2025-10-09,Résilié,37436000,4118000,Trimestrielle,Non,Mobile Money,12
CTR-03189,CLT-0484,PRD-006,AGT-012,AGC-002,2023-09-28,2024-09-22,Expiré,5563000,612000,Annuelle,Non,Chèque,12
CTR-03190,CLT-0803,PRD-006,AGT-025,AGC-004,2023-02-25,2024-02-20,Expiré,13469000,1482000,Semestrielle,Oui,Chèque,12
CTR-03191,CLT-0376,PRD-007,AGT-020,AGC-003,2023-03-25,2025-03-14,Expiré,28360000,3403000,Trimestrielle,Oui,Espèces,24
CTR-03192,CLT-0731,PRD-004,AGT-039,AGC-006,2025-05-17,2027-05-07,Actif,6859000,480000,Trimestrielle,Non,Mobile Money,24
CTR-03193,CLT-0125,PRD-002,AGT-029,AGC-004,2024-10-01,2026-09-21,Actif,10752000,1075000,Annuelle,Non,Espèces,24
CTR-03194,CLT-0836,PRD-006,AGT-049,AGC-009,2024-05-03,2027-04-18,Actif,13955000,1535000,Mensuelle,Non,Mobile Money,36
CTR-03195,CLT-0741,PRD-002,AGT-009,AGC-001,2023-11-16,2026-10-31,Actif,13359000,1336000,Trimestrielle,Non,Espèces,36
CTR-03196,CLT-0689,PRD-008,AGT-023,AGC-003,2024-04-26,2026-04-16,Actif,122556000,15932000,Semestrielle,Oui,Chèque,24
CTR-03197,CLT-0699,PRD-003,AGT-032,AGC-005,2023-11-22,2025-11-11,Expiré,8707000,784000,Mensuelle,Non,Espèces,24
CTR-03198,CLT-0126,PRD-005,AGT-048,AGC-008,2024-02-17,2026-02-06,Actif,497000,30000,Mensuelle,Oui,Virement bancaire,24
CTR-03199,CLT-0038,PRD-001,AGT-038,AGC-006,2023-08-07,2024-08-01,Résilié,4642000,371000,Trimestrielle,Non,Carte bancaire,12
CTR-03200,CLT-0090,PRD-003,AGT-004,AGC-001,2023-11-22,2024-11-16,Expiré,14460000,1301000,Mensuelle,Non,Espèces,12
CTR-03201,CLT-0066,PRD-005,AGT-051,AGC-009,2023-10-25,2025-10-14,Expiré,1890000,113000,Annuelle,Non,Virement bancaire,24
CTR-03202,CLT-0983,PRD-001,AGT-011,AGC-002,2024-03-07,2026-02-25,Actif,2220000,178000,Mensuelle,Non,Chèque,24
CTR-03203,CLT-0725,PRD-008,AGT-002,AGC-001,2023-09-17,2025-09-06,Expiré,80824000,10507000,Annuelle,Non,Espèces,24
CTR-03204,CLT-0932,PRD-006,AGT-004,AGC-001,2025-05-13,2026-05-08,Actif,13509000,1486000,Mensuelle,Non,Virement bancaire,12
CTR-03205,CLT-0816,PRD-001,AGT-057,AGC-011,2024-02-14,2025-02-08,Expiré,4822000,386000,Trimestrielle,Non,Virement bancaire,12
CTR-03206,CLT-0347,PRD-005,AGT-016,AGC-002,2024-02-05,2025-01-30,Expiré,1958000,117000,Mensuelle,Oui,Espèces,12
CTR-03207,CLT-0948,PRD-002,AGT-057,AGC-011,2024-08-17,2026-08-07,Actif,4076000,408000,Trimestrielle,Oui,Carte bancaire,24
CTR-03208,CLT-0106,PRD-001,AGT-054,AGC-010,2024-10-30,2025-10-25,Expiré,3860000,309000,Semestrielle,Non,Carte bancaire,12
CTR-03209,CLT-0648,PRD-001,AGT-038,AGC-006,2024-07-10,2025-07-05,Expiré,3736000,299000,Semestrielle,Non,Virement bancaire,12
CTR-03210,CLT-0329,PRD-003,AGT-018,AGC-003,2024-07-24,2026-07-14,Actif,9323000,839000,Mensuelle,Non,Virement bancaire,24
CTR-03211,CLT-0331,PRD-005,AGT-060,AGC-012,2024-05-15,2025-05-10,Expiré,824000,49000,Trimestrielle,Non,Virement bancaire,12
CTR-03212,CLT-0669,PRD-007,AGT-028,AGC-004,2025-02-16,2027-02-06,Actif,11721000,1407000,Trimestrielle,Non,Mobile Money,24
CTR-03213,CLT-0857,PRD-008,AGT-049,AGC-009,2024-11-12,2026-11-02,Actif,67679000,8798000,Trimestrielle,Non,Mobile Money,24
CTR-03214,CLT-0005,PRD-006,AGT-010,AGC-002,2023-03-26,2026-03-10,Actif,7312000,804000,Trimestrielle,Oui,Virement bancaire,36
CTR-03215,CLT-0459,PRD-002,AGT-006,AGC-001,2023-06-23,2024-06-17,Expiré,15709000,1571000,Mensuelle,Non,Mobile Money,12
CTR-03216,CLT-0944,PRD-004,AGT-029,AGC-004,2023-10-01,2024-09-25,Expiré,4788000,335000,Annuelle,Oui,Virement bancaire,12
CTR-03217,CLT-0621,PRD-005,AGT-054,AGC-010,2023-03-20,2024-03-14,Expiré,499000,30000,Mensuelle,Non,Carte bancaire,12
CTR-03218,CLT-0739,PRD-006,AGT-054,AGC-010,2023-07-01,2025-06-20,Expiré,27461000,3021000,Trimestrielle,Non,Mobile Money,24
CTR-03219,CLT-0754,PRD-006,AGT-009,AGC-001,2025-03-29,2026-03-24,Actif,20243000,2227000,Semestrielle,Oui,Espèces,12
CTR-03220,CLT-0960,PRD-004,AGT-034,AGC-005,2023-06-02,2025-05-22,Résilié,3468000,243000,Annuelle,Non,Espèces,24
CTR-03221,CLT-0400,PRD-004,AGT-001,AGC-001,2025-04-24,2027-04-14,Actif,9432000,660000,Trimestrielle,Non,Carte bancaire,24
CTR-03222,CLT-0440,PRD-001,AGT-008,AGC-001,2024-12-17,2025-12-12,Résilié,1822000,146000,Mensuelle,Non,Espèces,12
CTR-03223,CLT-0669,PRD-006,AGT-013,AGC-002,2023-11-20,2025-11-09,Expiré,14801000,1628000,Annuelle,Oui,Espèces,24
CTR-03224,CLT-0918,PRD-002,AGT-005,AGC-001,2023-07-09,2024-07-03,Expiré,11171000,1117000,Trimestrielle,Oui,Mobile Money,12
CTR-03225,CLT-0068,PRD-005,AGT-031,AGC-005,2023-12-17,2024-12-11,Résilié,1024000,61000,Semestrielle,Non,Virement bancaire,12
CTR-03226,CLT-0868,PRD-006,AGT-010,AGC-002,2025-06-03,2027-05-24,Actif,12283000,1351000,Semestrielle,Non,Mobile Money,24
CTR-03227,CLT-0507,PRD-005,AGT-059,AGC-012,2024-02-09,2025-02-03,Expiré,1375000,82000,Trimestrielle,Non,Espèces,12
CTR-03228,CLT-0534,PRD-006,AGT-002,AGC-001,2023-05-11,2024-05-05,Expiré,11412000,1255000,Annuelle,Oui,Espèces,12
CTR-03229,CLT-0672,PRD-002,AGT-008,AGC-001,2023-12-03,2024-11-27,Résilié,14505000,1450000,Mensuelle,Non,Mobile Money,12
CTR-03230,CLT-0998,PRD-004,AGT-057,AGC-011,2024-12-29,2026-12-19,Actif,2725000,191000,Annuelle,Oui,Espèces,24
CTR-03231,CLT-0234,PRD-007,AGT-055,AGC-010,2024-05-10,2026-04-30,Actif,36186000,4342000,Semestrielle,Oui,Carte bancaire,24
CTR-03232,CLT-0061,PRD-008,AGT-044,AGC-007,2023-11-08,2024-11-02,Résilié,28777000,3741000,Trimestrielle,Non,Chèque,12
CTR-03233,CLT-0999,PRD-003,AGT-055,AGC-010,2023-07-30,2024-07-24,Expiré,5702000,513000,Trimestrielle,Non,Chèque,12
CTR-03234,CLT-0568,PRD-002,AGT-018,AGC-003,2024-06-12,2025-06-07,Résilié,8768000,877000,Trimestrielle,Non,Mobile Money,12
CTR-03235,CLT-0640,PRD-002,AGT-058,AGC-011,2023-11-05,2024-10-30,Expiré,8473000,847000,Mensuelle,Non,Espèces,12
CTR-03236,CLT-0455,PRD-005,AGT-060,AGC-012,2025-06-28,2027-06-18,Actif,809000,49000,Mensuelle,Oui,Mobile Money,24
CTR-03237,CLT-0063,PRD-005,AGT-033,AGC-005,2023-06-23,2024-06-17,Expiré,979000,59000,Trimestrielle,Non,Chèque,12
CTR-03238,CLT-0016,PRD-003,AGT-015,AGC-002,2023-11-26,2025-11-15,Expiré,4562000,411000,Mensuelle,Oui,Virement bancaire,24
CTR-03239,CLT-0684,PRD-001,AGT-029,AGC-004,2025-04-10,2026-04-05,Actif,4590000,367000,Annuelle,Oui,Espèces,12
CTR-03240,CLT-0953,PRD-001,AGT-054,AGC-010,2024-05-18,2025-05-13,Résilié,6366000,509000,Annuelle,Non,Mobile Money,12
CTR-03241,CLT-0754,PRD-003,AGT-027,AGC-004,2024-03-12,2026-03-02,Actif,4204000,378000,Annuelle,Non,Mobile Money,24
CTR-03242,CLT-0762,PRD-001,AGT-048,AGC-008,2024-02-25,2025-02-19,Résilié,1713000,137000,Annuelle,Non,Virement bancaire,12
CTR-03243,CLT-0219,PRD-006,AGT-011,AGC-002,2024-08-09,2026-07-30,Actif,8124000,894000,Mensuelle,Oui,Espèces,24
CTR-03244,CLT-0987,PRD-004,AGT-019,AGC-003,2023-01-27,2024-01-22,Expiré,7085000,496000,Mensuelle,Non,Espèces,12
CTR-03245,CLT-0500,PRD-004,AGT-008,AGC-001,2023-01-09,2024-12-29,Expiré,7292000,510000,Mensuelle,Non,Espèces,24
CTR-03246,CLT-0552,PRD-004,AGT-053,AGC-010,2023-10-21,2026-10-05,Actif,4597000,322000,Trimestrielle,Oui,Carte bancaire,36
CTR-03247,CLT-0401,PRD-002,AGT-014,AGC-002,2023-05-11,2024-05-05,Expiré,11453000,1145000,Trimestrielle,Oui,Carte bancaire,12
CTR-03248,CLT-0329,PRD-001,AGT-020,AGC-003,2025-05-04,2026-04-29,Actif,3812000,305000,Semestrielle,Oui,Mobile Money,12
CTR-03249,CLT-0827,PRD-008,AGT-023,AGC-003,2023-05-03,2024-04-27,Résilié,88996000,11569000,Annuelle,Non,Virement bancaire,12
CTR-03250,CLT-0036,PRD-005,AGT-029,AGC-004,2023-01-24,2025-01-13,Expiré,2446000,147000,Annuelle,Non,Mobile Money,24
CTR-03251,CLT-0583,PRD-005,AGT-048,AGC-008,2024-07-06,2026-06-26,Actif,2363000,142000,Mensuelle,Non,Mobile Money,24
CTR-03252,CLT-0975,PRD-006,AGT-059,AGC-012,2025-04-24,2027-04-14,Actif,12693000,1396000,Mensuelle,Non,Mobile Money,24
CTR-03253,CLT-0057,PRD-008,AGT-035,AGC-006,2024-01-14,2026-12-29,Actif,98926000,12860000,Annuelle,Oui,Mobile Money,36
CTR-03254,CLT-0578,PRD-006,AGT-007,AGC-001,2024-10-23,2025-10-18,Expiré,19726000,2170000,Mensuelle,Non,Chèque,12
CTR-03255,CLT-0074,PRD-002,AGT-011,AGC-002,2023-11-07,2025-10-27,Expiré,9033000,903000,Semestrielle,Oui,Espèces,24
CTR-03256,CLT-0074,PRD-007,AGT-047,AGC-008,2024-03-19,2025-03-14,Expiré,10278000,1233000,Mensuelle,Oui,Mobile Money,12
CTR-03257,CLT-0024,PRD-002,AGT-024,AGC-003,2024-01-03,2024-12-28,Expiré,8227000,823000,Semestrielle,Oui,Mobile Money,12
CTR-03258,CLT-0452,PRD-003,AGT-018,AGC-003,2023-10-16,2026-09-30,Actif,9619000,866000,Annuelle,Non,Mobile Money,36
CTR-03259,CLT-0138,PRD-002,AGT-018,AGC-003,2023-07-17,2024-07-11,Expiré,8820000,882000,Mensuelle,Non,Mobile Money,12
CTR-03260,CLT-0175,PRD-005,AGT-007,AGC-001,2023-12-28,2024-12-22,Expiré,432000,26000,Trimestrielle,Non,Mobile Money,12
CTR-03261,CLT-0024,PRD-002,AGT-001,AGC-001,2024-03-25,2026-03-15,Actif,11437000,1144000,Trimestrielle,Oui,Espèces,24
CTR-03262,CLT-0444,PRD-005,AGT-028,AGC-004,2025-05-27,2027-05-17,Actif,1888000,113000,Mensuelle,Non,Carte bancaire,24
CTR-03263,CLT-0835,PRD-001,AGT-004,AGC-001,2025-03-06,2027-02-24,Actif,3952000,316000,Trimestrielle,Oui,Mobile Money,24
CTR-03264,CLT-0167,PRD-003,AGT-059,AGC-012,2024-02-28,2025-02-22,Résilié,6337000,570000,Semestrielle,Non,Mobile Money,12
CTR-03265,CLT-0780,PRD-008,AGT-026,AGC-004,2023-09-15,2025-09-04,Expiré,64821000,8427000,Trimestrielle,Oui,Carte bancaire,24
CTR-03266,CLT-0888,PRD-001,AGT-046,AGC-008,2025-06-03,2026-05-29,Actif,2464000,197000,Semestrielle,Non,Mobile Money,12
CTR-03267,CLT-0505,PRD-008,AGT-031,AGC-005,2025-03-10,2026-03-05,Actif,71112000,9245000,Semestrielle,Oui,Virement bancaire,12
CTR-03268,CLT-0273,PRD-008,AGT-014,AGC-002,2023-01-21,2025-01-10,Expiré,60430000,7856000,Annuelle,Oui,Mobile Money,24
CTR-03269,CLT-0919,PRD-003,AGT-055,AGC-010,2023-06-08,2025-05-28,Expiré,11897000,1071000,Trimestrielle,Non,Espèces,24
CTR-03270,CLT-0981,PRD-003,AGT-016,AGC-002,2024-11-13,2026-11-03,Actif,15258000,1373000,Mensuelle,Non,Virement bancaire,24
CTR-03271,CLT-0948,PRD-002,AGT-027,AGC-004,2023-09-12,2024-09-06,Expiré,4892000,489000,Trimestrielle,Oui,Espèces,12
CTR-03272,CLT-0130,PRD-007,AGT-032,AGC-005,2024-03-28,2025-03-23,Expiré,31255000,3751000,Annuelle,Non,Virement bancaire,12
CTR-03273,CLT-0084,PRD-004,AGT-032,AGC-005,2023-06-17,2024-06-11,Expiré,4398000,308000,Semestrielle,Non,Espèces,12
CTR-03274,CLT-0446,PRD-007,AGT-025,AGC-004,2024-06-27,2026-06-17,Actif,31023000,3723000,Trimestrielle,Non,Espèces,24
CTR-03275,CLT-0644,PRD-003,AGT-036,AGC-006,2025-03-26,2027-03-16,Actif,12236000,1101000,Annuelle,Non,Mobile Money,24
CTR-03276,CLT-0678,PRD-002,AGT-017,AGC-002,2024-05-03,2027-04-18,Actif,11334000,1133000,Mensuelle,Non,Mobile Money,36
CTR-03277,CLT-0462,PRD-007,AGT-025,AGC-004,2023-05-19,2026-05-03,Actif,59801000,7176000,Semestrielle,Non,Mobile Money,36
CTR-03278,CLT-0986,PRD-002,AGT-030,AGC-005,2024-10-17,2026-10-07,Actif,8967000,897000,Trimestrielle,Non,Mobile Money,24
CTR-03279,CLT-0332,PRD-001,AGT-023,AGC-003,2023-08-10,2024-08-04,Résilié,2435000,195000,Semestrielle,Non,Mobile Money,12
CTR-03280,CLT-0345,PRD-006,AGT-043,AGC-007,2024-02-04,2027-01-19,Actif,35777000,3935000,Mensuelle,Non,Carte bancaire,36
CTR-03281,CLT-0707,PRD-002,AGT-015,AGC-002,2023-01-28,2026-01-12,Actif,11188000,1119000,Annuelle,Non,Virement bancaire,36
CTR-03282,CLT-0165,PRD-003,AGT-041,AGC-007,2024-06-24,2026-06-14,Actif,13707000,1234000,Trimestrielle,Oui,Mobile Money,24
CTR-03283,CLT-0520,PRD-007,AGT-029,AGC-004,2024-08-18,2027-08-03,Actif,52075000,6249000,Semestrielle,Non,Virement bancaire,36
CTR-03284,CLT-0437,PRD-007,AGT-007,AGC-001,2024-03-09,2026-02-27,Actif,37015000,4442000,Mensuelle,Non,Mobile Money,24
CTR-03285,CLT-0698,PRD-007,AGT-012,AGC-002,2024-10-18,2027-10-03,Actif,40003000,4800000,Annuelle,Non,Espèces,36
CTR-03286,CLT-0370,PRD-001,AGT-060,AGC-012,2025-04-01,2026-03-27,Actif,2742000,219000,Annuelle,Non,Mobile Money,12
CTR-03287,CLT-0539,PRD-002,AGT-011,AGC-002,2024-03-06,2027-02-19,Actif,8514000,851000,Mensuelle,Oui,Espèces,36
CTR-03288,CLT-0697,PRD-003,AGT-024,AGC-003,2025-05-06,2027-04-26,Actif,12634000,1137000,Mensuelle,Non,Espèces,24
CTR-03289,CLT-0398,PRD-005,AGT-022,AGC-003,2024-05-02,2025-04-27,Expiré,1421000,85000,Trimestrielle,Oui,Espèces,12
CTR-03290,CLT-0537,PRD-001,AGT-014,AGC-002,2025-04-24,2027-04-14,Actif,1564000,125000,Annuelle,Oui,Mobile Money,24
CTR-03291,CLT-0183,PRD-007,AGT-024,AGC-003,2025-01-03,2025-12-29,Expiré,62893000,7547000,Mensuelle,Oui,Virement bancaire,12
CTR-03292,CLT-0689,PRD-004,AGT-022,AGC-003,2024-09-19,2025-09-14,Expiré,5328000,373000,Trimestrielle,Non,Mobile Money,12
CTR-03293,CLT-0254,PRD-001,AGT-003,AGC-001,2024-07-20,2025-07-15,Expiré,1831000,146000,Trimestrielle,Non,Mobile Money,12
CTR-03294,CLT-0085,PRD-005,AGT-004,AGC-001,2025-04-26,2026-04-21,Actif,2513000,151000,Mensuelle,Non,Mobile Money,12
CTR-03295,CLT-0975,PRD-003,AGT-021,AGC-003,2024-10-23,2025-10-18,Expiré,11993000,1079000,Annuelle,Non,Virement bancaire,12
CTR-03296,CLT-0213,PRD-006,AGT-024,AGC-003,2024-11-23,2026-11-13,Actif,24949000,2744000,Trimestrielle,Non,Mobile Money,24
CTR-03297,CLT-0249,PRD-003,AGT-027,AGC-004,2024-10-04,2025-09-29,Expiré,3645000,328000,Annuelle,Oui,Virement bancaire,12
CTR-03298,CLT-0896,PRD-003,AGT-045,AGC-008,2024-04-09,2025-04-04,Résilié,7812000,703000,Trimestrielle,Non,Chèque,12
CTR-03299,CLT-0338,PRD-003,AGT-008,AGC-001,2024-09-24,2026-09-14,Actif,6335000,570000,Semestrielle,Non,Virement bancaire,24
CTR-03300,CLT-0720,PRD-004,AGT-041,AGC-007,2024-02-09,2027-01-24,Actif,7031000,492000,Trimestrielle,Non,Carte bancaire,36
CTR-03301,CLT-0752,PRD-004,AGT-039,AGC-006,2025-05-02,2026-04-27,Actif,9486000,664000,Annuelle,Non,Chèque,12
CTR-03302,CLT-0454,PRD-001,AGT-027,AGC-004,2024-05-24,2026-05-14,Actif,2842000,227000,Mensuelle,Non,Espèces,24
CTR-03303,CLT-0389,PRD-006,AGT-050,AGC-009,2024-09-03,2025-08-29,Expiré,20888000,2298000,Annuelle,Oui,Mobile Money,12
CTR-03304,CLT-0762,PRD-002,AGT-010,AGC-002,2023-05-25,2024-05-19,Expiré,4620000,462000,Trimestrielle,Non,Espèces,12
CTR-03305,CLT-0071,PRD-001,AGT-047,AGC-008,2023-09-13,2025-09-02,Expiré,2178000,174000,Trimestrielle,Non,Mobile Money,24
CTR-03306,CLT-0946,PRD-001,AGT-036,AGC-006,2025-03-30,2026-03-25,Actif,2071000,166000,Trimestrielle,Non,Chèque,12
CTR-03307,CLT-0678,PRD-001,AGT-055,AGC-010,2023-11-28,2024-11-22,Expiré,3050000,244000,Annuelle,Oui,Carte bancaire,12
CTR-03308,CLT-0489,PRD-001,AGT-002,AGC-001,2024-11-11,2026-11-01,Actif,2463000,197000,Annuelle,Oui,Mobile Money,24
CTR-03309,CLT-0425,PRD-008,AGT-046,AGC-008,2023-01-07,2024-01-02,Expiré,84993000,11049000,Annuelle,Non,Mobile Money,12
CTR-03310,CLT-0465,PRD-002,AGT-052,AGC-009,2025-04-10,2027-03-31,Actif,4354000,435000,Annuelle,Non,Espèces,24
CTR-03311,CLT-0903,PRD-008,AGT-033,AGC-005,2023-06-10,2024-06-04,Expiré,86573000,11254000,Annuelle,Non,Espèces,12
CTR-03312,CLT-0744,PRD-005,AGT-010,AGC-002,2024-03-01,2025-02-24,Expiré,1036000,62000,Semestrielle,Non,Chèque,12
CTR-03313,CLT-0055,PRD-001,AGT-035,AGC-006,2023-10-05,2024-09-29,Expiré,1645000,132000,Trimestrielle,Oui,Espèces,12
CTR-03314,CLT-0571,PRD-006,AGT-001,AGC-001,2023-11-07,2024-11-01,Expiré,11317000,1245000,Mensuelle,Oui,Espèces,12
CTR-03315,CLT-0967,PRD-003,AGT-060,AGC-012,2023-03-01,2025-02-18,Expiré,7875000,709000,Annuelle,Non,Virement bancaire,24
CTR-03316,CLT-0281,PRD-006,AGT-060,AGC-012,2024-05-11,2026-05-01,Actif,13343000,1468000,Mensuelle,Non,Mobile Money,24
CTR-03317,CLT-0913,PRD-003,AGT-008,AGC-001,2023-12-25,2024-12-19,Expiré,6430000,579000,Mensuelle,Oui,Espèces,12
CTR-03318,CLT-0605,PRD-007,AGT-039,AGC-006,2024-02-29,2026-02-18,Actif,49018000,5882000,Trimestrielle,Non,Mobile Money,24
CTR-03319,CLT-0109,PRD-006,AGT-008,AGC-001,2023-04-22,2025-04-11,Expiré,16162000,1778000,Trimestrielle,Non,Mobile Money,24
CTR-03320,CLT-0570,PRD-001,AGT-008,AGC-001,2024-11-18,2026-11-08,Actif,2656000,212000,Mensuelle,Non,Espèces,24
CTR-03321,CLT-0504,PRD-006,AGT-020,AGC-003,2025-06-27,2026-06-22,Actif,10417000,1146000,Annuelle,Oui,Chèque,12
CTR-03322,CLT-0286,PRD-006,AGT-037,AGC-006,2025-02-23,2026-02-18,Actif,13088000,1440000,Mensuelle,Non,Mobile Money,12
CTR-03323,CLT-0717,PRD-003,AGT-006,AGC-001,2025-04-18,2026-04-13,Actif,8259000,743000,Trimestrielle,Non,Carte bancaire,12
CTR-03324,CLT-0182,PRD-003,AGT-017,AGC-002,2023-02-14,2024-02-09,Expiré,7932000,714000,Trimestrielle,Non,Mobile Money,12
CTR-03325,CLT-0896,PRD-008,AGT-007,AGC-001,2024-11-06,2025-11-01,Expiré,15796000,2053000,Mensuelle,Oui,Mobile Money,12
CTR-03326,CLT-0437,PRD-003,AGT-026,AGC-004,2024-09-02,2026-08-23,Actif,12442000,1120000,Semestrielle,Oui,Virement bancaire,24
CTR-03327,CLT-0321,PRD-002,AGT-049,AGC-009,2023-11-27,2024-11-21,Expiré,7459000,746000,Annuelle,Oui,Mobile Money,12
CTR-03328,CLT-0776,PRD-008,AGT-044,AGC-007,2025-06-20,2026-06-15,Actif,82434000,10716000,Semestrielle,Non,Espèces,12
CTR-03329,CLT-0291,PRD-008,AGT-021,AGC-003,2023-04-16,2024-04-10,Expiré,51239000,6661000,Trimestrielle,Non,Mobile Money,12
CTR-03330,CLT-0705,PRD-001,AGT-041,AGC-007,2024-07-20,2026-07-10,Actif,3163000,253000,Mensuelle,Non,Espèces,24
CTR-03331,CLT-0651,PRD-004,AGT-006,AGC-001,2023-06-12,2024-06-06,Expiré,4545000,318000,Mensuelle,Non,Mobile Money,12
CTR-03332,CLT-0849,PRD-003,AGT-059,AGC-012,2024-06-20,2026-06-10,Actif,4227000,380000,Mensuelle,Non,Virement bancaire,24
CTR-03333,CLT-0828,PRD-002,AGT-017,AGC-002,2024-10-05,2026-09-25,Actif,7129000,713000,Trimestrielle,Non,Carte bancaire,24
CTR-03334,CLT-0030,PRD-001,AGT-036,AGC-006,2023-12-17,2025-12-06,Expiré,1713000,137000,Mensuelle,Oui,Espèces,24
CTR-03335,CLT-0573,PRD-004,AGT-008,AGC-001,2025-04-23,2027-04-13,Actif,11442000,801000,Annuelle,Non,Espèces,24
CTR-03336,CLT-0049,PRD-006,AGT-019,AGC-003,2024-04-13,2025-04-08,Résilié,23542000,2590000,Semestrielle,Non,Carte bancaire,12
CTR-03337,CLT-0638,PRD-001,AGT-008,AGC-001,2024-01-23,2026-01-12,Actif,3025000,242000,Annuelle,Non,Mobile Money,24
CTR-03338,CLT-0825,PRD-008,AGT-033,AGC-005,2025-06-13,2027-06-03,Actif,68662000,8926000,Mensuelle,Non,Mobile Money,24
CTR-03339,CLT-0883,PRD-003,AGT-026,AGC-004,2025-04-08,2026-04-03,Actif,7934000,714000,Mensuelle,Oui,Espèces,12
CTR-03340,CLT-0563,PRD-008,AGT-054,AGC-010,2024-09-21,2025-09-16,Expiré,56936000,7402000,Annuelle,Non,Carte bancaire,12
CTR-03341,CLT-0928,PRD-005,AGT-030,AGC-005,2025-04-16,2027-04-06,Actif,3476000,209000,Mensuelle,Non,Espèces,24
CTR-03342,CLT-0058,PRD-008,AGT-038,AGC-006,2024-02-03,2025-01-28,Expiré,36540000,4750000,Annuelle,Non,Carte bancaire,12
CTR-03343,CLT-0774,PRD-007,AGT-030,AGC-005,2025-02-13,2026-02-08,Actif,31530000,3784000,Annuelle,Oui,Carte bancaire,12
CTR-03344,CLT-0732,PRD-003,AGT-044,AGC-007,2024-12-14,2026-12-04,Actif,10545000,949000,Trimestrielle,Non,Virement bancaire,24
CTR-03345,CLT-0870,PRD-005,AGT-029,AGC-004,2025-03-26,2026-03-21,Actif,922000,55000,Annuelle,Non,Virement bancaire,12
CTR-03346,CLT-0970,PRD-002,AGT-031,AGC-005,2023-03-01,2024-02-24,Expiré,7909000,791000,Mensuelle,Non,Carte bancaire,12
CTR-03347,CLT-0436,PRD-002,AGT-004,AGC-001,2023-01-05,2024-12-25,Expiré,6565000,656000,Mensuelle,Non,Carte bancaire,24
CTR-03348,CLT-0917,PRD-005,AGT-057,AGC-011,2024-05-17,2025-05-12,Expiré,2286000,137000,Mensuelle,Non,Mobile Money,12
CTR-03349,CLT-0497,PRD-002,AGT-022,AGC-003,2023-06-18,2024-06-12,Expiré,7555000,756000,Mensuelle,Oui,Espèces,12
CTR-03350,CLT-0711,PRD-001,AGT-025,AGC-004,2023-11-24,2025-11-13,Résilié,1910000,153000,Trimestrielle,Non,Mobile Money,24
CTR-03351,CLT-0083,PRD-001,AGT-022,AGC-003,2024-04-30,2026-04-20,Actif,5920000,474000,Semestrielle,Oui,Espèces,24
CTR-03352,CLT-0887,PRD-005,AGT-044,AGC-007,2024-10-12,2025-10-07,Expiré,1089000,65000,Mensuelle,Oui,Espèces,12
CTR-03353,CLT-0992,PRD-006,AGT-052,AGC-009,2023-09-22,2025-09-11,Expiré,10497000,1155000,Mensuelle,Non,Mobile Money,24
CTR-03354,CLT-0619,PRD-008,AGT-012,AGC-002,2024-04-29,2025-04-24,Expiré,73845000,9600000,Semestrielle,Oui,Chèque,12
CTR-03355,CLT-0272,PRD-003,AGT-029,AGC-004,2023-07-27,2024-07-21,Résilié,16932000,1524000,Mensuelle,Non,Mobile Money,12
CTR-03356,CLT-0050,PRD-003,AGT-007,AGC-001,2023-07-23,2024-07-17,Expiré,3971000,357000,Annuelle,Oui,Espèces,12
CTR-03357,CLT-0489,PRD-002,AGT-049,AGC-009,2023-05-21,2025-05-10,Expiré,10513000,1051000,Annuelle,Non,Mobile Money,24
CTR-03358,CLT-0295,PRD-007,AGT-019,AGC-003,2024-03-13,2025-03-08,Expiré,14202000,1704000,Semestrielle,Oui,Mobile Money,12
CTR-03359,CLT-0993,PRD-004,AGT-047,AGC-008,2024-03-06,2025-03-01,Expiré,2222000,156000,Trimestrielle,Non,Espèces,12
CTR-03360,CLT-0301,PRD-003,AGT-011,AGC-002,2024-06-30,2025-06-25,Expiré,8747000,787000,Mensuelle,Non,Chèque,12
CTR-03361,CLT-0778,PRD-001,AGT-014,AGC-002,2023-06-09,2025-05-29,Expiré,4345000,348000,Trimestrielle,Non,Carte bancaire,24
CTR-03362,CLT-0107,PRD-005,AGT-024,AGC-003,2023-05-29,2024-05-23,Expiré,2253000,135000,Mensuelle,Oui,Espèces,12
CTR-03363,CLT-0797,PRD-002,AGT-048,AGC-008,2024-01-24,2025-01-18,Expiré,4321000,432000,Mensuelle,Non,Espèces,12
CTR-03364,CLT-0165,PRD-003,AGT-029,AGC-004,2024-09-12,2025-09-07,Expiré,9728000,876000,Mensuelle,Oui,Chèque,12
CTR-03365,CLT-0199,PRD-004,AGT-050,AGC-009,2023-07-26,2024-07-20,Résilié,5950000,416000,Mensuelle,Non,Virement bancaire,12
CTR-03366,CLT-0595,PRD-004,AGT-017,AGC-002,2023-02-21,2025-02-10,Expiré,3414000,239000,Trimestrielle,Non,Espèces,24
CTR-03367,CLT-0577,PRD-004,AGT-038,AGC-006,2025-05-09,2026-05-04,Actif,5223000,366000,Semestrielle,Non,Mobile Money,12
CTR-03368,CLT-0666,PRD-001,AGT-022,AGC-003,2024-02-01,2025-01-26,Expiré,4595000,368000,Annuelle,Non,Virement bancaire,12
CTR-03369,CLT-0537,PRD-001,AGT-054,AGC-010,2024-08-25,2025-08-20,Expiré,2072000,166000,Semestrielle,Oui,Mobile Money,12
CTR-03370,CLT-0516,PRD-008,AGT-024,AGC-003,2023-03-18,2025-03-07,Expiré,26759000,3479000,Semestrielle,Oui,Virement bancaire,24
CTR-03371,CLT-0468,PRD-008,AGT-019,AGC-003,2023-05-07,2024-05-01,Expiré,30910000,4018000,Mensuelle,Non,Mobile Money,12
CTR-03372,CLT-0871,PRD-003,AGT-042,AGC-007,2024-06-27,2027-06-12,Actif,11669000,1050000,Annuelle,Oui,Chèque,36
CTR-03373,CLT-0919,PRD-008,AGT-014,AGC-002,2024-03-02,2027-02-15,Actif,38874000,5054000,Semestrielle,Oui,Chèque,36
CTR-03374,CLT-0650,PRD-001,AGT-002,AGC-001,2023-08-10,2024-08-04,Résilié,3907000,313000,Trimestrielle,Non,Mobile Money,12
CTR-03375,CLT-0745,PRD-003,AGT-008,AGC-001,2024-10-12,2026-10-02,Actif,5671000,510000,Trimestrielle,Oui,Virement bancaire,24
CTR-03376,CLT-0863,PRD-006,AGT-019,AGC-003,2024-10-19,2026-10-09,Actif,19121000,2103000,Trimestrielle,Non,Espèces,24
CTR-03377,CLT-0753,PRD-007,AGT-028,AGC-004,2023-01-24,2024-01-19,Résilié,26682000,3202000,Annuelle,Non,Mobile Money,12
CTR-03378,CLT-0974,PRD-005,AGT-017,AGC-002,2023-07-25,2025-07-14,Expiré,826000,50000,Annuelle,Non,Virement bancaire,24
CTR-03379,CLT-0398,PRD-008,AGT-014,AGC-002,2025-01-09,2026-01-04,Actif,29729000,3865000,Annuelle,Oui,Espèces,12
CTR-03380,CLT-0232,PRD-006,AGT-008,AGC-001,2024-02-23,2025-02-17,Expiré,17804000,1958000,Annuelle,Oui,Mobile Money,12
CTR-03381,CLT-0733,PRD-008,AGT-010,AGC-002,2025-02-21,2026-02-16,Actif,48166000,6262000,Annuelle,Oui,Espèces,12
CTR-03382,CLT-0615,PRD-005,AGT-027,AGC-004,2025-05-12,2026-05-07,Actif,1688000,101000,Trimestrielle,Non,Carte bancaire,12
CTR-03383,CLT-0154,PRD-002,AGT-033,AGC-005,2024-02-16,2025-02-10,Expiré,8580000,858000,Trimestrielle,Oui,Espèces,12
CTR-03384,CLT-0736,PRD-003,AGT-030,AGC-005,2024-03-19,2026-03-09,Actif,4187000,377000,Mensuelle,Non,Mobile Money,24
CTR-03385,CLT-0168,PRD-003,AGT-056,AGC-011,2024-07-24,2025-07-19,Expiré,5624000,506000,Mensuelle,Oui,Mobile Money,12
CTR-03386,CLT-0550,PRD-005,AGT-033,AGC-005,2023-05-22,2024-05-16,Expiré,856000,51000,Semestrielle,Non,Espèces,12
CTR-03387,CLT-0423,PRD-007,AGT-059,AGC-012,2023-08-21,2024-08-15,Expiré,37345000,4481000,Semestrielle,Oui,Mobile Money,12
CTR-03388,CLT-0503,PRD-005,AGT-005,AGC-001,2025-05-02,2027-04-22,Actif,654000,39000,Mensuelle,Oui,Mobile Money,24
CTR-03389,CLT-0664,PRD-003,AGT-002,AGC-001,2023-06-02,2025-05-22,Expiré,6424000,578000,Annuelle,Oui,Virement bancaire,24
CTR-03390,CLT-0445,PRD-001,AGT-030,AGC-005,2024-08-03,2027-07-19,Actif,1793000,143000,Mensuelle,Oui,Mobile Money,36
CTR-03391,CLT-0855,PRD-005,AGT-054,AGC-010,2023-12-14,2026-11-28,Actif,2358000,141000,Mensuelle,Non,Mobile Money,36
CTR-03392,CLT-0532,PRD-007,AGT-050,AGC-009,2024-11-01,2026-10-22,Actif,41964000,5036000,Annuelle,Oui,Virement bancaire,24
CTR-03393,CLT-0824,PRD-007,AGT-054,AGC-010,2023-07-05,2025-06-24,Expiré,43261000,5191000,Trimestrielle,Non,Carte bancaire,24
CTR-03394,CLT-0703,PRD-008,AGT-017,AGC-002,2025-03-03,2028-02-16,Actif,26838000,3489000,Trimestrielle,Oui,Carte bancaire,36
CTR-03395,CLT-0923,PRD-003,AGT-053,AGC-010,2025-02-06,2026-02-01,Actif,12743000,1147000,Trimestrielle,Non,Chèque,12
CTR-03396,CLT-0886,PRD-001,AGT-026,AGC-004,2024-11-16,2027-11-01,Actif,2704000,216000,Mensuelle,Oui,Espèces,36
CTR-03397,CLT-0277,PRD-001,AGT-060,AGC-012,2025-03-18,2026-03-13,Actif,2585000,207000,Trimestrielle,Non,Virement bancaire,12
CTR-03398,CLT-0347,PRD-001,AGT-023,AGC-003,2023-12-31,2024-12-25,Expiré,2174000,174000,Trimestrielle,Non,Carte bancaire,12
CTR-03399,CLT-0082,PRD-001,AGT-019,AGC-003,2024-06-04,2025-05-30,Expiré,3377000,270000,Annuelle,Non,Chèque,12
CTR-03400,CLT-0551,PRD-006,AGT-022,AGC-003,2024-10-16,2027-10-01,Actif,14871000,1636000,Annuelle,Oui,Espèces,36
CTR-03401,CLT-0267,PRD-006,AGT-037,AGC-006,2023-06-17,2026-06-01,Actif,24289000,2672000,Annuelle,Non,Espèces,36
CTR-03402,CLT-0234,PRD-001,AGT-052,AGC-009,2023-10-08,2025-09-27,Expiré,3806000,304000,Annuelle,Non,Virement bancaire,24
CTR-03403,CLT-0507,PRD-003,AGT-014,AGC-002,2023-08-21,2024-08-15,Expiré,4746000,427000,Trimestrielle,Non,Mobile Money,12
CTR-03404,CLT-0439,PRD-008,AGT-055,AGC-010,2024-10-20,2026-10-10,Actif,80862000,10512000,Annuelle,Oui,Carte bancaire,24
CTR-03405,CLT-0966,PRD-003,AGT-016,AGC-002,2025-01-06,2026-01-01,Actif,12647000,1138000,Annuelle,Oui,Virement bancaire,12
CTR-03406,CLT-0523,PRD-002,AGT-045,AGC-008,2024-07-30,2026-07-20,Actif,7281000,728000,Annuelle,Non,Carte bancaire,24
CTR-03407,CLT-0023,PRD-001,AGT-034,AGC-005,2023-10-26,2024-10-20,Expiré,3278000,262000,Mensuelle,Non,Mobile Money,12
CTR-03408,CLT-0266,PRD-001,AGT-003,AGC-001,2024-03-09,2025-03-04,Expiré,3616000,289000,Mensuelle,Non,Chèque,12
CTR-03409,CLT-0785,PRD-001,AGT-025,AGC-004,2023-01-02,2023-12-28,Expiré,3473000,278000,Trimestrielle,Non,Carte bancaire,12
CTR-03410,CLT-0542,PRD-006,AGT-015,AGC-002,2024-01-23,2025-01-17,Expiré,7948000,874000,Mensuelle,Non,Chèque,12
CTR-03411,CLT-0282,PRD-001,AGT-049,AGC-009,2024-06-10,2026-05-31,Actif,2950000,236000,Mensuelle,Non,Virement bancaire,24
CTR-03412,CLT-0606,PRD-003,AGT-036,AGC-006,2023-11-27,2026-11-11,Actif,9479000,853000,Annuelle,Non,Carte bancaire,36
CTR-03413,CLT-0635,PRD-001,AGT-025,AGC-004,2023-06-09,2024-06-03,Expiré,1853000,148000,Trimestrielle,Oui,Virement bancaire,12
CTR-03414,CLT-0097,PRD-008,AGT-027,AGC-004,2023-09-20,2024-09-14,Expiré,56522000,7348000,Annuelle,Non,Virement bancaire,12
CTR-03415,CLT-0467,PRD-001,AGT-001,AGC-001,2024-03-30,2025-03-25,Expiré,4564000,365000,Trimestrielle,Oui,Espèces,12
CTR-03416,CLT-0685,PRD-002,AGT-019,AGC-003,2023-09-19,2025-09-08,Résilié,16676000,1668000,Mensuelle,Non,Mobile Money,24
CTR-03417,CLT-0464,PRD-001,AGT-057,AGC-011,2024-09-12,2025-09-07,Expiré,3939000,315000,Semestrielle,Non,Carte bancaire,12
CTR-03418,CLT-0869,PRD-005,AGT-022,AGC-003,2024-05-25,2025-05-20,Expiré,1841000,110000,Semestrielle,Non,Virement bancaire,12
CTR-03419,CLT-0856,PRD-007,AGT-024,AGC-003,2023-04-22,2025-04-11,Expiré,29350000,3522000,Semestrielle,Oui,Virement bancaire,24
CTR-03420,CLT-0690,PRD-002,AGT-027,AGC-004,2024-04-08,2027-03-24,Actif,13391000,1339000,Mensuelle,Oui,Carte bancaire,36
CTR-03421,CLT-0761,PRD-005,AGT-006,AGC-001,2023-04-18,2024-04-12,Expiré,990000,59000,Mensuelle,Non,Carte bancaire,12
CTR-03422,CLT-0557,PRD-007,AGT-059,AGC-012,2024-01-05,2025-12-25,Expiré,19653000,2358000,Annuelle,Oui,Mobile Money,24
CTR-03423,CLT-0964,PRD-006,AGT-004,AGC-001,2024-10-18,2025-10-13,Expiré,27573000,3033000,Semestrielle,Non,Mobile Money,12
CTR-03424,CLT-0098,PRD-007,AGT-023,AGC-003,2023-02-21,2024-02-16,Résilié,60305000,7237000,Annuelle,Non,Espèces,12
CTR-03425,CLT-0542,PRD-003,AGT-039,AGC-006,2024-01-01,2025-12-21,Résilié,11044000,994000,Annuelle,Non,Carte bancaire,24
CTR-03426,CLT-0058,PRD-006,AGT-023,AGC-003,2023-05-09,2026-04-23,Actif,9546000,1050000,Mensuelle,Non,Virement bancaire,36
CTR-03427,CLT-0432,PRD-002,AGT-030,AGC-005,2023-12-05,2026-11-19,Actif,11097000,1110000,Trimestrielle,Non,Virement bancaire,36
CTR-03428,CLT-0175,PRD-006,AGT-029,AGC-004,2025-04-27,2027-04-17,Actif,19178000,2110000,Trimestrielle,Non,Virement bancaire,24
CTR-03429,CLT-0813,PRD-003,AGT-016,AGC-002,2024-06-11,2026-06-01,Actif,10608000,955000,Mensuelle,Oui,Carte bancaire,24
CTR-03430,CLT-0168,PRD-005,AGT-041,AGC-007,2024-07-05,2025-06-30,Résilié,358000,21000,Trimestrielle,Non,Virement bancaire,12
CTR-03431,CLT-0751,PRD-001,AGT-051,AGC-009,2023-09-15,2025-09-04,Expiré,6458000,517000,Semestrielle,Oui,Mobile Money,24
CTR-03432,CLT-0277,PRD-002,AGT-038,AGC-006,2023-06-30,2025-06-19,Expiré,8423000,842000,Semestrielle,Oui,Chèque,24
CTR-03433,CLT-0849,PRD-001,AGT-025,AGC-004,2025-05-14,2026-05-09,Actif,4488000,359000,Semestrielle,Oui,Mobile Money,12
CTR-03434,CLT-0006,PRD-005,AGT-002,AGC-001,2024-07-08,2025-07-03,Expiré,2297000,138000,Annuelle,Non,Espèces,12
CTR-03435,CLT-0545,PRD-003,AGT-001,AGC-001,2024-05-03,2025-04-28,Expiré,6334000,570000,Trimestrielle,Non,Chèque,12
CTR-03436,CLT-0080,PRD-005,AGT-048,AGC-008,2024-12-03,2025-11-28,Expiré,503000,30000,Semestrielle,Non,Mobile Money,12
CTR-03437,CLT-0002,PRD-006,AGT-003,AGC-001,2024-02-06,2026-01-26,Actif,14541000,1600000,Trimestrielle,Oui,Mobile Money,24
CTR-03438,CLT-0865,PRD-005,AGT-048,AGC-008,2024-01-07,2025-12-27,Résilié,1895000,114000,Semestrielle,Non,Mobile Money,24
CTR-03439,CLT-0998,PRD-002,AGT-047,AGC-008,2023-01-03,2023-12-29,Expiré,4168000,417000,Semestrielle,Non,Mobile Money,12
CTR-03440,CLT-0056,PRD-005,AGT-016,AGC-002,2025-02-18,2027-02-08,Actif,558000,33000,Semestrielle,Non,Carte bancaire,24
CTR-03441,CLT-0858,PRD-001,AGT-024,AGC-003,2023-12-09,2024-12-03,Résilié,3120000,250000,Annuelle,Non,Carte bancaire,12
CTR-03442,CLT-0330,PRD-002,AGT-054,AGC-010,2023-06-18,2024-06-12,Expiré,7926000,793000,Semestrielle,Non,Carte bancaire,12
CTR-03443,CLT-0153,PRD-004,AGT-007,AGC-001,2023-04-25,2024-04-19,Expiré,2781000,195000,Trimestrielle,Non,Espèces,12
CTR-03444,CLT-0619,PRD-001,AGT-024,AGC-003,2024-04-15,2025-04-10,Expiré,2442000,195000,Semestrielle,Oui,Virement bancaire,12
CTR-03445,CLT-0876,PRD-005,AGT-021,AGC-003,2024-11-21,2025-11-16,Expiré,2453000,147000,Mensuelle,Non,Chèque,12
CTR-03446,CLT-0397,PRD-005,AGT-032,AGC-005,2024-09-22,2025-09-17,Expiré,627000,38000,Annuelle,Non,Mobile Money,12
CTR-03447,CLT-0526,PRD-005,AGT-029,AGC-004,2023-11-15,2025-11-04,Expiré,1539000,92000,Trimestrielle,Non,Mobile Money,24
CTR-03448,CLT-0222,PRD-003,AGT-039,AGC-006,2025-01-28,2026-01-23,Actif,13580000,1222000,Trimestrielle,Non,Mobile Money,12
CTR-03449,CLT-0515,PRD-002,AGT-040,AGC-007,2025-06-12,2027-06-02,Actif,4286000,429000,Mensuelle,Non,Mobile Money,24
CTR-03450,CLT-0500,PRD-007,AGT-032,AGC-005,2023-01-17,2024-01-12,Résilié,63270000,7592000,Annuelle,Non,Mobile Money,12
CTR-03451,CLT-0464,PRD-007,AGT-040,AGC-007,2023-03-09,2025-02-26,Expiré,58118000,6974000,Mensuelle,Oui,Espèces,24
CTR-03452,CLT-0164,PRD-008,AGT-014,AGC-002,2025-02-09,2027-01-30,Actif,38144000,4959000,Annuelle,Non,Carte bancaire,24
CTR-03453,CLT-0833,PRD-001,AGT-011,AGC-002,2024-03-06,2026-02-24,Actif,1696000,136000,Semestrielle,Oui,Virement bancaire,24
CTR-03454,CLT-0802,PRD-002,AGT-007,AGC-001,2024-10-16,2025-10-11,Résilié,4686000,469000,Mensuelle,Non,Carte bancaire,12
CTR-03455,CLT-0850,PRD-005,AGT-022,AGC-003,2025-01-14,2026-01-09,Actif,831000,50000,Annuelle,Non,Espèces,12
CTR-03456,CLT-0925,PRD-003,AGT-007,AGC-001,2025-01-21,2026-01-16,Actif,10181000,916000,Trimestrielle,Oui,Carte bancaire,12
CTR-03457,CLT-0067,PRD-003,AGT-031,AGC-005,2024-09-23,2025-09-18,Expiré,11792000,1061000,Annuelle,Non,Virement bancaire,12
CTR-03458,CLT-0075,PRD-005,AGT-038,AGC-006,2025-03-19,2027-03-09,Actif,1947000,117000,Trimestrielle,Oui,Chèque,24
CTR-03459,CLT-0981,PRD-005,AGT-039,AGC-006,2023-03-16,2025-03-05,Résilié,1195000,72000,Mensuelle,Non,Carte bancaire,24
CTR-03460,CLT-0437,PRD-007,AGT-018,AGC-003,2024-05-03,2026-04-23,Actif,44242000,5309000,Mensuelle,Non,Chèque,24
CTR-03461,CLT-0420,PRD-007,AGT-029,AGC-004,2023-01-31,2024-01-26,Expiré,58933000,7072000,Mensuelle,Non,Virement bancaire,12
CTR-03462,CLT-0262,PRD-005,AGT-029,AGC-004,2024-12-20,2025-12-15,Expiré,927000,56000,Mensuelle,Oui,Espèces,12
CTR-03463,CLT-0375,PRD-001,AGT-048,AGC-008,2023-04-05,2024-03-30,Expiré,5623000,450000,Mensuelle,Oui,Mobile Money,12
CTR-03464,CLT-0312,PRD-005,AGT-027,AGC-004,2024-10-22,2027-10-07,Actif,1642000,99000,Annuelle,Non,Carte bancaire,36
CTR-03465,CLT-0955,PRD-002,AGT-059,AGC-012,2024-09-05,2025-08-31,Expiré,5090000,509000,Trimestrielle,Non,Mobile Money,12
CTR-03466,CLT-0955,PRD-005,AGT-003,AGC-001,2024-03-29,2027-03-14,Actif,1370000,82000,Mensuelle,Non,Mobile Money,36
CTR-03467,CLT-0314,PRD-007,AGT-009,AGC-001,2023-06-26,2024-06-20,Expiré,28021000,3363000,Mensuelle,Oui,Mobile Money,12
CTR-03468,CLT-0552,PRD-006,AGT-009,AGC-001,2024-10-10,2025-10-05,Expiré,17959000,1975000,Trimestrielle,Oui,Mobile Money,12
CTR-03469,CLT-0103,PRD-005,AGT-018,AGC-003,2023-08-04,2025-07-24,Expiré,1098000,66000,Annuelle,Non,Espèces,24
CTR-03470,CLT-0958,PRD-002,AGT-022,AGC-003,2025-02-15,2026-02-10,Actif,7960000,796000,Trimestrielle,Oui,Espèces,12
CTR-03471,CLT-0328,PRD-001,AGT-059,AGC-012,2023-05-31,2024-05-25,Expiré,2007000,161000,Semestrielle,Non,Carte bancaire,12
CTR-03472,CLT-0495,PRD-006,AGT-054,AGC-010,2024-03-23,2025-03-18,Expiré,8946000,984000,Mensuelle,Oui,Mobile Money,12
CTR-03473,CLT-0266,PRD-007,AGT-015,AGC-002,2025-01-07,2026-01-02,Actif,59951000,7194000,Trimestrielle,Oui,Virement bancaire,12
CTR-03474,CLT-0300,PRD-001,AGT-050,AGC-009,2024-06-15,2025-06-10,Expiré,3357000,269000,Mensuelle,Non,Espèces,12
CTR-03475,CLT-0751,PRD-006,AGT-007,AGC-001,2025-06-16,2027-06-06,Actif,26956000,2965000,Trimestrielle,Oui,Mobile Money,24
CTR-03476,CLT-0223,PRD-003,AGT-027,AGC-004,2023-12-27,2024-12-21,Résilié,7724000,695000,Mensuelle,Non,Mobile Money,12
CTR-03477,CLT-0724,PRD-005,AGT-060,AGC-012,2024-01-18,2026-01-07,Actif,556000,33000,Annuelle,Non,Virement bancaire,24
CTR-03478,CLT-0461,PRD-006,AGT-059,AGC-012,2025-05-05,2026-04-30,Actif,11720000,1289000,Mensuelle,Non,Chèque,12
CTR-03479,CLT-0489,PRD-008,AGT-044,AGC-007,2024-06-05,2026-05-26,Actif,46607000,6059000,Mensuelle,Non,Chèque,24
CTR-03480,CLT-0605,PRD-004,AGT-029,AGC-004,2023-02-01,2025-01-21,Expiré,7945000,556000,Mensuelle,Oui,Chèque,24
CTR-03481,CLT-0564,PRD-006,AGT-003,AGC-001,2024-12-22,2025-12-17,Expiré,9460000,1041000,Semestrielle,Non,Carte bancaire,12
CTR-03482,CLT-0339,PRD-003,AGT-041,AGC-007,2025-02-16,2027-02-06,Actif,12505000,1125000,Annuelle,Non,Mobile Money,24
CTR-03483,CLT-0163,PRD-005,AGT-056,AGC-011,2023-06-23,2024-06-17,Expiré,2229000,134000,Mensuelle,Oui,Mobile Money,12
CTR-03484,CLT-0263,PRD-005,AGT-046,AGC-008,2024-08-25,2025-08-20,Expiré,708000,42000,Trimestrielle,Non,Virement bancaire,12
CTR-03485,CLT-0904,PRD-008,AGT-007,AGC-001,2024-08-06,2025-08-01,Expiré,60391000,7851000,Mensuelle,Oui,Chèque,12
CTR-03486,CLT-0674,PRD-007,AGT-012,AGC-002,2024-09-23,2025-09-18,Expiré,58718000,7046000,Semestrielle,Oui,Espèces,12
CTR-03487,CLT-0711,PRD-002,AGT-028,AGC-004,2025-03-25,2027-03-15,Actif,10002000,1000000,Semestrielle,Oui,Virement bancaire,24
CTR-03488,CLT-0369,PRD-003,AGT-023,AGC-003,2025-02-12,2026-02-07,Actif,5114000,460000,Semestrielle,Non,Mobile Money,12
CTR-03489,CLT-0308,PRD-001,AGT-012,AGC-002,2024-07-14,2025-07-09,Expiré,3863000,309000,Semestrielle,Non,Chèque,12
CTR-03490,CLT-0911,PRD-004,AGT-048,AGC-008,2025-02-19,2026-02-14,Actif,2480000,174000,Mensuelle,Non,Espèces,12
CTR-03491,CLT-0611,PRD-006,AGT-053,AGC-010,2024-12-21,2025-12-16,Expiré,24464000,2691000,Trimestrielle,Non,Mobile Money,12
CTR-03492,CLT-0572,PRD-005,AGT-014,AGC-002,2023-08-03,2025-07-23,Expiré,2425000,146000,Mensuelle,Non,Carte bancaire,24
CTR-03493,CLT-0732,PRD-006,AGT-060,AGC-012,2023-08-06,2025-07-26,Expiré,9473000,1042000,Semestrielle,Non,Espèces,24
CTR-03494,CLT-0945,PRD-004,AGT-046,AGC-008,2024-06-08,2026-05-29,Actif,6889000,482000,Semestrielle,Oui,Mobile Money,24
CTR-03495,CLT-0992,PRD-004,AGT-057,AGC-011,2024-06-08,2026-05-29,Actif,3830000,268000,Mensuelle,Oui,Carte bancaire,24
CTR-03496,CLT-0034,PRD-001,AGT-028,AGC-004,2023-10-13,2024-10-07,Expiré,4839000,387000,Mensuelle,Non,Espèces,12
CTR-03497,CLT-0988,PRD-003,AGT-033,AGC-005,2023-11-13,2024-11-07,Expiré,7643000,688000,Mensuelle,Oui,Mobile Money,12
CTR-03498,CLT-0117,PRD-003,AGT-042,AGC-007,2023-07-01,2025-06-20,Résilié,8927000,803000,Trimestrielle,Non,Mobile Money,24
CTR-03499,CLT-0095,PRD-007,AGT-029,AGC-004,2025-04-11,2026-04-06,Actif,30725000,3687000,Mensuelle,Oui,Mobile Money,12
CTR-03500,CLT-0134,PRD-007,AGT-007,AGC-001,2023-04-02,2024-03-27,Expiré,10484000,1258000,Mensuelle,Oui,Espèces,12
CTR-03501,CLT-0997,PRD-007,AGT-003,AGC-001,2025-02-14,2026-02-09,Actif,26305000,3157000,Mensuelle,Non,Espèces,12
CTR-03502,CLT-0668,PRD-001,AGT-017,AGC-002,2023-02-02,2024-01-28,Résilié,3784000,303000,Semestrielle,Non,Carte bancaire,12
CTR-03503,CLT-0853,PRD-004,AGT-005,AGC-001,2024-02-02,2026-01-22,Actif,2577000,180000,Annuelle,Non,Espèces,24
CTR-03504,CLT-0477,PRD-004,AGT-053,AGC-010,2023-02-07,2025-01-27,Expiré,2340000,164000,Annuelle,Non,Espèces,24
CTR-03505,CLT-0754,PRD-007,AGT-015,AGC-002,2023-08-23,2024-08-17,Expiré,11361000,1363000,Semestrielle,Non,Mobile Money,12
CTR-03506,CLT-0334,PRD-008,AGT-005,AGC-001,2024-01-22,2027-01-06,Actif,51401000,6682000,Annuelle,Oui,Virement bancaire,36
CTR-03507,CLT-0830,PRD-006,AGT-019,AGC-003,2023-08-15,2025-08-04,Expiré,12916000,1421000,Annuelle,Oui,Chèque,24
CTR-03508,CLT-0855,PRD-008,AGT-047,AGC-008,2023-01-01,2023-12-27,Expiré,78186000,10164000,Semestrielle,Oui,Mobile Money,12
CTR-03509,CLT-0346,PRD-002,AGT-031,AGC-005,2025-03-25,2026-03-20,Actif,11281000,1128000,Annuelle,Non,Mobile Money,12
CTR-03510,CLT-0206,PRD-002,AGT-006,AGC-001,2025-06-13,2026-06-08,Actif,9621000,962000,Semestrielle,Oui,Espèces,12
CTR-03511,CLT-0146,PRD-005,AGT-025,AGC-004,2023-04-05,2025-03-25,Expiré,1314000,79000,Trimestrielle,Oui,Espèces,24
CTR-03512,CLT-0851,PRD-006,AGT-014,AGC-002,2025-02-25,2027-02-15,Actif,37084000,4079000,Trimestrielle,Non,Virement bancaire,24
CTR-03513,CLT-0744,PRD-006,AGT-014,AGC-002,2024-10-20,2025-10-15,Expiré,7111000,782000,Semestrielle,Non,Espèces,12
CTR-03514,CLT-0174,PRD-001,AGT-020,AGC-003,2023-04-18,2025-04-07,Expiré,3614000,289000,Mensuelle,Non,Virement bancaire,24
CTR-03515,CLT-0873,PRD-004,AGT-021,AGC-003,2023-12-18,2024-12-12,Résilié,6049000,423000,Mensuelle,Non,Carte bancaire,12
CTR-03516,CLT-0473,PRD-003,AGT-018,AGC-003,2023-10-15,2024-10-09,Résilié,10770000,969000,Semestrielle,Non,Virement bancaire,12
CTR-03517,CLT-0930,PRD-004,AGT-056,AGC-011,2025-01-20,2027-01-10,Actif,6137000,430000,Annuelle,Oui,Carte bancaire,24
CTR-03518,CLT-0572,PRD-007,AGT-036,AGC-006,2023-01-11,2024-01-06,Expiré,62874000,7545000,Annuelle,Non,Espèces,12
CTR-03519,CLT-0031,PRD-007,AGT-023,AGC-003,2023-12-14,2024-12-08,Expiré,47604000,5712000,Mensuelle,Oui,Espèces,12
CTR-03520,CLT-0987,PRD-006,AGT-040,AGC-007,2024-12-03,2027-11-18,Actif,23712000,2608000,Trimestrielle,Non,Espèces,36
CTR-03521,CLT-0304,PRD-003,AGT-018,AGC-003,2024-07-27,2027-07-12,Actif,6251000,563000,Annuelle,Non,Chèque,36
CTR-03522,CLT-0737,PRD-004,AGT-013,AGC-002,2023-11-19,2024-11-13,Résilié,2947000,206000,Trimestrielle,Non,Espèces,12
CTR-03523,CLT-0261,PRD-002,AGT-035,AGC-006,2025-03-13,2027-03-03,Actif,13307000,1331000,Mensuelle,Non,Espèces,24
CTR-03524,CLT-0535,PRD-001,AGT-042,AGC-007,2024-03-28,2025-03-23,Résilié,2964000,237000,Trimestrielle,Non,Espèces,12
CTR-03525,CLT-0061,PRD-006,AGT-003,AGC-001,2024-01-07,2025-01-01,Expiré,28020000,3082000,Mensuelle,Non,Mobile Money,12
CTR-03526,CLT-0096,PRD-003,AGT-012,AGC-002,2024-07-13,2025-07-08,Expiré,8118000,731000,Trimestrielle,Oui,Virement bancaire,12
CTR-03527,CLT-0099,PRD-003,AGT-060,AGC-012,2024-09-20,2025-09-15,Expiré,6218000,560000,Mensuelle,Oui,Espèces,12
CTR-03528,CLT-0210,PRD-002,AGT-052,AGC-009,2024-09-25,2026-09-15,Actif,4827000,483000,Annuelle,Non,Carte bancaire,24
CTR-03529,CLT-0557,PRD-001,AGT-032,AGC-005,2024-03-20,2027-03-05,Actif,1978000,158000,Annuelle,Oui,Mobile Money,36
CTR-03530,CLT-0396,PRD-002,AGT-021,AGC-003,2024-01-21,2025-01-15,Expiré,6845000,684000,Annuelle,Oui,Virement bancaire,12
CTR-03531,CLT-0944,PRD-003,AGT-040,AGC-007,2024-10-26,2026-10-16,Actif,13628000,1227000,Annuelle,Oui,Carte bancaire,24
CTR-03532,CLT-0588,PRD-004,AGT-008,AGC-001,2025-06-22,2026-06-17,Actif,7357000,515000,Trimestrielle,Non,Espèces,12
CTR-03533,CLT-0148,PRD-004,AGT-035,AGC-006,2023-09-14,2024-09-08,Expiré,3072000,215000,Mensuelle,Non,Mobile Money,12
CTR-03534,CLT-0962,PRD-008,AGT-052,AGC-009,2023-12-12,2025-12-01,Expiré,86986000,11308000,Annuelle,Oui,Carte bancaire,24
CTR-03535,CLT-0542,PRD-001,AGT-022,AGC-003,2025-05-26,2026-05-21,Actif,3617000,289000,Mensuelle,Non,Carte bancaire,12
CTR-03536,CLT-0200,PRD-001,AGT-019,AGC-003,2025-06-29,2026-06-24,Actif,3848000,308000,Mensuelle,Oui,Virement bancaire,12
CTR-03537,CLT-0540,PRD-002,AGT-007,AGC-001,2024-10-14,2025-10-09,Expiré,8740000,874000,Annuelle,Non,Virement bancaire,12
CTR-03538,CLT-0663,PRD-001,AGT-001,AGC-001,2025-05-14,2026-05-09,Actif,1855000,148000,Semestrielle,Non,Chèque,12
CTR-03539,CLT-0301,PRD-008,AGT-042,AGC-007,2024-12-24,2025-12-19,Résilié,59332000,7713000,Annuelle,Non,Espèces,12
CTR-03540,CLT-0317,PRD-002,AGT-021,AGC-003,2024-04-27,2025-04-22,Expiré,5965000,596000,Annuelle,Non,Mobile Money,12
CTR-03541,CLT-0821,PRD-003,AGT-029,AGC-004,2023-11-19,2024-11-13,Expiré,4962000,447000,Semestrielle,Non,Mobile Money,12
CTR-03542,CLT-0734,PRD-003,AGT-005,AGC-001,2023-08-22,2024-08-16,Expiré,13437000,1209000,Mensuelle,Non,Virement bancaire,12
CTR-03543,CLT-0042,PRD-003,AGT-020,AGC-003,2024-11-30,2026-11-20,Actif,4311000,388000,Mensuelle,Non,Mobile Money,24
CTR-03544,CLT-0196,PRD-001,AGT-022,AGC-003,2024-10-29,2026-10-19,Actif,2026000,162000,Trimestrielle,Non,Mobile Money,24
CTR-03545,CLT-0712,PRD-004,AGT-038,AGC-006,2023-02-04,2026-01-19,Actif,7672000,537000,Semestrielle,Non,Mobile Money,36
CTR-03546,CLT-0008,PRD-001,AGT-013,AGC-002,2024-03-14,2026-03-04,Actif,4819000,386000,Mensuelle,Non,Mobile Money,24
CTR-03547,CLT-0047,PRD-001,AGT-060,AGC-012,2023-07-17,2024-07-11,Expiré,5431000,434000,Mensuelle,Non,Mobile Money,12
CTR-03548,CLT-0576,PRD-001,AGT-002,AGC-001,2025-01-28,2028-01-13,Actif,3114000,249000,Mensuelle,Non,Mobile Money,36
CTR-03549,CLT-0262,PRD-003,AGT-026,AGC-004,2025-01-20,2026-01-15,Actif,4453000,401000,Trimestrielle,Non,Mobile Money,12
CTR-03550,CLT-0957,PRD-003,AGT-013,AGC-002,2023-03-07,2025-02-24,Expiré,11117000,1001000,Mensuelle,Oui,Mobile Money,24
CTR-03551,CLT-0485,PRD-005,AGT-009,AGC-001,2025-06-08,2027-05-29,Actif,2708000,162000,Trimestrielle,Oui,Espèces,24
CTR-03552,CLT-0306,PRD-004,AGT-022,AGC-003,2025-01-23,2028-01-08,Actif,2728000,191000,Trimestrielle,Non,Mobile Money,36
CTR-03553,CLT-0992,PRD-001,AGT-037,AGC-006,2023-03-12,2024-03-06,Expiré,4129000,330000,Mensuelle,Non,Chèque,12
CTR-03554,CLT-0826,PRD-006,AGT-031,AGC-005,2024-03-18,2025-03-13,Expiré,18850000,2074000,Annuelle,Oui,Mobile Money,12
CTR-03555,CLT-0223,PRD-006,AGT-019,AGC-003,2023-03-22,2024-03-16,Expiré,11670000,1284000,Trimestrielle,Oui,Espèces,12
CTR-03556,CLT-0156,PRD-004,AGT-010,AGC-002,2023-11-09,2024-11-03,Expiré,2627000,184000,Trimestrielle,Non,Virement bancaire,12
CTR-03557,CLT-0284,PRD-004,AGT-038,AGC-006,2023-10-21,2024-10-15,Expiré,3294000,231000,Semestrielle,Non,Chèque,12
CTR-03558,CLT-0569,PRD-007,AGT-013,AGC-002,2025-01-15,2026-01-10,Actif,20758000,2491000,Semestrielle,Non,Carte bancaire,12
CTR-03559,CLT-0800,PRD-004,AGT-032,AGC-005,2023-12-20,2025-12-09,Expiré,3298000,231000,Trimestrielle,Non,Espèces,24
CTR-03560,CLT-0180,PRD-001,AGT-018,AGC-003,2024-02-22,2025-02-16,Expiré,3263000,261000,Semestrielle,Oui,Carte bancaire,12
CTR-03561,CLT-0466,PRD-003,AGT-008,AGC-001,2023-11-14,2024-11-08,Expiré,6154000,554000,Semestrielle,Non,Mobile Money,12
CTR-03562,CLT-0073,PRD-001,AGT-041,AGC-007,2024-08-24,2025-08-19,Expiré,1761000,141000,Semestrielle,Non,Mobile Money,12
CTR-03563,CLT-0649,PRD-002,AGT-037,AGC-006,2024-10-11,2025-10-06,Résilié,11964000,1196000,Annuelle,Non,Carte bancaire,12
CTR-03564,CLT-0989,PRD-008,AGT-017,AGC-002,2024-10-23,2027-10-08,Actif,28032000,3644000,Trimestrielle,Oui,Virement bancaire,36
CTR-03565,CLT-0251,PRD-007,AGT-022,AGC-003,2025-01-16,2026-01-11,Actif,68839000,8261000,Mensuelle,Non,Espèces,12
CTR-03566,CLT-0308,PRD-007,AGT-024,AGC-003,2024-11-26,2025-11-21,Expiré,54469000,6536000,Annuelle,Non,Espèces,12
CTR-03567,CLT-0054,PRD-007,AGT-022,AGC-003,2023-01-31,2024-01-26,Expiré,29286000,3514000,Mensuelle,Oui,Virement bancaire,12
CTR-03568,CLT-0080,PRD-007,AGT-030,AGC-005,2023-09-19,2024-09-13,Expiré,59226000,7107000,Mensuelle,Non,Virement bancaire,12
CTR-03569,CLT-0776,PRD-003,AGT-017,AGC-002,2023-11-11,2024-11-05,Expiré,5569000,501000,Semestrielle,Non,Virement bancaire,12
CTR-03570,CLT-0720,PRD-001,AGT-056,AGC-011,2025-03-27,2026-03-22,Actif,4891000,391000,Trimestrielle,Oui,Carte bancaire,12
CTR-03571,CLT-0626,PRD-007,AGT-035,AGC-006,2024-12-23,2025-12-18,Expiré,52991000,6359000,Trimestrielle,Oui,Mobile Money,12
CTR-03572,CLT-0077,PRD-005,AGT-032,AGC-005,2024-10-21,2025-10-16,Résilié,1190000,71000,Semestrielle,Non,Virement bancaire,12
CTR-03573,CLT-0488,PRD-006,AGT-052,AGC-009,2025-03-10,2026-03-05,Actif,22213000,2443000,Mensuelle,Oui,Mobile Money,12
CTR-03574,CLT-0494,PRD-006,AGT-054,AGC-010,2024-07-30,2025-07-25,Expiré,29167000,3208000,Trimestrielle,Oui,Mobile Money,12
CTR-03575,CLT-0698,PRD-008,AGT-026,AGC-004,2024-03-26,2025-03-21,Expiré,57418000,7464000,Annuelle,Oui,Carte bancaire,12
CTR-03576,CLT-0387,PRD-001,AGT-005,AGC-001,2023-11-29,2024-11-23,Expiré,4465000,357000,Mensuelle,Non,Espèces,12
CTR-03577,CLT-0491,PRD-007,AGT-006,AGC-001,2025-03-19,2028-03-03,Actif,37770000,4532000,Annuelle,Non,Carte bancaire,36
CTR-03578,CLT-0741,PRD-001,AGT-016,AGC-002,2023-08-02,2025-07-22,Expiré,1960000,157000,Trimestrielle,Non,Carte bancaire,24
CTR-03579,CLT-0980,PRD-001,AGT-014,AGC-002,2023-04-03,2025-03-23,Expiré,4622000,370000,Mensuelle,Non,Virement bancaire,24
CTR-03580,CLT-0327,PRD-002,AGT-009,AGC-001,2024-02-28,2026-02-17,Actif,4813000,481000,Trimestrielle,Non,Chèque,24
CTR-03581,CLT-0888,PRD-004,AGT-044,AGC-007,2023-07-31,2025-07-20,Expiré,3257000,228000,Trimestrielle,Oui,Espèces,24
CTR-03582,CLT-0483,PRD-006,AGT-031,AGC-005,2024-01-03,2026-12-18,Actif,8050000,886000,Trimestrielle,Non,Mobile Money,36
CTR-03583,CLT-0328,PRD-003,AGT-026,AGC-004,2024-10-11,2025-10-06,Expiré,3129000,282000,Trimestrielle,Non,Virement bancaire,12
CTR-03584,CLT-0004,PRD-006,AGT-024,AGC-003,2025-06-29,2026-06-24,Actif,11291000,1242000,Semestrielle,Oui,Carte bancaire,12
CTR-03585,CLT-0859,PRD-002,AGT-007,AGC-001,2023-01-07,2024-12-27,Expiré,11425000,1142000,Trimestrielle,Non,Chèque,24
CTR-03586,CLT-0691,PRD-007,AGT-036,AGC-006,2023-03-23,2024-03-17,Expiré,50225000,6027000,Mensuelle,Oui,Mobile Money,12
CTR-03587,CLT-0616,PRD-003,AGT-034,AGC-005,2023-03-28,2024-03-22,Expiré,11286000,1016000,Trimestrielle,Non,Virement bancaire,12
CTR-03588,CLT-0463,PRD-003,AGT-024,AGC-003,2024-01-06,2024-12-31,Expiré,7614000,685000,Annuelle,Oui,Espèces,12
CTR-03589,CLT-0022,PRD-003,AGT-012,AGC-002,2025-04-12,2027-04-02,Actif,10296000,927000,Trimestrielle,Non,Mobile Money,24
CTR-03590,CLT-0744,PRD-001,AGT-040,AGC-007,2024-06-10,2025-06-05,Expiré,3446000,276000,Mensuelle,Oui,Espèces,12
CTR-03591,CLT-0430,PRD-008,AGT-058,AGC-011,2024-03-31,2025-03-26,Expiré,90477000,11762000,Annuelle,Oui,Carte bancaire,12
CTR-03592,CLT-0888,PRD-003,AGT-003,AGC-001,2023-06-11,2025-05-31,Résilié,6837000,615000,Mensuelle,Non,Virement bancaire,24
CTR-03593,CLT-0299,PRD-002,AGT-056,AGC-011,2024-12-03,2025-11-28,Expiré,6197000,620000,Trimestrielle,Non,Carte bancaire,12
CTR-03594,CLT-0622,PRD-005,AGT-001,AGC-001,2024-05-01,2025-04-26,Expiré,2020000,121000,Semestrielle,Non,Espèces,12
CTR-03595,CLT-0256,PRD-001,AGT-038,AGC-006,2023-12-23,2024-12-17,Expiré,2193000,175000,Semestrielle,Non,Mobile Money,12
CTR-03596,CLT-0989,PRD-006,AGT-013,AGC-002,2024-02-13,2025-02-07,Expiré,15422000,1696000,Trimestrielle,Oui,Virement bancaire,12
CTR-03597,CLT-0710,PRD-005,AGT-041,AGC-007,2023-10-05,2025-09-24,Expiré,780000,47000,Trimestrielle,Oui,Mobile Money,24
CTR-03598,CLT-0799,PRD-003,AGT-059,AGC-012,2023-01-31,2025-01-20,Expiré,7622000,686000,Mensuelle,Oui,Virement bancaire,24
CTR-03599,CLT-0905,PRD-005,AGT-053,AGC-010,2024-07-27,2027-07-12,Actif,1462000,88000,Semestrielle,Non,Mobile Money,36
CTR-03600,CLT-0286,PRD-008,AGT-016,AGC-002,2024-02-01,2025-01-26,Expiré,54068000,7029000,Semestrielle,Non,Virement bancaire,12
CTR-03601,CLT-0617,PRD-007,AGT-028,AGC-004,2024-06-14,2025-06-09,Expiré,13936000,1672000,Mensuelle,Non,Virement bancaire,12
CTR-03602,CLT-0332,PRD-004,AGT-044,AGC-007,2023-10-20,2025-10-09,Expiré,7530000,527000,Mensuelle,Oui,Mobile Money,24
CTR-03603,CLT-0464,PRD-001,AGT-015,AGC-002,2025-01-13,2026-01-08,Actif,4221000,338000,Semestrielle,Oui,Mobile Money,12
CTR-03604,CLT-0848,PRD-005,AGT-032,AGC-005,2023-02-26,2024-02-21,Résilié,2219000,133000,Mensuelle,Non,Espèces,12
CTR-03605,CLT-0259,PRD-003,AGT-008,AGC-001,2024-07-13,2025-07-08,Expiré,13586000,1223000,Trimestrielle,Oui,Chèque,12
CTR-03606,CLT-0624,PRD-005,AGT-035,AGC-006,2024-07-27,2026-07-17,Actif,1361000,82000,Trimestrielle,Non,Carte bancaire,24
CTR-03607,CLT-0481,PRD-003,AGT-004,AGC-001,2025-05-08,2027-04-28,Actif,10535000,948000,Trimestrielle,Non,Chèque,24
CTR-03608,CLT-0858,PRD-005,AGT-060,AGC-012,2024-12-09,2026-11-29,Actif,2001000,120000,Annuelle,Non,Espèces,24
CTR-03609,CLT-0491,PRD-006,AGT-007,AGC-001,2023-07-05,2024-06-29,Expiré,19696000,2167000,Trimestrielle,Non,Mobile Money,12
CTR-03610,CLT-0239,PRD-006,AGT-048,AGC-008,2023-08-01,2025-07-21,Expiré,5207000,573000,Semestrielle,Oui,Mobile Money,24
CTR-03611,CLT-0311,PRD-005,AGT-033,AGC-005,2023-11-07,2024-11-01,Expiré,1172000,70000,Mensuelle,Non,Mobile Money,12
CTR-03612,CLT-0032,PRD-006,AGT-014,AGC-002,2023-10-03,2026-09-17,Actif,21057000,2316000,Annuelle,Non,Virement bancaire,36
CTR-03613,CLT-0295,PRD-001,AGT-008,AGC-001,2024-01-25,2025-01-19,Résilié,3783000,303000,Annuelle,Non,Virement bancaire,12
CTR-03614,CLT-0885,PRD-004,AGT-014,AGC-002,2024-06-03,2025-05-29,Expiré,2165000,152000,Mensuelle,Non,Espèces,12
CTR-03615,CLT-0253,PRD-007,AGT-014,AGC-002,2024-10-10,2025-10-05,Expiré,40950000,4914000,Mensuelle,Non,Espèces,12
CTR-03616,CLT-0174,PRD-007,AGT-015,AGC-002,2023-05-17,2025-05-06,Expiré,23619000,2834000,Annuelle,Non,Virement bancaire,24
CTR-03617,CLT-0335,PRD-004,AGT-012,AGC-002,2024-04-18,2025-04-13,Expiré,7919000,554000,Mensuelle,Non,Mobile Money,12
CTR-03618,CLT-0940,PRD-006,AGT-050,AGC-009,2025-04-03,2026-03-29,Actif,9780000,1076000,Annuelle,Oui,Virement bancaire,12
CTR-03619,CLT-0927,PRD-001,AGT-005,AGC-001,2023-09-20,2025-09-09,Expiré,7323000,586000,Annuelle,Oui,Virement bancaire,24
CTR-03620,CLT-0968,PRD-001,AGT-032,AGC-005,2023-02-24,2025-02-13,Expiré,1549000,124000,Trimestrielle,Oui,Virement bancaire,24
CTR-03621,CLT-0961,PRD-007,AGT-026,AGC-004,2024-11-15,2025-11-10,Expiré,77500000,9300000,Semestrielle,Oui,Mobile Money,12
CTR-03622,CLT-0718,PRD-007,AGT-021,AGC-003,2025-02-04,2026-01-30,Actif,50910000,6109000,Mensuelle,Non,Carte bancaire,12
CTR-03623,CLT-0288,PRD-006,AGT-023,AGC-003,2023-06-27,2024-06-21,Expiré,6036000,664000,Annuelle,Non,Carte bancaire,12
CTR-03624,CLT-0633,PRD-001,AGT-059,AGC-012,2023-11-04,2025-10-24,Résilié,4937000,395000,Trimestrielle,Non,Carte bancaire,24
CTR-03625,CLT-0269,PRD-007,AGT-023,AGC-003,2025-04-18,2026-04-13,Actif,51470000,6176000,Annuelle,Non,Carte bancaire,12
CTR-03626,CLT-0663,PRD-001,AGT-044,AGC-007,2023-03-28,2025-03-17,Expiré,4851000,388000,Annuelle,Non,Mobile Money,24
CTR-03627,CLT-0342,PRD-007,AGT-014,AGC-002,2025-03-04,2026-02-27,Actif,43633000,5236000,Trimestrielle,Non,Virement bancaire,12
CTR-03628,CLT-0019,PRD-003,AGT-053,AGC-010,2024-11-16,2025-11-11,Expiré,11059000,995000,Mensuelle,Oui,Virement bancaire,12
CTR-03629,CLT-0080,PRD-001,AGT-018,AGC-003,2024-11-08,2026-10-29,Actif,3008000,241000,Annuelle,Oui,Virement bancaire,24
CTR-03630,CLT-0790,PRD-004,AGT-017,AGC-002,2023-06-09,2024-06-03,Expiré,5897000,413000,Mensuelle,Oui,Mobile Money,12
CTR-03631,CLT-0990,PRD-006,AGT-047,AGC-008,2025-05-03,2027-04-23,Actif,19356000,2129000,Mensuelle,Non,Espèces,24
CTR-03632,CLT-0599,PRD-008,AGT-046,AGC-008,2023-04-21,2024-04-15,Résilié,23733000,3085000,Trimestrielle,Non,Mobile Money,12
CTR-03633,CLT-0016,PRD-007,AGT-019,AGC-003,2024-08-18,2025-08-13,Expiré,47950000,5754000,Annuelle,Non,Mobile Money,12
CTR-03634,CLT-0191,PRD-006,AGT-007,AGC-001,2023-05-26,2024-05-20,Expiré,15061000,1657000,Semestrielle,Non,Chèque,12
CTR-03635,CLT-0743,PRD-008,AGT-047,AGC-008,2024-09-13,2025-09-08,Expiré,40883000,5315000,Trimestrielle,Non,Mobile Money,12
CTR-03636,CLT-0830,PRD-002,AGT-014,AGC-002,2023-08-01,2024-07-26,Expiré,6809000,681000,Trimestrielle,Non,Mobile Money,12
CTR-03637,CLT-0456,PRD-004,AGT-026,AGC-004,2025-03-15,2027-03-05,Actif,12908000,904000,Annuelle,Oui,Mobile Money,24
CTR-03638,CLT-0185,PRD-006,AGT-050,AGC-009,2024-09-10,2025-09-05,Expiré,22530000,2478000,Semestrielle,Oui,Mobile Money,12
CTR-03639,CLT-0371,PRD-005,AGT-034,AGC-005,2023-10-27,2024-10-21,Expiré,1822000,109000,Trimestrielle,Oui,Mobile Money,12
CTR-03640,CLT-0890,PRD-003,AGT-038,AGC-006,2024-10-17,2025-10-12,Résilié,20999000,1890000,Trimestrielle,Non,Chèque,12
CTR-03641,CLT-0827,PRD-005,AGT-022,AGC-003,2024-04-07,2026-03-28,Actif,418000,25000,Annuelle,Non,Virement bancaire,24
CTR-03642,CLT-0036,PRD-004,AGT-055,AGC-010,2023-05-10,2024-05-04,Expiré,8260000,578000,Annuelle,Non,Chèque,12
CTR-03643,CLT-0214,PRD-004,AGT-037,AGC-006,2024-06-29,2025-06-24,Résilié,3331000,233000,Mensuelle,Non,Espèces,12
CTR-03644,CLT-0645,PRD-006,AGT-051,AGC-009,2023-01-14,2025-01-03,Expiré,7025000,773000,Annuelle,Non,Virement bancaire,24
CTR-03645,CLT-0767,PRD-005,AGT-003,AGC-001,2023-03-01,2025-02-18,Expiré,1374000,82000,Semestrielle,Oui,Virement bancaire,24
CTR-03646,CLT-0753,PRD-003,AGT-047,AGC-008,2023-05-09,2025-04-28,Expiré,10663000,960000,Trimestrielle,Non,Mobile Money,24
CTR-03647,CLT-0496,PRD-001,AGT-004,AGC-001,2023-12-21,2024-12-15,Expiré,2783000,223000,Semestrielle,Non,Mobile Money,12
CTR-03648,CLT-0109,PRD-008,AGT-053,AGC-010,2023-01-12,2025-01-01,Expiré,43969000,5716000,Trimestrielle,Non,Espèces,24
CTR-03649,CLT-0339,PRD-001,AGT-030,AGC-005,2023-03-02,2025-02-19,Expiré,1743000,139000,Annuelle,Non,Virement bancaire,24
CTR-03650,CLT-0275,PRD-002,AGT-007,AGC-001,2023-01-25,2025-01-14,Expiré,10859000,1086000,Trimestrielle,Oui,Espèces,24
CTR-03651,CLT-0134,PRD-007,AGT-014,AGC-002,2023-10-15,2024-10-09,Expiré,12412000,1489000,Trimestrielle,Oui,Chèque,12
CTR-03652,CLT-0243,PRD-004,AGT-022,AGC-003,2025-06-25,2027-06-15,Actif,4317000,302000,Mensuelle,Oui,Espèces,24
CTR-03653,CLT-0165,PRD-007,AGT-005,AGC-001,2024-04-27,2026-04-17,Actif,68697000,8244000,Mensuelle,Oui,Espèces,24
CTR-03654,CLT-0098,PRD-003,AGT-043,AGC-007,2023-10-05,2024-09-29,Résilié,9943000,895000,Trimestrielle,Non,Virement bancaire,12
CTR-03655,CLT-0466,PRD-006,AGT-018,AGC-003,2025-06-26,2026-06-21,Actif,23690000,2606000,Trimestrielle,Oui,Virement bancaire,12
CTR-03656,CLT-0649,PRD-004,AGT-042,AGC-007,2025-02-25,2026-02-20,Actif,6222000,436000,Annuelle,Oui,Carte bancaire,12
CTR-03657,CLT-0780,PRD-005,AGT-031,AGC-005,2025-01-30,2027-01-20,Actif,1363000,82000,Semestrielle,Non,Mobile Money,24
CTR-03658,CLT-0167,PRD-002,AGT-001,AGC-001,2023-10-23,2024-10-17,Expiré,6117000,612000,Mensuelle,Oui,Carte bancaire,12
CTR-03659,CLT-0179,PRD-001,AGT-025,AGC-004,2023-01-03,2023-12-29,Expiré,5065000,405000,Mensuelle,Oui,Mobile Money,12
CTR-03660,CLT-0832,PRD-006,AGT-032,AGC-005,2025-03-19,2027-03-09,Actif,23970000,2637000,Mensuelle,Oui,Espèces,24
CTR-03661,CLT-0483,PRD-007,AGT-004,AGC-001,2023-02-23,2024-02-18,Résilié,42910000,5149000,Mensuelle,Non,Carte bancaire,12
CTR-03662,CLT-0180,PRD-008,AGT-058,AGC-011,2023-09-12,2025-09-01,Expiré,83016000,10792000,Semestrielle,Non,Mobile Money,24
CTR-03663,CLT-0956,PRD-008,AGT-045,AGC-008,2024-07-02,2026-06-22,Actif,53664000,6976000,Semestrielle,Oui,Espèces,24
CTR-03664,CLT-0791,PRD-003,AGT-005,AGC-001,2024-12-19,2026-12-09,Actif,3721000,335000,Semestrielle,Non,Carte bancaire,24
CTR-03665,CLT-0945,PRD-004,AGT-003,AGC-001,2024-03-31,2025-03-26,Expiré,2740000,192000,Annuelle,Non,Chèque,12
CTR-03666,CLT-0872,PRD-005,AGT-021,AGC-003,2024-03-15,2027-02-28,Actif,2308000,138000,Trimestrielle,Oui,Chèque,36
CTR-03667,CLT-0496,PRD-002,AGT-035,AGC-006,2023-03-16,2024-03-10,Expiré,11488000,1149000,Trimestrielle,Non,Mobile Money,12
CTR-03668,CLT-0430,PRD-008,AGT-049,AGC-009,2023-10-25,2024-10-19,Expiré,96926000,12600000,Trimestrielle,Non,Virement bancaire,12
CTR-03669,CLT-0197,PRD-005,AGT-012,AGC-002,2023-12-18,2024-12-12,Expiré,2336000,140000,Annuelle,Non,Virement bancaire,12
CTR-03670,CLT-0504,PRD-006,AGT-046,AGC-008,2024-11-27,2026-11-17,Actif,12479000,1373000,Annuelle,Oui,Espèces,24
CTR-03671,CLT-0743,PRD-001,AGT-036,AGC-006,2024-11-03,2025-10-29,Résilié,1849000,148000,Semestrielle,Non,Espèces,12
CTR-03672,CLT-0630,PRD-003,AGT-035,AGC-006,2024-11-26,2025-11-21,Expiré,3920000,353000,Annuelle,Non,Virement bancaire,12
CTR-03673,CLT-0969,PRD-003,AGT-036,AGC-006,2023-05-25,2024-05-19,Expiré,8852000,797000,Trimestrielle,Non,Virement bancaire,12
CTR-03674,CLT-0078,PRD-006,AGT-023,AGC-003,2024-09-15,2027-08-31,Actif,11891000,1308000,Annuelle,Non,Mobile Money,36
CTR-03675,CLT-0797,PRD-004,AGT-016,AGC-002,2023-05-09,2026-04-23,Actif,8916000,624000,Semestrielle,Non,Chèque,36
CTR-03676,CLT-0793,PRD-001,AGT-011,AGC-002,2023-11-25,2025-11-14,Expiré,3560000,285000,Annuelle,Non,Espèces,24
CTR-03677,CLT-0994,PRD-008,AGT-027,AGC-004,2023-03-27,2025-03-16,Expiré,84829000,11028000,Semestrielle,Oui,Mobile Money,24
CTR-03678,CLT-0330,PRD-003,AGT-009,AGC-001,2024-05-25,2025-05-20,Expiré,12087000,1088000,Mensuelle,Non,Espèces,12
CTR-03679,CLT-0924,PRD-006,AGT-007,AGC-001,2024-04-19,2025-04-14,Expiré,15736000,1731000,Mensuelle,Non,Virement bancaire,12
CTR-03680,CLT-0293,PRD-004,AGT-004,AGC-001,2023-05-24,2024-05-18,Expiré,4113000,288000,Semestrielle,Non,Chèque,12
CTR-03681,CLT-0177,PRD-004,AGT-021,AGC-003,2024-11-19,2025-11-14,Expiré,2932000,205000,Mensuelle,Oui,Carte bancaire,12
CTR-03682,CLT-0387,PRD-001,AGT-026,AGC-004,2023-08-17,2024-08-11,Résilié,2682000,215000,Mensuelle,Non,Virement bancaire,12
CTR-03683,CLT-0974,PRD-007,AGT-054,AGC-010,2024-02-17,2025-02-11,Expiré,60050000,7206000,Annuelle,Non,Virement bancaire,12
CTR-03684,CLT-0268,PRD-008,AGT-027,AGC-004,2025-01-02,2025-12-28,Expiré,37751000,4908000,Trimestrielle,Non,Carte bancaire,12
CTR-03685,CLT-0963,PRD-006,AGT-019,AGC-003,2023-03-10,2024-03-04,Expiré,7086000,779000,Semestrielle,Oui,Virement bancaire,12
CTR-03686,CLT-0305,PRD-003,AGT-035,AGC-006,2024-12-29,2026-12-19,Actif,6925000,623000,Trimestrielle,Non,Carte bancaire,24
CTR-03687,CLT-0267,PRD-005,AGT-040,AGC-007,2024-05-11,2025-05-06,Expiré,1311000,79000,Mensuelle,Non,Virement bancaire,12
CTR-03688,CLT-0122,PRD-001,AGT-021,AGC-003,2024-07-02,2026-06-22,Actif,3643000,291000,Trimestrielle,Non,Virement bancaire,24
CTR-03689,CLT-0895,PRD-006,AGT-057,AGC-011,2023-05-10,2024-05-04,Résilié,20139000,2215000,Trimestrielle,Non,Mobile Money,12
CTR-03690,CLT-0016,PRD-005,AGT-053,AGC-010,2023-11-13,2024-11-07,Expiré,2125000,128000,Mensuelle,Non,Mobile Money,12
CTR-03691,CLT-0106,PRD-005,AGT-030,AGC-005,2023-02-03,2025-01-23,Expiré,2007000,120000,Semestrielle,Non,Virement bancaire,24
CTR-03692,CLT-0909,PRD-001,AGT-009,AGC-001,2025-04-19,2027-04-09,Actif,4792000,383000,Mensuelle,Oui,Virement bancaire,24
CTR-03693,CLT-0917,PRD-006,AGT-036,AGC-006,2024-04-14,2025-04-09,Expiré,13849000,1523000,Mensuelle,Non,Mobile Money,12
CTR-03694,CLT-0663,PRD-004,AGT-024,AGC-003,2025-05-03,2027-04-23,Actif,7831000,548000,Trimestrielle,Oui,Mobile Money,24
CTR-03695,CLT-0584,PRD-008,AGT-010,AGC-002,2024-11-03,2025-10-29,Expiré,105417000,13704000,Semestrielle,Non,Espèces,12
CTR-03696,CLT-0580,PRD-005,AGT-051,AGC-009,2025-04-27,2026-04-22,Actif,1659000,100000,Semestrielle,Non,Mobile Money,12
CTR-03697,CLT-0159,PRD-005,AGT-016,AGC-002,2023-09-15,2024-09-09,Résilié,1708000,102000,Semestrielle,Non,Chèque,12
CTR-03698,CLT-0538,PRD-001,AGT-009,AGC-001,2025-06-18,2026-06-13,Actif,2969000,238000,Mensuelle,Non,Espèces,12
CTR-03699,CLT-0009,PRD-003,AGT-030,AGC-005,2025-06-02,2026-05-28,Actif,14834000,1335000,Semestrielle,Oui,Espèces,12
CTR-03700,CLT-0341,PRD-008,AGT-019,AGC-003,2024-07-13,2027-06-28,Actif,79895000,10386000,Semestrielle,Non,Carte bancaire,36
CTR-03701,CLT-0672,PRD-007,AGT-004,AGC-001,2023-01-11,2024-01-06,Expiré,79827000,9579000,Annuelle,Oui,Virement bancaire,12
CTR-03702,CLT-0175,PRD-008,AGT-017,AGC-002,2024-01-23,2027-01-07,Actif,44369000,5768000,Mensuelle,Oui,Mobile Money,36
CTR-03703,CLT-0714,PRD-001,AGT-034,AGC-005,2023-03-02,2024-02-25,Résilié,3876000,310000,Mensuelle,Non,Virement bancaire,12
CTR-03704,CLT-0635,PRD-005,AGT-051,AGC-009,2025-05-19,2027-05-09,Actif,640000,38000,Mensuelle,Non,Mobile Money,24
CTR-03705,CLT-0873,PRD-002,AGT-033,AGC-005,2023-07-25,2024-07-19,Expiré,9094000,909000,Semestrielle,Non,Mobile Money,12
CTR-03706,CLT-0332,PRD-003,AGT-003,AGC-001,2025-02-28,2027-02-18,Actif,5756000,518000,Trimestrielle,Oui,Mobile Money,24
CTR-03707,CLT-0357,PRD-003,AGT-059,AGC-012,2023-09-26,2024-09-20,Expiré,9188000,827000,Annuelle,Non,Espèces,12
CTR-03708,CLT-0615,PRD-001,AGT-017,AGC-002,2024-01-10,2025-01-04,Expiré,2024000,162000,Mensuelle,Non,Virement bancaire,12
CTR-03709,CLT-0686,PRD-006,AGT-060,AGC-012,2023-03-08,2024-03-02,Expiré,17544000,1930000,Mensuelle,Oui,Mobile Money,12
CTR-03710,CLT-0800,PRD-008,AGT-030,AGC-005,2023-10-09,2024-10-03,Expiré,55606000,7229000,Semestrielle,Non,Virement bancaire,12
CTR-03711,CLT-0124,PRD-003,AGT-005,AGC-001,2023-12-12,2025-12-01,Expiré,11864000,1068000,Mensuelle,Oui,Carte bancaire,24
CTR-03712,CLT-0591,PRD-007,AGT-022,AGC-003,2025-03-09,2026-03-04,Actif,36472000,4377000,Annuelle,Non,Chèque,12
CTR-03713,CLT-0506,PRD-005,AGT-059,AGC-012,2024-07-24,2026-07-14,Actif,449000,27000,Mensuelle,Non,Virement bancaire,24
CTR-03714,CLT-0510,PRD-002,AGT-015,AGC-002,2024-04-02,2025-03-28,Expiré,17002000,1700000,Trimestrielle,Oui,Carte bancaire,12
CTR-03715,CLT-0715,PRD-006,AGT-054,AGC-010,2024-05-27,2025-05-22,Expiré,10371000,1141000,Semestrielle,Non,Espèces,12
CTR-03716,CLT-0348,PRD-005,AGT-031,AGC-005,2025-03-10,2026-03-05,Actif,2186000,131000,Mensuelle,Non,Virement bancaire,12
CTR-03717,CLT-0700,PRD-002,AGT-025,AGC-004,2023-01-05,2023-12-31,Résilié,4929000,493000,Semestrielle,Non,Mobile Money,12
CTR-03718,CLT-0667,PRD-003,AGT-005,AGC-001,2025-03-10,2026-03-05,Actif,10458000,941000,Annuelle,Non,Virement bancaire,12
CTR-03719,CLT-0920,PRD-001,AGT-017,AGC-002,2024-05-11,2025-05-06,Expiré,4834000,387000,Annuelle,Non,Mobile Money,12
CTR-03720,CLT-0342,PRD-003,AGT-039,AGC-006,2023-01-31,2026-01-15,Actif,4134000,372000,Mensuelle,Non,Virement bancaire,36
CTR-03721,CLT-0850,PRD-003,AGT-017,AGC-002,2023-11-11,2025-10-31,Expiré,9059000,815000,Annuelle,Non,Espèces,24
CTR-03722,CLT-0695,PRD-001,AGT-015,AGC-002,2025-03-10,2027-02-28,Actif,3169000,254000,Mensuelle,Non,Chèque,24
CTR-03723,CLT-0846,PRD-003,AGT-031,AGC-005,2024-05-28,2026-05-18,Actif,7538000,678000,Trimestrielle,Non,Mobile Money,24
CTR-03724,CLT-0143,PRD-003,AGT-020,AGC-003,2024-01-29,2026-01-18,Actif,7321000,659000,Trimestrielle,Non,Mobile Money,24
CTR-03725,CLT-0991,PRD-004,AGT-028,AGC-004,2023-11-14,2025-11-03,Expiré,3515000,246000,Mensuelle,Oui,Mobile Money,24
CTR-03726,CLT-0268,PRD-003,AGT-013,AGC-002,2023-09-02,2024-08-27,Expiré,7189000,647000,Semestrielle,Non,Chèque,12
CTR-03727,CLT-0294,PRD-002,AGT-002,AGC-001,2024-12-06,2026-11-26,Actif,6975000,698000,Semestrielle,Oui,Mobile Money,24
CTR-03728,CLT-0201,PRD-004,AGT-020,AGC-003,2024-10-26,2025-10-21,Expiré,4634000,324000,Mensuelle,Oui,Mobile Money,12
CTR-03729,CLT-0452,PRD-007,AGT-022,AGC-003,2023-12-23,2024-12-17,Expiré,18908000,2269000,Mensuelle,Non,Espèces,12
CTR-03730,CLT-0906,PRD-008,AGT-002,AGC-001,2024-09-22,2026-09-12,Actif,49520000,6438000,Trimestrielle,Non,Espèces,24
CTR-03731,CLT-0533,PRD-001,AGT-007,AGC-001,2024-03-28,2026-03-18,Actif,3113000,249000,Mensuelle,Non,Espèces,24
CTR-03732,CLT-0271,PRD-004,AGT-060,AGC-012,2024-09-10,2025-09-05,Expiré,3808000,267000,Semestrielle,Non,Mobile Money,12
CTR-03733,CLT-0259,PRD-008,AGT-014,AGC-002,2025-03-05,2026-02-28,Actif,67293000,8748000,Semestrielle,Non,Virement bancaire,12
CTR-03734,CLT-0428,PRD-001,AGT-035,AGC-006,2024-12-18,2027-12-03,Actif,3829000,306000,Trimestrielle,Non,Chèque,36
CTR-03735,CLT-0324,PRD-004,AGT-005,AGC-001,2023-07-13,2024-07-07,Expiré,6441000,451000,Mensuelle,Oui,Virement bancaire,12
CTR-03736,CLT-0858,PRD-004,AGT-001,AGC-001,2025-05-30,2026-05-25,Actif,6643000,465000,Trimestrielle,Oui,Mobile Money,12
CTR-03737,CLT-0714,PRD-007,AGT-012,AGC-002,2024-10-05,2027-09-20,Actif,36576000,4389000,Annuelle,Non,Virement bancaire,36
CTR-03738,CLT-0551,PRD-006,AGT-057,AGC-011,2024-08-09,2025-08-04,Expiré,21799000,2398000,Trimestrielle,Non,Espèces,12
CTR-03739,CLT-0036,PRD-004,AGT-013,AGC-002,2023-04-22,2025-04-11,Expiré,3692000,258000,Trimestrielle,Non,Espèces,24
CTR-03740,CLT-0242,PRD-006,AGT-060,AGC-012,2024-08-19,2026-08-09,Actif,11243000,1237000,Semestrielle,Non,Espèces,24
CTR-03741,CLT-0768,PRD-002,AGT-024,AGC-003,2024-05-26,2025-05-21,Expiré,7066000,707000,Semestrielle,Oui,Mobile Money,12
CTR-03742,CLT-0213,PRD-003,AGT-054,AGC-010,2024-09-03,2025-08-29,Résilié,5414000,487000,Trimestrielle,Non,Espèces,12
CTR-03743,CLT-0211,PRD-001,AGT-010,AGC-002,2023-05-13,2024-05-07,Expiré,4868000,389000,Semestrielle,Oui,Mobile Money,12
CTR-03744,CLT-0238,PRD-007,AGT-013,AGC-002,2023-10-14,2025-10-03,Expiré,51324000,6159000,Semestrielle,Non,Chèque,24
CTR-03745,CLT-0214,PRD-002,AGT-020,AGC-003,2023-03-17,2025-03-06,Expiré,8739000,874000,Annuelle,Non,Espèces,24
CTR-03746,CLT-0176,PRD-003,AGT-002,AGC-001,2023-10-03,2025-09-22,Résilié,9295000,837000,Trimestrielle,Non,Carte bancaire,24
CTR-03747,CLT-0487,PRD-001,AGT-016,AGC-002,2024-06-03,2025-05-29,Expiré,4965000,397000,Trimestrielle,Non,Espèces,12
CTR-03748,CLT-0053,PRD-005,AGT-041,AGC-007,2023-12-08,2024-12-02,Expiré,2680000,161000,Annuelle,Oui,Chèque,12
CTR-03749,CLT-0956,PRD-003,AGT-046,AGC-008,2023-02-16,2025-02-05,Résilié,14534000,1308000,Annuelle,Non,Virement bancaire,24
CTR-03750,CLT-0005,PRD-002,AGT-039,AGC-006,2023-05-19,2024-05-13,Résilié,5321000,532000,Mensuelle,Non,Mobile Money,12
CTR-03751,CLT-0037,PRD-006,AGT-024,AGC-003,2024-11-11,2025-11-06,Expiré,24000000,2640000,Trimestrielle,Oui,Virement bancaire,12
CTR-03752,CLT-0065,PRD-004,AGT-005,AGC-001,2025-06-23,2026-06-18,Actif,7223000,506000,Trimestrielle,Oui,Mobile Money,12
CTR-03753,CLT-0574,PRD-001,AGT-055,AGC-010,2024-01-04,2024-12-29,Résilié,4390000,351000,Annuelle,Non,Chèque,12
CTR-03754,CLT-0004,PRD-003,AGT-059,AGC-012,2024-02-20,2026-02-09,Actif,3012000,271000,Mensuelle,Non,Mobile Money,24
CTR-03755,CLT-0906,PRD-008,AGT-008,AGC-001,2025-04-06,2026-04-01,Actif,39986000,5198000,Trimestrielle,Non,Carte bancaire,12
CTR-03756,CLT-0529,PRD-004,AGT-030,AGC-005,2024-10-23,2025-10-18,Expiré,5855000,410000,Annuelle,Non,Virement bancaire,12
CTR-03757,CLT-0730,PRD-001,AGT-014,AGC-002,2023-07-06,2024-06-30,Expiré,2198000,176000,Mensuelle,Oui,Espèces,12
CTR-03758,CLT-0039,PRD-007,AGT-052,AGC-009,2025-05-08,2027-04-28,Actif,56600000,6792000,Annuelle,Oui,Mobile Money,24
CTR-03759,CLT-0081,PRD-006,AGT-045,AGC-008,2025-05-15,2026-05-10,Actif,19375000,2131000,Annuelle,Non,Espèces,12
CTR-03760,CLT-0408,PRD-001,AGT-046,AGC-008,2023-06-11,2024-06-05,Expiré,7098000,568000,Mensuelle,Non,Virement bancaire,12
CTR-03761,CLT-0135,PRD-005,AGT-057,AGC-011,2023-05-20,2024-05-14,Expiré,644000,39000,Mensuelle,Non,Mobile Money,12
CTR-03762,CLT-0135,PRD-006,AGT-001,AGC-001,2023-04-09,2024-04-03,Expiré,23765000,2614000,Semestrielle,Oui,Espèces,12
CTR-03763,CLT-0679,PRD-002,AGT-008,AGC-001,2024-08-03,2025-07-29,Résilié,6685000,668000,Annuelle,Non,Virement bancaire,12
CTR-03764,CLT-0997,PRD-003,AGT-038,AGC-006,2024-02-25,2025-02-19,Expiré,14285000,1286000,Trimestrielle,Non,Mobile Money,12
CTR-03765,CLT-0385,PRD-002,AGT-055,AGC-010,2025-02-10,2028-01-26,Actif,13116000,1312000,Trimestrielle,Non,Chèque,36
CTR-03766,CLT-0221,PRD-003,AGT-053,AGC-010,2024-07-19,2025-07-14,Expiré,3477000,313000,Mensuelle,Oui,Chèque,12
CTR-03767,CLT-0386,PRD-001,AGT-026,AGC-004,2023-05-05,2025-04-24,Expiré,4955000,396000,Trimestrielle,Non,Mobile Money,24
CTR-03768,CLT-0955,PRD-008,AGT-012,AGC-002,2024-08-24,2025-08-19,Expiré,59866000,7783000,Trimestrielle,Non,Mobile Money,12
CTR-03769,CLT-0466,PRD-002,AGT-041,AGC-007,2024-12-08,2025-12-03,Résilié,6637000,664000,Mensuelle,Non,Espèces,12
CTR-03770,CLT-0164,PRD-001,AGT-059,AGC-012,2023-07-21,2024-07-15,Expiré,2189000,175000,Trimestrielle,Non,Virement bancaire,12
CTR-03771,CLT-0223,PRD-003,AGT-060,AGC-012,2023-05-29,2024-05-23,Expiré,15333000,1380000,Annuelle,Non,Carte bancaire,12
CTR-03772,CLT-0044,PRD-007,AGT-037,AGC-006,2023-11-03,2024-10-28,Expiré,56222000,6747000,Annuelle,Oui,Mobile Money,12
CTR-03773,CLT-0379,PRD-003,AGT-039,AGC-006,2024-11-12,2026-11-02,Actif,9808000,883000,Mensuelle,Non,Carte bancaire,24
CTR-03774,CLT-0660,PRD-003,AGT-012,AGC-002,2024-12-11,2027-11-26,Actif,11299000,1017000,Annuelle,Oui,Mobile Money,36
CTR-03775,CLT-0361,PRD-008,AGT-050,AGC-009,2023-08-01,2025-07-21,Expiré,63295000,8228000,Annuelle,Non,Espèces,24
CTR-03776,CLT-0928,PRD-007,AGT-032,AGC-005,2023-09-06,2025-08-26,Expiré,71610000,8593000,Trimestrielle,Oui,Virement bancaire,24
CTR-03777,CLT-0061,PRD-004,AGT-060,AGC-012,2025-04-08,2028-03-23,Actif,3659000,256000,Semestrielle,Oui,Espèces,36
CTR-03778,CLT-0006,PRD-004,AGT-030,AGC-005,2024-07-24,2025-07-19,Résilié,5521000,386000,Mensuelle,Non,Virement bancaire,12
CTR-03779,CLT-0292,PRD-003,AGT-037,AGC-006,2023-06-22,2025-06-11,Expiré,14766000,1329000,Annuelle,Non,Mobile Money,24
CTR-03780,CLT-0372,PRD-001,AGT-038,AGC-006,2024-08-08,2025-08-03,Résilié,3103000,248000,Annuelle,Non,Chèque,12
CTR-03781,CLT-0001,PRD-006,AGT-019,AGC-003,2024-11-24,2026-11-14,Actif,21057000,2316000,Semestrielle,Non,Carte bancaire,24
CTR-03782,CLT-0106,PRD-006,AGT-040,AGC-007,2025-02-07,2027-01-28,Actif,12102000,1331000,Semestrielle,Oui,Chèque,24
CTR-03783,CLT-0147,PRD-003,AGT-021,AGC-003,2024-10-22,2025-10-17,Expiré,14203000,1278000,Annuelle,Non,Virement bancaire,12
CTR-03784,CLT-0583,PRD-003,AGT-026,AGC-004,2023-07-25,2024-07-19,Expiré,13096000,1179000,Trimestrielle,Non,Espèces,12
CTR-03785,CLT-0733,PRD-001,AGT-020,AGC-003,2025-05-20,2027-05-10,Actif,2287000,183000,Semestrielle,Non,Mobile Money,24
CTR-03786,CLT-0226,PRD-002,AGT-004,AGC-001,2024-05-04,2025-04-29,Expiré,10735000,1074000,Annuelle,Oui,Espèces,12
CTR-03787,CLT-0067,PRD-003,AGT-052,AGC-009,2024-06-30,2025-06-25,Résilié,12629000,1137000,Annuelle,Non,Mobile Money,12
CTR-03788,CLT-0745,PRD-008,AGT-003,AGC-001,2023-06-17,2026-06-01,Actif,27257000,3543000,Trimestrielle,Non,Virement bancaire,36
CTR-03789,CLT-0289,PRD-003,AGT-028,AGC-004,2024-03-24,2026-03-14,Actif,13319000,1199000,Mensuelle,Oui,Mobile Money,24
CTR-03790,CLT-0959,PRD-007,AGT-001,AGC-001,2024-04-16,2025-04-11,Expiré,46587000,5590000,Mensuelle,Non,Mobile Money,12
CTR-03791,CLT-0860,PRD-008,AGT-025,AGC-004,2024-01-16,2025-01-10,Expiré,85683000,11139000,Semestrielle,Oui,Mobile Money,12
CTR-03792,CLT-0734,PRD-004,AGT-005,AGC-001,2023-09-20,2024-09-14,Résilié,7995000,560000,Annuelle,Non,Espèces,12
CTR-03793,CLT-0174,PRD-005,AGT-037,AGC-006,2024-08-06,2025-08-01,Expiré,1551000,93000,Semestrielle,Oui,Mobile Money,12
CTR-03794,CLT-0058,PRD-007,AGT-002,AGC-001,2023-03-02,2024-02-25,Expiré,23725000,2847000,Mensuelle,Non,Carte bancaire,12
CTR-03795,CLT-0380,PRD-006,AGT-015,AGC-002,2025-01-15,2026-01-10,Actif,17209000,1893000,Trimestrielle,Oui,Espèces,12
CTR-03796,CLT-0441,PRD-003,AGT-045,AGC-008,2023-10-01,2024-09-25,Expiré,8772000,789000,Trimestrielle,Oui,Virement bancaire,12
CTR-03797,CLT-0124,PRD-002,AGT-008,AGC-001,2024-04-30,2025-04-25,Expiré,6742000,674000,Trimestrielle,Oui,Espèces,12
CTR-03798,CLT-0343,PRD-001,AGT-007,AGC-001,2023-06-28,2025-06-17,Expiré,3162000,253000,Trimestrielle,Oui,Espèces,24
CTR-03799,CLT-0115,PRD-001,AGT-007,AGC-001,2023-11-30,2024-11-24,Expiré,3941000,315000,Annuelle,Non,Mobile Money,12
CTR-03800,CLT-0125,PRD-007,AGT-004,AGC-001,2024-05-26,2026-05-16,Actif,19345000,2321000,Mensuelle,Oui,Virement bancaire,24
CTR-03801,CLT-0559,PRD-005,AGT-012,AGC-002,2023-11-04,2026-10-19,Actif,1507000,90000,Annuelle,Non,Virement bancaire,36
CTR-03802,CLT-0439,PRD-005,AGT-004,AGC-001,2025-04-12,2026-04-07,Actif,386000,23000,Annuelle,Non,Virement bancaire,12
CTR-03803,CLT-0671,PRD-005,AGT-011,AGC-002,2025-05-03,2027-04-23,Actif,2463000,148000,Semestrielle,Non,Mobile Money,24
CTR-03804,CLT-0061,PRD-001,AGT-034,AGC-005,2023-04-28,2024-04-22,Expiré,4479000,358000,Mensuelle,Non,Carte bancaire,12
CTR-03805,CLT-0139,PRD-005,AGT-050,AGC-009,2024-06-12,2025-06-07,Résilié,973000,58000,Mensuelle,Non,Virement bancaire,12
CTR-03806,CLT-0885,PRD-008,AGT-037,AGC-006,2023-09-29,2025-09-18,Expiré,39808000,5175000,Trimestrielle,Oui,Mobile Money,24
CTR-03807,CLT-0178,PRD-003,AGT-028,AGC-004,2024-10-02,2025-09-27,Expiré,8248000,742000,Mensuelle,Oui,Espèces,12
CTR-03808,CLT-0343,PRD-001,AGT-046,AGC-008,2024-12-16,2026-12-06,Actif,3412000,273000,Mensuelle,Oui,Mobile Money,24
CTR-03809,CLT-0483,PRD-004,AGT-028,AGC-004,2024-04-11,2025-04-06,Expiré,6644000,465000,Annuelle,Non,Mobile Money,12
CTR-03810,CLT-0056,PRD-004,AGT-047,AGC-008,2023-03-27,2025-03-16,Résilié,3533000,247000,Semestrielle,Non,Espèces,24
CTR-03811,CLT-0364,PRD-003,AGT-009,AGC-001,2023-07-04,2025-06-23,Expiré,7624000,686000,Trimestrielle,Non,Espèces,24
CTR-03812,CLT-0085,PRD-003,AGT-059,AGC-012,2024-08-26,2026-08-16,Actif,8488000,764000,Mensuelle,Oui,Virement bancaire,24
CTR-03813,CLT-0895,PRD-003,AGT-055,AGC-010,2025-06-03,2026-05-29,Actif,10037000,903000,Annuelle,Non,Carte bancaire,12
CTR-03814,CLT-0021,PRD-004,AGT-004,AGC-001,2024-10-01,2025-09-26,Expiré,6608000,463000,Annuelle,Non,Mobile Money,12
CTR-03815,CLT-0496,PRD-002,AGT-024,AGC-003,2024-06-25,2025-06-20,Résilié,5654000,565000,Annuelle,Non,Virement bancaire,12
CTR-03816,CLT-0994,PRD-003,AGT-023,AGC-003,2024-02-19,2026-02-08,Actif,8919000,803000,Semestrielle,Oui,Mobile Money,24
CTR-03817,CLT-0539,PRD-005,AGT-037,AGC-006,2025-05-01,2028-04-15,Actif,1793000,108000,Mensuelle,Oui,Mobile Money,36
CTR-03818,CLT-0637,PRD-002,AGT-009,AGC-001,2025-04-29,2026-04-24,Actif,11868000,1187000,Annuelle,Non,Chèque,12
CTR-03819,CLT-0320,PRD-006,AGT-032,AGC-005,2025-03-04,2026-02-27,Actif,7536000,829000,Mensuelle,Oui,Espèces,12
CTR-03820,CLT-0014,PRD-005,AGT-034,AGC-005,2024-09-16,2027-09-01,Actif,1539000,92000,Mensuelle,Oui,Virement bancaire,36
CTR-03821,CLT-0113,PRD-006,AGT-055,AGC-010,2025-06-17,2026-06-12,Actif,16207000,1783000,Semestrielle,Oui,Mobile Money,12
CTR-03822,CLT-0858,PRD-008,AGT-020,AGC-003,2024-07-31,2026-07-21,Actif,67165000,8731000,Annuelle,Non,Mobile Money,24
CTR-03823,CLT-0341,PRD-003,AGT-059,AGC-012,2023-10-13,2024-10-07,Expiré,10700000,963000,Annuelle,Oui,Mobile Money,12
CTR-03824,CLT-0457,PRD-003,AGT-056,AGC-011,2023-07-01,2025-06-20,Expiré,11491000,1034000,Trimestrielle,Non,Chèque,24
CTR-03825,CLT-0970,PRD-004,AGT-017,AGC-002,2023-10-26,2024-10-20,Expiré,4520000,316000,Annuelle,Non,Carte bancaire,12
CTR-03826,CLT-0791,PRD-006,AGT-057,AGC-011,2023-09-12,2024-09-06,Expiré,24573000,2703000,Semestrielle,Oui,Espèces,12
CTR-03827,CLT-0002,PRD-004,AGT-008,AGC-001,2024-07-12,2025-07-07,Résilié,2811000,197000,Trimestrielle,Non,Espèces,12
CTR-03828,CLT-0003,PRD-001,AGT-012,AGC-002,2025-04-01,2027-03-22,Actif,3260000,261000,Mensuelle,Non,Espèces,24
CTR-03829,CLT-0787,PRD-003,AGT-034,AGC-005,2023-01-26,2024-01-21,Expiré,11452000,1031000,Annuelle,Non,Espèces,12
CTR-03830,CLT-0411,PRD-003,AGT-033,AGC-005,2025-06-20,2026-06-15,Actif,6749000,607000,Mensuelle,Non,Mobile Money,12
CTR-03831,CLT-0605,PRD-002,AGT-038,AGC-006,2025-01-04,2025-12-30,Résilié,5130000,513000,Semestrielle,Non,Chèque,12
CTR-03832,CLT-0707,PRD-007,AGT-021,AGC-003,2023-04-18,2024-04-12,Expiré,42409000,5089000,Mensuelle,Non,Virement bancaire,12
CTR-03833,CLT-0020,PRD-006,AGT-014,AGC-002,2025-05-21,2027-05-11,Actif,12114000,1333000,Mensuelle,Oui,Espèces,24
CTR-03834,CLT-0544,PRD-004,AGT-022,AGC-003,2025-04-07,2026-04-02,Actif,6077000,425000,Semestrielle,Non,Mobile Money,12
CTR-03835,CLT-0197,PRD-005,AGT-020,AGC-003,2023-12-27,2024-12-21,Expiré,439000,26000,Mensuelle,Oui,Mobile Money,12
CTR-03836,CLT-0452,PRD-003,AGT-047,AGC-008,2023-11-07,2024-11-01,Expiré,13167000,1185000,Annuelle,Non,Chèque,12
CTR-03837,CLT-0387,PRD-006,AGT-039,AGC-006,2025-05-15,2026-05-10,Actif,11586000,1274000,Annuelle,Oui,Mobile Money,12
CTR-03838,CLT-0314,PRD-003,AGT-040,AGC-007,2024-06-25,2026-06-15,Actif,10847000,976000,Semestrielle,Oui,Espèces,24
CTR-03839,CLT-0293,PRD-008,AGT-008,AGC-001,2024-07-04,2027-06-19,Actif,40642000,5283000,Mensuelle,Non,Virement bancaire,36
CTR-03840,CLT-0675,PRD-001,AGT-003,AGC-001,2023-04-25,2025-04-14,Expiré,2911000,233000,Trimestrielle,Oui,Virement bancaire,24
CTR-03841,CLT-0046,PRD-001,AGT-021,AGC-003,2025-06-13,2026-06-08,Actif,4600000,368000,Semestrielle,Non,Virement bancaire,12
CTR-03842,CLT-0133,PRD-006,AGT-051,AGC-009,2024-07-19,2025-07-14,Expiré,24869000,2736000,Semestrielle,Oui,Chèque,12
CTR-03843,CLT-0644,PRD-005,AGT-042,AGC-007,2023-01-19,2025-01-08,Résilié,1827000,110000,Mensuelle,Non,Carte bancaire,24
CTR-03844,CLT-0204,PRD-006,AGT-021,AGC-003,2024-09-09,2026-08-30,Actif,18795000,2067000,Mensuelle,Non,Mobile Money,24
CTR-03845,CLT-0045,PRD-001,AGT-042,AGC-007,2023-08-19,2024-08-13,Expiré,4623000,370000,Trimestrielle,Non,Chèque,12
CTR-03846,CLT-0023,PRD-003,AGT-029,AGC-004,2025-03-28,2028-03-12,Actif,10416000,937000,Semestrielle,Non,Virement bancaire,36
CTR-03847,CLT-0529,PRD-003,AGT-006,AGC-001,2023-03-05,2024-02-28,Expiré,15204000,1368000,Mensuelle,Non,Chèque,12
CTR-03848,CLT-0829,PRD-002,AGT-009,AGC-001,2023-06-02,2025-05-22,Expiré,6012000,601000,Mensuelle,Oui,Mobile Money,24
CTR-03849,CLT-0798,PRD-004,AGT-027,AGC-004,2024-10-28,2025-10-23,Résilié,4153000,291000,Annuelle,Non,Espèces,12
CTR-03850,CLT-0823,PRD-008,AGT-012,AGC-002,2023-02-16,2025-02-05,Expiré,76955000,10004000,Semestrielle,Oui,Espèces,24
CTR-03851,CLT-0521,PRD-003,AGT-020,AGC-003,2023-12-09,2024-12-03,Expiré,5281000,475000,Trimestrielle,Non,Chèque,12
CTR-03852,CLT-0653,PRD-005,AGT-045,AGC-008,2024-10-29,2025-10-24,Résilié,760000,46000,Annuelle,Non,Espèces,12
CTR-03853,CLT-0186,PRD-008,AGT-025,AGC-004,2023-12-31,2025-12-20,Expiré,47591000,6187000,Semestrielle,Oui,Mobile Money,24
CTR-03854,CLT-0726,PRD-001,AGT-012,AGC-002,2024-12-17,2025-12-12,Expiré,2556000,204000,Trimestrielle,Non,Espèces,12
CTR-03855,CLT-0461,PRD-005,AGT-043,AGC-007,2023-07-27,2024-07-21,Expiré,1376000,83000,Mensuelle,Non,Mobile Money,12
CTR-03856,CLT-0262,PRD-006,AGT-032,AGC-005,2023-01-27,2025-01-16,Expiré,21504000,2365000,Trimestrielle,Non,Virement bancaire,24
CTR-03857,CLT-0810,PRD-002,AGT-051,AGC-009,2024-09-06,2026-08-27,Actif,7413000,741000,Trimestrielle,Oui,Virement bancaire,24
CTR-03858,CLT-0988,PRD-004,AGT-028,AGC-004,2023-12-03,2024-11-27,Expiré,6547000,458000,Annuelle,Non,Mobile Money,12
CTR-03859,CLT-0118,PRD-007,AGT-023,AGC-003,2025-06-18,2026-06-13,Actif,16386000,1966000,Mensuelle,Non,Carte bancaire,12
CTR-03860,CLT-0817,PRD-007,AGT-047,AGC-008,2023-07-05,2024-06-29,Résilié,28821000,3459000,Trimestrielle,Non,Espèces,12
CTR-03861,CLT-0379,PRD-006,AGT-024,AGC-003,2023-09-22,2024-09-16,Expiré,16683000,1835000,Annuelle,Non,Chèque,12
CTR-03862,CLT-0253,PRD-005,AGT-020,AGC-003,2023-12-04,2024-11-28,Expiré,1682000,101000,Semestrielle,Oui,Carte bancaire,12
CTR-03863,CLT-0269,PRD-003,AGT-020,AGC-003,2024-05-21,2026-05-11,Actif,7297000,657000,Semestrielle,Non,Virement bancaire,24
CTR-03864,CLT-0786,PRD-006,AGT-059,AGC-012,2024-07-29,2026-07-19,Actif,22352000,2459000,Annuelle,Non,Espèces,24
CTR-03865,CLT-0457,PRD-001,AGT-051,AGC-009,2025-01-10,2026-01-05,Actif,5476000,438000,Annuelle,Non,Mobile Money,12
CTR-03866,CLT-0707,PRD-004,AGT-014,AGC-002,2023-08-19,2024-08-13,Résilié,6339000,444000,Semestrielle,Non,Carte bancaire,12
CTR-03867,CLT-0246,PRD-004,AGT-012,AGC-002,2025-04-02,2026-03-28,Actif,3091000,216000,Annuelle,Non,Carte bancaire,12
CTR-03868,CLT-0549,PRD-006,AGT-016,AGC-002,2024-06-11,2025-06-06,Expiré,27412000,3015000,Annuelle,Non,Virement bancaire,12
CTR-03869,CLT-0048,PRD-004,AGT-019,AGC-003,2025-06-28,2027-06-18,Actif,6124000,429000,Trimestrielle,Non,Mobile Money,24
CTR-03870,CLT-0825,PRD-003,AGT-008,AGC-001,2024-07-17,2025-07-12,Expiré,21523000,1937000,Annuelle,Oui,Espèces,12
CTR-03871,CLT-0905,PRD-003,AGT-008,AGC-001,2023-08-05,2024-07-30,Expiré,4030000,363000,Semestrielle,Non,Espèces,12
CTR-03872,CLT-0299,PRD-001,AGT-036,AGC-006,2023-03-19,2024-03-13,Résilié,2892000,231000,Trimestrielle,Non,Carte bancaire,12
CTR-03873,CLT-0124,PRD-003,AGT-016,AGC-002,2024-09-24,2026-09-14,Actif,9273000,835000,Semestrielle,Non,Mobile Money,24
CTR-03874,CLT-0945,PRD-003,AGT-056,AGC-011,2024-05-29,2025-05-24,Expiré,9834000,885000,Mensuelle,Non,Mobile Money,12
CTR-03875,CLT-0415,PRD-005,AGT-055,AGC-010,2024-03-09,2025-03-04,Résilié,1303000,78000,Trimestrielle,Non,Mobile Money,12
CTR-03876,CLT-0654,PRD-002,AGT-037,AGC-006,2024-04-16,2026-04-06,Actif,6672000,667000,Semestrielle,Non,Espèces,24
CTR-03877,CLT-0324,PRD-008,AGT-030,AGC-005,2023-01-27,2025-01-16,Expiré,71885000,9345000,Trimestrielle,Oui,Mobile Money,24
CTR-03878,CLT-0276,PRD-001,AGT-011,AGC-002,2023-03-09,2024-03-03,Expiré,4972000,398000,Annuelle,Non,Virement bancaire,12
CTR-03879,CLT-0847,PRD-004,AGT-002,AGC-001,2025-03-11,2027-03-01,Actif,2013000,141000,Trimestrielle,Non,Mobile Money,24
CTR-03880,CLT-0438,PRD-008,AGT-030,AGC-005,2023-08-03,2024-07-28,Résilié,82631000,10742000,Mensuelle,Non,Mobile Money,12
CTR-03881,CLT-0202,PRD-002,AGT-053,AGC-010,2023-12-24,2024-12-18,Expiré,5783000,578000,Mensuelle,Non,Chèque,12
CTR-03882,CLT-0766,PRD-006,AGT-002,AGC-001,2023-02-03,2024-01-29,Expiré,10998000,1210000,Trimestrielle,Oui,Carte bancaire,12
CTR-03883,CLT-0071,PRD-002,AGT-034,AGC-005,2024-01-02,2025-12-22,Expiré,12160000,1216000,Mensuelle,Non,Virement bancaire,24
CTR-03884,CLT-0492,PRD-001,AGT-023,AGC-003,2025-01-12,2026-01-07,Actif,5349000,428000,Mensuelle,Oui,Mobile Money,12
CTR-03885,CLT-0945,PRD-002,AGT-016,AGC-002,2025-04-03,2028-03-18,Actif,5544000,554000,Trimestrielle,Non,Mobile Money,36
CTR-03886,CLT-0703,PRD-007,AGT-060,AGC-012,2024-05-27,2025-05-22,Expiré,52586000,6310000,Semestrielle,Oui,Virement bancaire,12
CTR-03887,CLT-0920,PRD-004,AGT-053,AGC-010,2024-11-08,2025-11-03,Résilié,7261000,508000,Annuelle,Non,Carte bancaire,12
CTR-03888,CLT-0780,PRD-002,AGT-001,AGC-001,2024-01-22,2026-01-11,Actif,10274000,1027000,Annuelle,Oui,Virement bancaire,24
CTR-03889,CLT-0151,PRD-005,AGT-049,AGC-009,2023-04-02,2025-03-22,Expiré,1283000,77000,Semestrielle,Non,Carte bancaire,24
CTR-03890,CLT-0350,PRD-001,AGT-033,AGC-005,2024-07-08,2026-06-28,Actif,2987000,239000,Mensuelle,Non,Mobile Money,24
CTR-03891,CLT-0896,PRD-001,AGT-001,AGC-001,2023-08-09,2024-08-03,Expiré,3653000,292000,Annuelle,Oui,Chèque,12
CTR-03892,CLT-0902,PRD-007,AGT-006,AGC-001,2025-06-29,2026-06-24,Actif,43324000,5199000,Annuelle,Non,Virement bancaire,12
CTR-03893,CLT-0963,PRD-002,AGT-059,AGC-012,2024-03-21,2025-03-16,Expiré,9785000,978000,Trimestrielle,Non,Chèque,12
CTR-03894,CLT-0040,PRD-002,AGT-059,AGC-012,2023-01-07,2024-12-27,Expiré,11864000,1186000,Trimestrielle,Oui,Espèces,24
CTR-03895,CLT-0824,PRD-006,AGT-014,AGC-002,2023-08-05,2026-07-20,Actif,13326000,1466000,Trimestrielle,Non,Espèces,36
CTR-03896,CLT-0105,PRD-006,AGT-006,AGC-001,2023-09-30,2024-09-24,Expiré,19783000,2176000,Mensuelle,Non,Espèces,12
CTR-03897,CLT-0700,PRD-003,AGT-040,AGC-007,2024-09-02,2025-08-28,Résilié,13622000,1226000,Annuelle,Non,Espèces,12
CTR-03898,CLT-0886,PRD-001,AGT-018,AGC-003,2024-05-16,2026-05-06,Actif,4222000,338000,Mensuelle,Non,Chèque,24
CTR-03899,CLT-0847,PRD-003,AGT-034,AGC-005,2024-10-11,2025-10-06,Expiré,13813000,1243000,Annuelle,Non,Chèque,12
CTR-03900,CLT-0431,PRD-007,AGT-002,AGC-001,2023-12-15,2025-12-04,Résilié,33602000,4032000,Semestrielle,Non,Espèces,24
CTR-03901,CLT-0395,PRD-002,AGT-032,AGC-005,2024-10-08,2026-09-28,Actif,5565000,556000,Semestrielle,Oui,Mobile Money,24
CTR-03902,CLT-0061,PRD-001,AGT-030,AGC-005,2023-04-30,2024-04-24,Expiré,5207000,417000,Annuelle,Non,Mobile Money,12
CTR-03903,CLT-0184,PRD-006,AGT-021,AGC-003,2025-02-01,2026-01-27,Actif,11165000,1228000,Semestrielle,Non,Virement bancaire,12
CTR-03904,CLT-0576,PRD-005,AGT-039,AGC-006,2023-01-18,2025-01-07,Expiré,1611000,97000,Trimestrielle,Oui,Virement bancaire,24
CTR-03905,CLT-0718,PRD-003,AGT-018,AGC-003,2024-11-30,2025-11-25,Expiré,4956000,446000,Annuelle,Oui,Carte bancaire,12
CTR-03906,CLT-0654,PRD-007,AGT-042,AGC-007,2023-04-13,2024-04-07,Expiré,20243000,2429000,Mensuelle,Oui,Espèces,12
CTR-03907,CLT-0526,PRD-005,AGT-033,AGC-005,2025-04-13,2027-04-03,Actif,1395000,84000,Semestrielle,Non,Virement bancaire,24
CTR-03908,CLT-0369,PRD-001,AGT-060,AGC-012,2024-11-23,2025-11-18,Résilié,3357000,269000,Semestrielle,Non,Mobile Money,12
CTR-03909,CLT-0194,PRD-005,AGT-001,AGC-001,2023-02-03,2026-01-18,Actif,1433000,86000,Semestrielle,Non,Espèces,36
CTR-03910,CLT-0793,PRD-008,AGT-027,AGC-004,2024-05-10,2025-05-05,Expiré,82782000,10762000,Mensuelle,Non,Mobile Money,12
CTR-03911,CLT-0220,PRD-003,AGT-011,AGC-002,2023-06-07,2024-06-01,Résilié,12481000,1123000,Trimestrielle,Non,Virement bancaire,12
CTR-03912,CLT-0314,PRD-004,AGT-010,AGC-002,2024-04-12,2025-04-07,Expiré,5859000,410000,Mensuelle,Non,Espèces,12
CTR-03913,CLT-0607,PRD-003,AGT-037,AGC-006,2023-01-15,2024-01-10,Expiré,9643000,868000,Annuelle,Oui,Mobile Money,12
CTR-03914,CLT-0507,PRD-007,AGT-005,AGC-001,2024-06-11,2026-06-01,Actif,25221000,3027000,Semestrielle,Non,Carte bancaire,24
CTR-03915,CLT-0759,PRD-001,AGT-014,AGC-002,2024-06-02,2027-05-18,Actif,1984000,159000,Mensuelle,Non,Mobile Money,36
CTR-03916,CLT-0326,PRD-003,AGT-016,AGC-002,2023-05-30,2024-05-24,Expiré,3940000,355000,Annuelle,Oui,Virement bancaire,12
CTR-03917,CLT-0734,PRD-006,AGT-048,AGC-008,2023-03-04,2024-02-27,Résilié,20886000,2297000,Semestrielle,Non,Espèces,12
CTR-03918,CLT-0150,PRD-004,AGT-007,AGC-001,2023-04-23,2024-04-17,Résilié,6648000,465000,Annuelle,Non,Espèces,12
CTR-03919,CLT-0769,PRD-006,AGT-032,AGC-005,2025-02-14,2026-02-09,Actif,18535000,2039000,Mensuelle,Non,Mobile Money,12
CTR-03920,CLT-0807,PRD-003,AGT-042,AGC-007,2024-06-12,2025-06-07,Expiré,10645000,958000,Mensuelle,Oui,Virement bancaire,12
CTR-03921,CLT-0225,PRD-008,AGT-007,AGC-001,2024-04-10,2025-04-05,Expiré,88631000,11522000,Trimestrielle,Non,Mobile Money,12
CTR-03922,CLT-0252,PRD-002,AGT-031,AGC-005,2024-02-02,2025-01-27,Expiré,5927000,593000,Annuelle,Oui,Espèces,12
CTR-03923,CLT-0518,PRD-001,AGT-029,AGC-004,2024-10-20,2025-10-15,Résilié,3294000,264000,Annuelle,Non,Virement bancaire,12
CTR-03924,CLT-0798,PRD-005,AGT-022,AGC-003,2024-01-12,2025-01-06,Expiré,2324000,139000,Mensuelle,Non,Virement bancaire,12
CTR-03925,CLT-0447,PRD-004,AGT-020,AGC-003,2024-04-01,2025-03-27,Expiré,6901000,483000,Trimestrielle,Non,Chèque,12
CTR-03926,CLT-0126,PRD-008,AGT-051,AGC-009,2024-08-19,2025-08-14,Résilié,41237000,5361000,Trimestrielle,Non,Carte bancaire,12
CTR-03927,CLT-0522,PRD-006,AGT-040,AGC-007,2024-01-18,2025-01-12,Expiré,17892000,1968000,Annuelle,Oui,Mobile Money,12
CTR-03928,CLT-0638,PRD-003,AGT-015,AGC-002,2023-05-24,2024-05-18,Expiré,4539000,409000,Mensuelle,Oui,Mobile Money,12
CTR-03929,CLT-0949,PRD-005,AGT-009,AGC-001,2023-03-03,2025-02-20,Expiré,641000,38000,Annuelle,Oui,Chèque,24
CTR-03930,CLT-0394,PRD-002,AGT-004,AGC-001,2025-01-06,2026-01-01,Actif,5501000,550000,Annuelle,Non,Mobile Money,12
CTR-03931,CLT-0114,PRD-008,AGT-014,AGC-002,2024-01-07,2026-12-22,Actif,79752000,10368000,Trimestrielle,Oui,Espèces,36
CTR-03932,CLT-0062,PRD-007,AGT-011,AGC-002,2023-08-13,2024-08-07,Expiré,20547000,2466000,Trimestrielle,Oui,Mobile Money,12
CTR-03933,CLT-0086,PRD-002,AGT-028,AGC-004,2024-05-29,2026-05-19,Actif,14511000,1451000,Trimestrielle,Non,Virement bancaire,24
CTR-03934,CLT-0632,PRD-001,AGT-008,AGC-001,2024-04-30,2025-04-25,Expiré,2996000,240000,Semestrielle,Non,Mobile Money,12
CTR-03935,CLT-0958,PRD-005,AGT-034,AGC-005,2024-04-05,2026-03-26,Actif,1073000,64000,Trimestrielle,Non,Carte bancaire,24
CTR-03936,CLT-0080,PRD-001,AGT-024,AGC-003,2024-04-03,2026-03-24,Actif,4252000,340000,Trimestrielle,Non,Espèces,24
CTR-03937,CLT-0458,PRD-006,AGT-016,AGC-002,2024-06-02,2025-05-28,Expiré,7264000,799000,Annuelle,Oui,Mobile Money,12
CTR-03938,CLT-0049,PRD-005,AGT-046,AGC-008,2023-05-12,2024-05-06,Expiré,2246000,135000,Trimestrielle,Non,Carte bancaire,12
CTR-03939,CLT-0009,PRD-006,AGT-006,AGC-001,2024-08-06,2026-07-27,Actif,15711000,1728000,Mensuelle,Non,Carte bancaire,24
CTR-03940,CLT-0088,PRD-007,AGT-011,AGC-002,2024-02-21,2026-02-10,Actif,57500000,6900000,Trimestrielle,Non,Carte bancaire,24
CTR-03941,CLT-0901,PRD-005,AGT-014,AGC-002,2025-06-17,2026-06-12,Actif,1370000,82000,Mensuelle,Non,Chèque,12
CTR-03942,CLT-0827,PRD-006,AGT-018,AGC-003,2025-03-21,2026-03-16,Actif,12401000,1364000,Trimestrielle,Non,Mobile Money,12
CTR-03943,CLT-0062,PRD-008,AGT-027,AGC-004,2024-10-24,2025-10-19,Résilié,45049000,5856000,Mensuelle,Non,Mobile Money,12
CTR-03944,CLT-0216,PRD-003,AGT-005,AGC-001,2023-12-14,2025-12-03,Expiré,14762000,1329000,Semestrielle,Non,Carte bancaire,24
CTR-03945,CLT-0457,PRD-001,AGT-017,AGC-002,2023-12-21,2025-12-10,Expiré,2043000,163000,Trimestrielle,Non,Espèces,24
CTR-03946,CLT-0911,PRD-008,AGT-051,AGC-009,2024-10-09,2025-10-04,Expiré,26711000,3472000,Mensuelle,Non,Mobile Money,12
CTR-03947,CLT-0262,PRD-001,AGT-013,AGC-002,2024-03-28,2026-03-18,Actif,2217000,177000,Annuelle,Non,Mobile Money,24
CTR-03948,CLT-0552,PRD-006,AGT-048,AGC-008,2023-04-30,2024-04-24,Expiré,13142000,1446000,Semestrielle,Non,Virement bancaire,12
CTR-03949,CLT-0661,PRD-002,AGT-052,AGC-009,2023-10-23,2024-10-17,Expiré,8143000,814000,Semestrielle,Oui,Mobile Money,12
CTR-03950,CLT-0241,PRD-005,AGT-011,AGC-002,2024-10-17,2025-10-12,Résilié,2209000,133000,Trimestrielle,Non,Mobile Money,12
CTR-03951,CLT-0876,PRD-002,AGT-047,AGC-008,2023-10-11,2025-09-30,Résilié,6815000,682000,Semestrielle,Non,Virement bancaire,24
CTR-03952,CLT-0653,PRD-007,AGT-044,AGC-007,2025-03-13,2027-03-03,Actif,33809000,4057000,Mensuelle,Non,Mobile Money,24
CTR-03953,CLT-0656,PRD-003,AGT-059,AGC-012,2023-01-21,2024-01-16,Expiré,18673000,1681000,Mensuelle,Oui,Espèces,12
CTR-03954,CLT-0360,PRD-004,AGT-003,AGC-001,2024-08-11,2026-08-01,Actif,4502000,315000,Mensuelle,Non,Espèces,24
CTR-03955,CLT-0375,PRD-003,AGT-036,AGC-006,2023-12-01,2025-11-20,Expiré,13422000,1208000,Trimestrielle,Non,Mobile Money,24
CTR-03956,CLT-0946,PRD-005,AGT-012,AGC-002,2025-02-16,2027-02-06,Actif,1094000,66000,Mensuelle,Non,Virement bancaire,24
CTR-03957,CLT-0801,PRD-001,AGT-010,AGC-002,2023-10-09,2024-10-03,Expiré,4666000,373000,Trimestrielle,Non,Mobile Money,12
CTR-03958,CLT-0161,PRD-006,AGT-058,AGC-011,2023-04-20,2025-04-09,Expiré,13387000,1473000,Trimestrielle,Non,Mobile Money,24
CTR-03959,CLT-0175,PRD-003,AGT-004,AGC-001,2023-06-14,2026-05-29,Actif,11817000,1064000,Semestrielle,Non,Chèque,36
CTR-03960,CLT-0200,PRD-006,AGT-001,AGC-001,2024-03-08,2026-02-26,Actif,5834000,642000,Trimestrielle,Non,Virement bancaire,24
CTR-03961,CLT-0690,PRD-006,AGT-060,AGC-012,2023-10-07,2025-09-26,Expiré,15828000,1741000,Mensuelle,Non,Espèces,24
CTR-03962,CLT-0761,PRD-001,AGT-003,AGC-001,2023-02-03,2024-01-29,Expiré,2914000,233000,Mensuelle,Oui,Carte bancaire,12
CTR-03963,CLT-0148,PRD-002,AGT-015,AGC-002,2023-05-03,2025-04-22,Résilié,6520000,652000,Semestrielle,Non,Mobile Money,24
CTR-03964,CLT-0812,PRD-001,AGT-030,AGC-005,2023-12-12,2024-12-06,Expiré,1782000,143000,Annuelle,Oui,Mobile Money,12
CTR-03965,CLT-0183,PRD-001,AGT-025,AGC-004,2023-10-21,2024-10-15,Expiré,2917000,233000,Mensuelle,Oui,Espèces,12
CTR-03966,CLT-0478,PRD-002,AGT-058,AGC-011,2025-06-10,2026-06-05,Actif,8053000,805000,Trimestrielle,Oui,Chèque,12
CTR-03967,CLT-0169,PRD-004,AGT-018,AGC-003,2024-05-12,2026-05-02,Actif,8891000,622000,Trimestrielle,Non,Carte bancaire,24
CTR-03968,CLT-0462,PRD-008,AGT-055,AGC-010,2023-02-28,2024-02-23,Expiré,30496000,3964000,Mensuelle,Non,Chèque,12
CTR-03969,CLT-0155,PRD-008,AGT-027,AGC-004,2023-06-18,2024-06-12,Expiré,40157000,5220000,Annuelle,Oui,Carte bancaire,12
CTR-03970,CLT-0408,PRD-005,AGT-037,AGC-006,2023-10-13,2024-10-07,Expiré,2302000,138000,Mensuelle,Non,Espèces,12
CTR-03971,CLT-0958,PRD-006,AGT-021,AGC-003,2025-01-11,2027-01-01,Actif,11498000,1265000,Trimestrielle,Oui,Mobile Money,24
CTR-03972,CLT-0675,PRD-004,AGT-026,AGC-004,2023-05-04,2025-04-23,Expiré,4666000,327000,Semestrielle,Non,Virement bancaire,24
CTR-03973,CLT-0036,PRD-002,AGT-035,AGC-006,2023-02-21,2024-02-16,Expiré,7418000,742000,Semestrielle,Non,Mobile Money,12
CTR-03974,CLT-0301,PRD-001,AGT-042,AGC-007,2023-07-23,2024-07-17,Résilié,2084000,167000,Semestrielle,Non,Mobile Money,12
CTR-03975,CLT-0900,PRD-001,AGT-006,AGC-001,2024-02-28,2026-02-17,Actif,4412000,353000,Trimestrielle,Oui,Espèces,24
CTR-03976,CLT-0772,PRD-002,AGT-037,AGC-006,2025-04-07,2026-04-02,Actif,6353000,635000,Annuelle,Non,Carte bancaire,12
CTR-03977,CLT-0088,PRD-004,AGT-007,AGC-001,2023-11-24,2025-11-13,Expiré,3232000,226000,Trimestrielle,Oui,Virement bancaire,24
CTR-03978,CLT-0779,PRD-001,AGT-047,AGC-008,2023-04-27,2024-04-21,Expiré,2100000,168000,Annuelle,Non,Virement bancaire,12
CTR-03979,CLT-0416,PRD-004,AGT-056,AGC-011,2023-05-14,2025-05-03,Expiré,8468000,593000,Mensuelle,Oui,Virement bancaire,24
CTR-03980,CLT-0339,PRD-006,AGT-028,AGC-004,2023-03-30,2024-03-24,Expiré,14691000,1616000,Mensuelle,Oui,Chèque,12
CTR-03981,CLT-0373,PRD-007,AGT-055,AGC-010,2025-06-02,2027-05-23,Actif,31800000,3816000,Semestrielle,Oui,Mobile Money,24
CTR-03982,CLT-0679,PRD-002,AGT-026,AGC-004,2024-04-28,2025-04-23,Expiré,9084000,908000,Semestrielle,Oui,Espèces,12
CTR-03983,CLT-0399,PRD-003,AGT-023,AGC-003,2024-06-14,2025-06-09,Résilié,8776000,790000,Trimestrielle,Non,Mobile Money,12
CTR-03984,CLT-0053,PRD-001,AGT-012,AGC-002,2024-05-11,2027-04-26,Actif,2005000,160000,Trimestrielle,Oui,Carte bancaire,36
CTR-03985,CLT-0288,PRD-003,AGT-003,AGC-001,2024-07-27,2025-07-22,Résilié,8431000,759000,Mensuelle,Non,Espèces,12
CTR-03986,CLT-0115,PRD-002,AGT-028,AGC-004,2025-04-23,2026-04-18,Actif,10623000,1062000,Mensuelle,Oui,Espèces,12
CTR-03987,CLT-0418,PRD-008,AGT-044,AGC-007,2023-10-13,2025-10-02,Expiré,26835000,3489000,Semestrielle,Non,Espèces,24
CTR-03988,CLT-0253,PRD-006,AGT-048,AGC-008,2025-01-18,2026-01-13,Actif,24320000,2675000,Annuelle,Oui,Espèces,12
CTR-03989,CLT-0483,PRD-001,AGT-053,AGC-010,2025-03-11,2028-02-24,Actif,5307000,425000,Mensuelle,Non,Chèque,36
CTR-03990,CLT-0427,PRD-008,AGT-035,AGC-006,2024-08-26,2026-08-16,Actif,91969000,11956000,Trimestrielle,Oui,Virement bancaire,24
CTR-03991,CLT-0270,PRD-001,AGT-016,AGC-002,2025-01-10,2026-01-05,Actif,2013000,161000,Trimestrielle,Oui,Carte bancaire,12
CTR-03992,CLT-0191,PRD-004,AGT-031,AGC-005,2024-02-04,2025-01-29,Expiré,8254000,578000,Trimestrielle,Non,Espèces,12
CTR-03993,CLT-0152,PRD-001,AGT-015,AGC-002,2023-09-01,2024-08-26,Expiré,1837000,147000,Semestrielle,Non,Carte bancaire,12
CTR-03994,CLT-0191,PRD-004,AGT-054,AGC-010,2024-01-06,2024-12-31,Expiré,5836000,409000,Annuelle,Non,Carte bancaire,12
CTR-03995,CLT-0433,PRD-001,AGT-024,AGC-003,2023-10-31,2025-10-20,Expiré,4576000,366000,Semestrielle,Oui,Mobile Money,24
CTR-03996,CLT-0739,PRD-001,AGT-042,AGC-007,2025-04-27,2026-04-22,Actif,5368000,429000,Trimestrielle,Non,Virement bancaire,12
CTR-03997,CLT-0929,PRD-008,AGT-002,AGC-001,2024-06-08,2025-06-03,Résilié,25096000,3262000,Mensuelle,Non,Espèces,12
CTR-03998,CLT-0755,PRD-004,AGT-030,AGC-005,2024-07-04,2025-06-29,Expiré,8485000,594000,Annuelle,Non,Chèque,12
CTR-03999,CLT-0444,PRD-004,AGT-039,AGC-006,2023-12-15,2026-11-29,Actif,7514000,526000,Trimestrielle,Non,Virement bancaire,36
CTR-04000,CLT-0431,PRD-005,AGT-022,AGC-003,2024-09-25,2027-09-10,Actif,2403000,144000,Semestrielle,Non,Chèque,36
CTR-04001,CLT-0423,PRD-004,AGT-023,AGC-003,2023-07-08,2024-07-02,Expiré,13336000,934000,Semestrielle,Non,Carte bancaire,12
CTR-04002,CLT-0703,PRD-001,AGT-017,AGC-002,2024-11-13,2025-11-08,Expiré,4606000,368000,Mensuelle,Oui,Virement bancaire,12
CTR-04003,CLT-0873,PRD-003,AGT-018,AGC-003,2024-05-24,2025-05-19,Expiré,11498000,1035000,Mensuelle,Oui,Espèces,12
CTR-04004,CLT-0191,PRD-005,AGT-002,AGC-001,2025-04-09,2027-03-30,Actif,1931000,116000,Annuelle,Non,Espèces,24
CTR-04005,CLT-0751,PRD-007,AGT-035,AGC-006,2023-08-27,2024-08-21,Expiré,50666000,6080000,Semestrielle,Oui,Virement bancaire,12
CTR-04006,CLT-0375,PRD-004,AGT-042,AGC-007,2023-01-16,2024-01-11,Expiré,5266000,369000,Mensuelle,Oui,Mobile Money,12
CTR-04007,CLT-0979,PRD-003,AGT-060,AGC-012,2024-10-27,2025-10-22,Expiré,16893000,1520000,Mensuelle,Oui,Virement bancaire,12
CTR-04008,CLT-0987,PRD-001,AGT-035,AGC-006,2024-01-25,2025-01-19,Résilié,4159000,333000,Mensuelle,Non,Virement bancaire,12
CTR-04009,CLT-0719,PRD-003,AGT-013,AGC-002,2023-09-06,2026-08-21,Actif,10605000,954000,Mensuelle,Non,Mobile Money,36
CTR-04010,CLT-0497,PRD-007,AGT-031,AGC-005,2024-12-06,2026-11-26,Actif,11630000,1396000,Mensuelle,Non,Chèque,24
CTR-04011,CLT-0607,PRD-008,AGT-010,AGC-002,2023-06-27,2026-06-11,Actif,84839000,11029000,Mensuelle,Oui,Virement bancaire,36
CTR-04012,CLT-0587,PRD-008,AGT-059,AGC-012,2024-03-13,2026-03-03,Actif,42686000,5549000,Semestrielle,Oui,Espèces,24
CTR-04013,CLT-0310,PRD-003,AGT-042,AGC-007,2023-04-13,2024-04-07,Résilié,14596000,1314000,Mensuelle,Non,Mobile Money,12
CTR-04014,CLT-0478,PRD-005,AGT-049,AGC-009,2024-03-17,2025-03-12,Résilié,1001000,60000,Mensuelle,Non,Mobile Money,12
CTR-04015,CLT-0021,PRD-004,AGT-036,AGC-006,2024-01-27,2025-01-21,Expiré,6906000,483000,Trimestrielle,Non,Carte bancaire,12
CTR-04016,CLT-0875,PRD-003,AGT-011,AGC-002,2023-06-28,2024-06-22,Expiré,12784000,1151000,Annuelle,Non,Virement bancaire,12
CTR-04017,CLT-0398,PRD-005,AGT-022,AGC-003,2024-03-12,2025-03-07,Expiré,416000,25000,Trimestrielle,Oui,Virement bancaire,12
CTR-04018,CLT-0067,PRD-005,AGT-060,AGC-012,2025-06-29,2026-06-24,Actif,2806000,168000,Trimestrielle,Non,Virement bancaire,12
CTR-04019,CLT-0572,PRD-003,AGT-014,AGC-002,2023-01-15,2025-01-04,Résilié,12466000,1122000,Mensuelle,Non,Mobile Money,24
CTR-04020,CLT-0253,PRD-007,AGT-020,AGC-003,2023-12-01,2025-11-20,Expiré,51896000,6228000,Mensuelle,Non,Mobile Money,24
CTR-04021,CLT-0866,PRD-006,AGT-056,AGC-011,2023-08-21,2025-08-10,Expiré,21908000,2410000,Mensuelle,Non,Mobile Money,24
CTR-04022,CLT-0839,PRD-004,AGT-005,AGC-001,2023-04-02,2024-03-27,Expiré,6621000,463000,Trimestrielle,Oui,Espèces,12
CTR-04023,CLT-0694,PRD-006,AGT-015,AGC-002,2024-10-23,2025-10-18,Expiré,23901000,2629000,Annuelle,Oui,Espèces,12
CTR-04024,CLT-0635,PRD-008,AGT-026,AGC-004,2025-04-22,2027-04-12,Actif,30200000,3926000,Semestrielle,Oui,Virement bancaire,24
CTR-04025,CLT-0633,PRD-004,AGT-054,AGC-010,2025-06-22,2027-06-12,Actif,4865000,341000,Trimestrielle,Non,Mobile Money,24
CTR-04026,CLT-0821,PRD-005,AGT-006,AGC-001,2024-12-30,2026-12-20,Actif,2474000,148000,Semestrielle,Oui,Espèces,24
CTR-04027,CLT-0415,PRD-001,AGT-025,AGC-004,2024-04-17,2026-04-07,Actif,4878000,390000,Annuelle,Non,Chèque,24
CTR-04028,CLT-0351,PRD-004,AGT-019,AGC-003,2024-09-12,2025-09-07,Expiré,2334000,163000,Trimestrielle,Non,Mobile Money,12
CTR-04029,CLT-0798,PRD-005,AGT-034,AGC-005,2024-02-27,2025-02-21,Résilié,1635000,98000,Semestrielle,Non,Virement bancaire,12
CTR-04030,CLT-0534,PRD-003,AGT-042,AGC-007,2023-05-05,2024-04-29,Expiré,12993000,1169000,Annuelle,Non,Espèces,12
CTR-04031,CLT-0919,PRD-004,AGT-003,AGC-001,2023-03-14,2024-03-08,Expiré,8112000,568000,Semestrielle,Non,Mobile Money,12
CTR-04032,CLT-0399,PRD-001,AGT-055,AGC-010,2024-01-05,2024-12-30,Expiré,1579000,126000,Mensuelle,Non,Virement bancaire,12
CTR-04033,CLT-0497,PRD-005,AGT-025,AGC-004,2023-07-25,2024-07-19,Résilié,1248000,75000,Annuelle,Non,Carte bancaire,12
CTR-04034,CLT-0238,PRD-001,AGT-023,AGC-003,2025-06-21,2026-06-16,Actif,5238000,419000,Mensuelle,Non,Virement bancaire,12
CTR-04035,CLT-0597,PRD-001,AGT-042,AGC-007,2025-02-23,2027-02-13,Actif,4686000,375000,Mensuelle,Non,Mobile Money,24
CTR-04036,CLT-0847,PRD-006,AGT-016,AGC-002,2023-04-16,2024-04-10,Expiré,7367000,810000,Trimestrielle,Non,Mobile Money,12
CTR-04037,CLT-0578,PRD-001,AGT-003,AGC-001,2025-04-22,2026-04-17,Actif,4150000,332000,Mensuelle,Oui,Espèces,12
CTR-04038,CLT-0705,PRD-003,AGT-002,AGC-001,2023-11-08,2024-11-02,Résilié,15588000,1403000,Trimestrielle,Non,Virement bancaire,12
CTR-04039,CLT-0057,PRD-006,AGT-060,AGC-012,2023-05-10,2024-05-04,Expiré,28785000,3166000,Semestrielle,Oui,Chèque,12
CTR-04040,CLT-0354,PRD-004,AGT-047,AGC-008,2024-01-21,2027-01-05,Actif,3982000,279000,Trimestrielle,Oui,Espèces,36
CTR-04041,CLT-0844,PRD-008,AGT-047,AGC-008,2025-06-24,2027-06-14,Actif,71753000,9328000,Annuelle,Oui,Mobile Money,24
CTR-04042,CLT-0298,PRD-004,AGT-046,AGC-008,2023-10-29,2024-10-23,Expiré,4956000,347000,Semestrielle,Oui,Carte bancaire,12
CTR-04043,CLT-0678,PRD-007,AGT-010,AGC-002,2023-07-26,2024-07-20,Expiré,22154000,2658000,Annuelle,Non,Espèces,12
CTR-04044,CLT-0497,PRD-005,AGT-041,AGC-007,2023-07-28,2024-07-22,Expiré,814000,49000,Semestrielle,Non,Chèque,12
CTR-04045,CLT-0721,PRD-007,AGT-053,AGC-010,2024-07-14,2026-07-04,Actif,21960000,2635000,Semestrielle,Non,Mobile Money,24
CTR-04046,CLT-0095,PRD-007,AGT-038,AGC-006,2024-11-12,2025-11-07,Expiré,20987000,2518000,Trimestrielle,Non,Chèque,12
CTR-04047,CLT-0682,PRD-004,AGT-035,AGC-006,2024-07-11,2026-07-01,Actif,8503000,595000,Annuelle,Oui,Chèque,24
CTR-04048,CLT-0571,PRD-002,AGT-022,AGC-003,2024-11-27,2025-11-22,Expiré,9406000,941000,Semestrielle,Non,Mobile Money,12
CTR-04049,CLT-0623,PRD-007,AGT-015,AGC-002,2024-03-09,2025-03-04,Expiré,66308000,7957000,Semestrielle,Non,Mobile Money,12
CTR-04050,CLT-0932,PRD-006,AGT-044,AGC-007,2024-02-05,2025-01-30,Résilié,19028000,2093000,Mensuelle,Non,Carte bancaire,12
CTR-04051,CLT-0680,PRD-001,AGT-027,AGC-004,2024-09-29,2025-09-24,Expiré,3162000,253000,Mensuelle,Non,Mobile Money,12
CTR-04052,CLT-0622,PRD-001,AGT-036,AGC-006,2024-09-29,2026-09-19,Actif,4185000,335000,Annuelle,Oui,Virement bancaire,24
CTR-04053,CLT-0630,PRD-003,AGT-030,AGC-005,2023-01-26,2024-01-21,Expiré,5718000,515000,Trimestrielle,Oui,Mobile Money,12
CTR-04054,CLT-0994,PRD-008,AGT-051,AGC-009,2024-07-07,2026-06-27,Actif,79433000,10326000,Semestrielle,Non,Mobile Money,24
CTR-04055,CLT-0631,PRD-004,AGT-009,AGC-001,2024-01-06,2024-12-31,Expiré,7174000,502000,Mensuelle,Oui,Chèque,12
CTR-04056,CLT-0650,PRD-005,AGT-055,AGC-010,2024-01-08,2025-12-28,Expiré,978000,59000,Trimestrielle,Non,Espèces,24
CTR-04057,CLT-0458,PRD-002,AGT-024,AGC-003,2025-01-15,2027-01-05,Actif,8395000,840000,Mensuelle,Non,Espèces,24
CTR-04058,CLT-0138,PRD-001,AGT-043,AGC-007,2024-04-12,2025-04-07,Expiré,1969000,158000,Semestrielle,Non,Virement bancaire,12
CTR-04059,CLT-0961,PRD-008,AGT-011,AGC-002,2023-01-27,2026-01-11,Actif,49551000,6442000,Mensuelle,Oui,Virement bancaire,36
CTR-04060,CLT-0236,PRD-005,AGT-002,AGC-001,2023-02-26,2026-02-10,Actif,2300000,138000,Trimestrielle,Non,Virement bancaire,36
CTR-04061,CLT-0838,PRD-007,AGT-015,AGC-002,2025-06-24,2028-06-08,Actif,17788000,2135000,Mensuelle,Oui,Espèces,36
CTR-04062,CLT-0781,PRD-005,AGT-046,AGC-008,2023-08-01,2025-07-21,Expiré,803000,48000,Trimestrielle,Oui,Mobile Money,24
CTR-04063,CLT-0546,PRD-005,AGT-003,AGC-001,2024-05-15,2025-05-10,Expiré,3279000,197000,Trimestrielle,Oui,Carte bancaire,12
CTR-04064,CLT-0356,PRD-004,AGT-037,AGC-006,2024-02-12,2027-01-27,Actif,5862000,410000,Annuelle,Oui,Virement bancaire,36
CTR-04065,CLT-0743,PRD-003,AGT-034,AGC-005,2025-01-21,2026-01-16,Actif,13498000,1215000,Mensuelle,Oui,Mobile Money,12
CTR-04066,CLT-0214,PRD-006,AGT-019,AGC-003,2025-02-12,2026-02-07,Actif,16113000,1772000,Annuelle,Non,Mobile Money,12
CTR-04067,CLT-0428,PRD-008,AGT-047,AGC-008,2024-07-10,2025-07-05,Expiré,52328000,6803000,Trimestrielle,Oui,Virement bancaire,12
CTR-04068,CLT-0694,PRD-004,AGT-042,AGC-007,2023-05-01,2024-04-25,Résilié,12917000,904000,Mensuelle,Non,Mobile Money,12
CTR-04069,CLT-0748,PRD-006,AGT-020,AGC-003,2025-06-04,2026-05-30,Actif,11834000,1302000,Mensuelle,Non,Virement bancaire,12
CTR-04070,CLT-0895,PRD-008,AGT-022,AGC-003,2024-04-12,2025-04-07,Résilié,46856000,6091000,Trimestrielle,Non,Virement bancaire,12
CTR-04071,CLT-0633,PRD-003,AGT-049,AGC-009,2025-03-15,2027-03-05,Actif,11264000,1014000,Mensuelle,Non,Chèque,24
CTR-04072,CLT-0400,PRD-002,AGT-041,AGC-007,2024-05-31,2025-05-26,Expiré,6140000,614000,Trimestrielle,Oui,Espèces,12
CTR-04073,CLT-0818,PRD-005,AGT-003,AGC-001,2023-07-04,2024-06-28,Expiré,2999000,180000,Semestrielle,Non,Espèces,12
CTR-04074,CLT-0837,PRD-005,AGT-016,AGC-002,2025-06-18,2027-06-08,Actif,2734000,164000,Trimestrielle,Non,Virement bancaire,24
CTR-04075,CLT-0909,PRD-007,AGT-027,AGC-004,2024-08-27,2026-08-17,Actif,41502000,4980000,Mensuelle,Oui,Virement bancaire,24
CTR-04076,CLT-0971,PRD-003,AGT-024,AGC-003,2024-07-27,2025-07-22,Expiré,9554000,860000,Semestrielle,Oui,Carte bancaire,12
CTR-04077,CLT-0340,PRD-004,AGT-039,AGC-006,2024-09-15,2026-09-05,Actif,9569000,670000,Annuelle,Non,Mobile Money,24
CTR-04078,CLT-0356,PRD-002,AGT-024,AGC-003,2024-10-22,2026-10-12,Actif,11753000,1175000,Semestrielle,Oui,Mobile Money,24
CTR-04079,CLT-0696,PRD-003,AGT-001,AGC-001,2024-08-08,2026-07-29,Actif,3789000,341000,Semestrielle,Oui,Carte bancaire,24
CTR-04080,CLT-0469,PRD-002,AGT-002,AGC-001,2023-10-22,2025-10-11,Expiré,5680000,568000,Semestrielle,Non,Virement bancaire,24
CTR-04081,CLT-0099,PRD-008,AGT-001,AGC-001,2023-10-16,2025-10-05,Expiré,60387000,7850000,Annuelle,Oui,Virement bancaire,24
CTR-04082,CLT-0464,PRD-007,AGT-059,AGC-012,2023-01-29,2025-01-18,Expiré,41954000,5034000,Mensuelle,Non,Chèque,24
CTR-04083,CLT-0298,PRD-003,AGT-041,AGC-007,2023-04-02,2024-03-27,Expiré,3200000,288000,Mensuelle,Non,Espèces,12
CTR-04084,CLT-0527,PRD-002,AGT-038,AGC-006,2023-11-25,2024-11-19,Expiré,7722000,772000,Trimestrielle,Non,Espèces,12
CTR-04085,CLT-0383,PRD-002,AGT-018,AGC-003,2024-09-12,2025-09-07,Expiré,6957000,696000,Trimestrielle,Non,Espèces,12
CTR-04086,CLT-0857,PRD-007,AGT-052,AGC-009,2024-11-04,2027-10-20,Actif,59347000,7122000,Mensuelle,Non,Virement bancaire,36
CTR-04087,CLT-0602,PRD-002,AGT-015,AGC-002,2025-04-15,2026-04-10,Actif,16025000,1602000,Annuelle,Oui,Mobile Money,12
CTR-04088,CLT-0869,PRD-005,AGT-060,AGC-012,2024-08-25,2026-08-15,Actif,1484000,89000,Trimestrielle,Oui,Espèces,24
CTR-04089,CLT-0420,PRD-004,AGT-050,AGC-009,2024-03-01,2025-02-24,Expiré,7744000,542000,Semestrielle,Non,Carte bancaire,12
CTR-04090,CLT-0613,PRD-001,AGT-055,AGC-010,2024-10-22,2025-10-17,Expiré,1568000,125000,Mensuelle,Oui,Carte bancaire,12
CTR-04091,CLT-0674,PRD-001,AGT-057,AGC-011,2024-01-10,2026-12-25,Actif,3980000,318000,Mensuelle,Oui,Chèque,36
CTR-04092,CLT-0481,PRD-002,AGT-014,AGC-002,2025-06-20,2026-06-15,Actif,6769000,677000,Trimestrielle,Non,Mobile Money,12
CTR-04093,CLT-0368,PRD-004,AGT-027,AGC-004,2024-08-29,2026-08-19,Actif,3699000,259000,Trimestrielle,Non,Virement bancaire,24
CTR-04094,CLT-0510,PRD-007,AGT-009,AGC-001,2023-04-01,2025-03-21,Expiré,79565000,9548000,Mensuelle,Non,Mobile Money,24
CTR-04095,CLT-0816,PRD-003,AGT-012,AGC-002,2023-08-02,2024-07-27,Expiré,4997000,450000,Annuelle,Oui,Espèces,12
CTR-04096,CLT-0477,PRD-007,AGT-046,AGC-008,2024-05-16,2025-05-11,Expiré,30813000,3698000,Trimestrielle,Oui,Carte bancaire,12
CTR-04097,CLT-0632,PRD-005,AGT-049,AGC-009,2023-07-16,2025-07-05,Expiré,1920000,115000,Annuelle,Non,Espèces,24
CTR-04098,CLT-0056,PRD-002,AGT-026,AGC-004,2025-06-01,2026-05-27,Actif,8830000,883000,Annuelle,Non,Virement bancaire,12
CTR-04099,CLT-0426,PRD-007,AGT-033,AGC-005,2023-04-25,2025-04-14,Expiré,24546000,2946000,Annuelle,Oui,Chèque,24
CTR-04100,CLT-0606,PRD-001,AGT-041,AGC-007,2024-06-07,2025-06-02,Expiré,4177000,334000,Semestrielle,Non,Mobile Money,12
CTR-04101,CLT-0800,PRD-005,AGT-056,AGC-011,2025-05-22,2027-05-12,Actif,510000,31000,Semestrielle,Non,Mobile Money,24
CTR-04102,CLT-0036,PRD-002,AGT-053,AGC-010,2025-05-09,2026-05-04,Actif,9341000,934000,Trimestrielle,Non,Carte bancaire,12
CTR-04103,CLT-0094,PRD-004,AGT-015,AGC-002,2024-06-17,2025-06-12,Expiré,3939000,276000,Mensuelle,Oui,Carte bancaire,12
CTR-04104,CLT-0878,PRD-001,AGT-058,AGC-011,2024-05-13,2026-05-03,Actif,3436000,275000,Trimestrielle,Non,Espèces,24
CTR-04105,CLT-0395,PRD-008,AGT-001,AGC-001,2024-03-03,2025-02-26,Expiré,85876000,11164000,Mensuelle,Non,Mobile Money,12
CTR-04106,CLT-0794,PRD-005,AGT-023,AGC-003,2024-10-13,2026-10-03,Actif,1769000,106000,Mensuelle,Oui,Virement bancaire,24
CTR-04107,CLT-0120,PRD-006,AGT-015,AGC-002,2023-02-14,2025-02-03,Expiré,9796000,1078000,Semestrielle,Oui,Mobile Money,24
CTR-04108,CLT-0706,PRD-008,AGT-055,AGC-010,2023-12-01,2024-11-25,Expiré,57256000,7443000,Trimestrielle,Non,Mobile Money,12
CTR-04109,CLT-0600,PRD-008,AGT-014,AGC-002,2024-11-15,2027-10-31,Actif,58796000,7643000,Trimestrielle,Non,Mobile Money,36
CTR-04110,CLT-0478,PRD-007,AGT-035,AGC-006,2023-10-23,2024-10-17,Expiré,25332000,3040000,Mensuelle,Oui,Carte bancaire,12
CTR-04111,CLT-0422,PRD-002,AGT-010,AGC-002,2023-09-27,2025-09-16,Expiré,10984000,1098000,Trimestrielle,Oui,Virement bancaire,24
CTR-04112,CLT-0372,PRD-004,AGT-027,AGC-004,2025-01-26,2026-01-21,Actif,4220000,295000,Trimestrielle,Non,Mobile Money,12
CTR-04113,CLT-0683,PRD-006,AGT-015,AGC-002,2025-06-04,2026-05-30,Actif,16205000,1783000,Mensuelle,Oui,Mobile Money,12
CTR-04114,CLT-0085,PRD-003,AGT-031,AGC-005,2023-03-20,2024-03-14,Expiré,7056000,635000,Semestrielle,Non,Chèque,12
CTR-04115,CLT-0349,PRD-002,AGT-013,AGC-002,2024-05-14,2025-05-09,Résilié,5060000,506000,Annuelle,Non,Mobile Money,12
CTR-04116,CLT-0125,PRD-008,AGT-012,AGC-002,2023-06-17,2024-06-11,Expiré,38800000,5044000,Annuelle,Non,Virement bancaire,12
CTR-04117,CLT-0873,PRD-004,AGT-011,AGC-002,2023-07-10,2024-07-04,Expiré,3607000,252000,Trimestrielle,Non,Espèces,12
CTR-04118,CLT-0456,PRD-002,AGT-008,AGC-001,2023-12-20,2024-12-14,Expiré,17384000,1738000,Trimestrielle,Oui,Espèces,12
CTR-04119,CLT-0611,PRD-008,AGT-034,AGC-005,2024-05-16,2027-05-01,Actif,30730000,3995000,Mensuelle,Non,Chèque,36
CTR-04120,CLT-0544,PRD-003,AGT-028,AGC-004,2024-01-10,2025-01-04,Résilié,20663000,1860000,Annuelle,Non,Chèque,12
CTR-04121,CLT-0967,PRD-002,AGT-058,AGC-011,2024-09-10,2025-09-05,Résilié,10127000,1013000,Annuelle,Non,Virement bancaire,12
CTR-04122,CLT-0571,PRD-004,AGT-045,AGC-008,2024-06-24,2025-06-19,Expiré,8680000,608000,Mensuelle,Non,Espèces,12
CTR-04123,CLT-0838,PRD-007,AGT-032,AGC-005,2023-05-19,2025-05-08,Expiré,22760000,2731000,Annuelle,Oui,Virement bancaire,24
CTR-04124,CLT-0915,PRD-008,AGT-024,AGC-003,2023-11-13,2024-11-07,Expiré,65789000,8553000,Annuelle,Non,Mobile Money,12
CTR-04125,CLT-0641,PRD-001,AGT-004,AGC-001,2023-07-09,2024-07-03,Expiré,3641000,291000,Annuelle,Non,Carte bancaire,12
CTR-04126,CLT-0887,PRD-001,AGT-038,AGC-006,2023-08-19,2024-08-13,Expiré,1968000,157000,Mensuelle,Non,Mobile Money,12
CTR-04127,CLT-0816,PRD-005,AGT-046,AGC-008,2023-11-10,2024-11-04,Expiré,2146000,129000,Annuelle,Non,Espèces,12
CTR-04128,CLT-0139,PRD-001,AGT-054,AGC-010,2024-05-22,2026-05-12,Actif,3389000,271000,Annuelle,Non,Chèque,24
CTR-04129,CLT-0052,PRD-001,AGT-050,AGC-009,2024-04-27,2026-04-17,Actif,4987000,399000,Semestrielle,Oui,Espèces,24
CTR-04130,CLT-0039,PRD-003,AGT-030,AGC-005,2023-12-31,2024-12-25,Résilié,6868000,618000,Mensuelle,Non,Carte bancaire,12
CTR-04131,CLT-0475,PRD-004,AGT-030,AGC-005,2024-03-12,2025-03-07,Résilié,2394000,168000,Mensuelle,Non,Mobile Money,12
CTR-04132,CLT-0054,PRD-003,AGT-010,AGC-002,2025-02-08,2026-02-03,Actif,8251000,743000,Semestrielle,Oui,Espèces,12
CTR-04133,CLT-0100,PRD-003,AGT-021,AGC-003,2024-01-12,2025-01-06,Résilié,4173000,376000,Trimestrielle,Non,Mobile Money,12
CTR-04134,CLT-0551,PRD-003,AGT-050,AGC-009,2024-08-22,2026-08-12,Actif,14830000,1335000,Mensuelle,Non,Mobile Money,24
CTR-04135,CLT-0818,PRD-003,AGT-035,AGC-006,2025-02-01,2027-01-22,Actif,10008000,901000,Trimestrielle,Non,Carte bancaire,24
CTR-04136,CLT-0233,PRD-007,AGT-056,AGC-011,2023-06-28,2024-06-22,Expiré,17947000,2154000,Annuelle,Oui,Mobile Money,12
CTR-04137,CLT-0138,PRD-003,AGT-003,AGC-001,2024-09-02,2026-08-23,Actif,14211000,1279000,Mensuelle,Non,Carte bancaire,24
CTR-04138,CLT-0089,PRD-001,AGT-019,AGC-003,2024-03-27,2025-03-22,Expiré,6455000,516000,Semestrielle,Non,Chèque,12
CTR-04139,CLT-0693,PRD-003,AGT-050,AGC-009,2024-08-12,2025-08-07,Expiré,13679000,1231000,Annuelle,Non,Carte bancaire,12
CTR-04140,CLT-0689,PRD-002,AGT-024,AGC-003,2023-03-20,2024-03-14,Expiré,11202000,1120000,Annuelle,Non,Espèces,12
CTR-04141,CLT-0395,PRD-003,AGT-023,AGC-003,2025-05-23,2027-05-13,Actif,4903000,441000,Trimestrielle,Non,Chèque,24
CTR-04142,CLT-0262,PRD-003,AGT-021,AGC-003,2025-02-02,2027-01-23,Actif,5008000,451000,Trimestrielle,Non,Espèces,24
CTR-04143,CLT-0312,PRD-005,AGT-032,AGC-005,2025-04-04,2026-03-30,Actif,1954000,117000,Annuelle,Non,Mobile Money,12
CTR-04144,CLT-0775,PRD-001,AGT-007,AGC-001,2023-09-24,2026-09-08,Actif,2016000,161000,Trimestrielle,Oui,Espèces,36
CTR-04145,CLT-0279,PRD-002,AGT-007,AGC-001,2023-02-10,2025-01-30,Expiré,10804000,1080000,Semestrielle,Non,Chèque,24
CTR-04146,CLT-0228,PRD-001,AGT-018,AGC-003,2023-12-23,2024-12-17,Expiré,4608000,369000,Trimestrielle,Non,Chèque,12
CTR-04147,CLT-0099,PRD-006,AGT-037,AGC-006,2023-10-14,2025-10-03,Expiré,6868000,755000,Semestrielle,Oui,Mobile Money,24
CTR-04148,CLT-0655,PRD-003,AGT-059,AGC-012,2024-12-21,2025-12-16,Résilié,3321000,299000,Annuelle,Non,Mobile Money,12
CTR-04149,CLT-0540,PRD-006,AGT-020,AGC-003,2024-05-29,2026-05-19,Actif,23992000,2639000,Trimestrielle,Non,Virement bancaire,24
CTR-04150,CLT-0460,PRD-003,AGT-034,AGC-005,2024-08-01,2026-07-22,Actif,11536000,1038000,Trimestrielle,Oui,Mobile Money,24
CTR-04151,CLT-0166,PRD-005,AGT-035,AGC-006,2025-01-18,2027-01-08,Actif,1181000,71000,Mensuelle,Non,Mobile Money,24
CTR-04152,CLT-0414,PRD-004,AGT-033,AGC-005,2025-06-26,2027-06-16,Actif,4295000,301000,Annuelle,Non,Mobile Money,24
CTR-04153,CLT-0883,PRD-005,AGT-024,AGC-003,2024-05-07,2027-04-22,Actif,2989000,179000,Annuelle,Oui,Espèces,36
CTR-04154,CLT-0543,PRD-001,AGT-052,AGC-009,2024-06-18,2026-06-08,Actif,7139000,571000,Trimestrielle,Non,Espèces,24
CTR-04155,CLT-0978,PRD-007,AGT-055,AGC-010,2025-05-26,2026-05-21,Actif,24170000,2900000,Semestrielle,Non,Virement bancaire,12
CTR-04156,CLT-0632,PRD-004,AGT-026,AGC-004,2023-08-10,2024-08-04,Expiré,8139000,570000,Semestrielle,Non,Virement bancaire,12
CTR-04157,CLT-0811,PRD-003,AGT-033,AGC-005,2023-07-15,2024-07-09,Résilié,14967000,1347000,Trimestrielle,Non,Mobile Money,12
CTR-04158,CLT-0376,PRD-002,AGT-013,AGC-002,2024-01-21,2025-01-15,Expiré,4161000,416000,Annuelle,Oui,Mobile Money,12
CTR-04159,CLT-0989,PRD-001,AGT-056,AGC-011,2024-12-28,2025-12-23,Résilié,3120000,250000,Semestrielle,Non,Mobile Money,12
CTR-04160,CLT-0505,PRD-003,AGT-057,AGC-011,2024-08-04,2026-07-25,Actif,5666000,510000,Annuelle,Non,Virement bancaire,24
CTR-04161,CLT-0914,PRD-004,AGT-002,AGC-001,2024-04-12,2025-04-07,Expiré,2237000,157000,Semestrielle,Oui,Espèces,12
CTR-04162,CLT-0471,PRD-001,AGT-017,AGC-002,2024-08-28,2025-08-23,Expiré,4299000,344000,Mensuelle,Oui,Virement bancaire,12
CTR-04163,CLT-0999,PRD-003,AGT-031,AGC-005,2024-04-03,2025-03-29,Expiré,6714000,604000,Mensuelle,Non,Espèces,12
CTR-04164,CLT-0410,PRD-005,AGT-054,AGC-010,2024-04-26,2025-04-21,Expiré,1816000,109000,Trimestrielle,Oui,Espèces,12
CTR-04165,CLT-0645,PRD-005,AGT-048,AGC-008,2025-01-31,2027-01-21,Actif,1497000,90000,Mensuelle,Non,Chèque,24
CTR-04166,CLT-0806,PRD-002,AGT-018,AGC-003,2024-05-26,2025-05-21,Expiré,4049000,405000,Mensuelle,Oui,Virement bancaire,12
CTR-04167,CLT-0174,PRD-006,AGT-031,AGC-005,2025-06-13,2028-05-28,Actif,17281000,1901000,Annuelle,Oui,Espèces,36
CTR-04168,CLT-0945,PRD-008,AGT-009,AGC-001,2023-03-11,2025-02-28,Expiré,74228000,9650000,Mensuelle,Non,Carte bancaire,24
CTR-04169,CLT-0938,PRD-003,AGT-033,AGC-005,2025-05-13,2026-05-08,Actif,13066000,1176000,Semestrielle,Oui,Espèces,12
CTR-04170,CLT-0811,PRD-007,AGT-048,AGC-008,2023-08-23,2025-08-12,Expiré,71545000,8585000,Semestrielle,Oui,Mobile Money,24
CTR-04171,CLT-0139,PRD-008,AGT-054,AGC-010,2024-06-03,2026-05-24,Actif,24116000,3135000,Mensuelle,Non,Carte bancaire,24
CTR-04172,CLT-0497,PRD-001,AGT-047,AGC-008,2023-09-17,2025-09-06,Expiré,3583000,287000,Mensuelle,Oui,Espèces,24
CTR-04173,CLT-0283,PRD-008,AGT-002,AGC-001,2025-05-14,2026-05-09,Actif,87331000,11353000,Trimestrielle,Oui,Carte bancaire,12
CTR-04174,CLT-0652,PRD-004,AGT-021,AGC-003,2023-12-20,2025-12-09,Résilié,2014000,141000,Annuelle,Non,Mobile Money,24
CTR-04175,CLT-0992,PRD-002,AGT-048,AGC-008,2023-08-09,2024-08-03,Expiré,5817000,582000,Semestrielle,Non,Mobile Money,12
CTR-04176,CLT-0454,PRD-004,AGT-004,AGC-001,2023-06-07,2024-06-01,Expiré,2631000,184000,Annuelle,Oui,Espèces,12
CTR-04177,CLT-0241,PRD-001,AGT-028,AGC-004,2024-03-11,2026-03-01,Actif,6472000,518000,Trimestrielle,Oui,Carte bancaire,24
CTR-04178,CLT-0183,PRD-004,AGT-025,AGC-004,2024-05-25,2027-05-10,Actif,9688000,678000,Annuelle,Oui,Mobile Money,36
CTR-04179,CLT-0443,PRD-002,AGT-043,AGC-007,2024-03-03,2025-02-26,Expiré,16237000,1624000,Trimestrielle,Oui,Virement bancaire,12
CTR-04180,CLT-0971,PRD-006,AGT-033,AGC-005,2024-10-28,2025-10-23,Expiré,6401000,704000,Mensuelle,Non,Carte bancaire,12
CTR-04181,CLT-0505,PRD-001,AGT-024,AGC-003,2024-09-01,2025-08-27,Expiré,4407000,353000,Trimestrielle,Oui,Mobile Money,12
CTR-04182,CLT-0312,PRD-008,AGT-021,AGC-003,2025-01-04,2027-12-20,Actif,33384000,4340000,Semestrielle,Non,Espèces,36
CTR-04183,CLT-0203,PRD-002,AGT-029,AGC-004,2023-08-05,2025-07-25,Expiré,17016000,1702000,Mensuelle,Oui,Chèque,24
CTR-04184,CLT-0796,PRD-001,AGT-028,AGC-004,2024-03-12,2027-02-25,Actif,2400000,192000,Semestrielle,Non,Espèces,36
CTR-04185,CLT-0882,PRD-002,AGT-032,AGC-005,2024-03-14,2026-03-04,Actif,6742000,674000,Mensuelle,Oui,Carte bancaire,24
CTR-04186,CLT-0031,PRD-006,AGT-002,AGC-001,2025-05-20,2026-05-15,Actif,12695000,1396000,Annuelle,Oui,Chèque,12
CTR-04187,CLT-0301,PRD-003,AGT-055,AGC-010,2024-07-20,2025-07-15,Résilié,4637000,417000,Mensuelle,Non,Carte bancaire,12
CTR-04188,CLT-0341,PRD-006,AGT-016,AGC-002,2024-03-03,2025-02-26,Expiré,7650000,842000,Semestrielle,Non,Virement bancaire,12
CTR-04189,CLT-0426,PRD-007,AGT-047,AGC-008,2023-11-07,2025-10-27,Expiré,43227000,5187000,Annuelle,Non,Carte bancaire,24
CTR-04190,CLT-0630,PRD-004,AGT-004,AGC-001,2025-04-08,2027-03-29,Actif,6472000,453000,Semestrielle,Oui,Chèque,24
CTR-04191,CLT-0689,PRD-003,AGT-059,AGC-012,2023-11-15,2025-11-04,Expiré,6751000,608000,Trimestrielle,Non,Virement bancaire,24
CTR-04192,CLT-0858,PRD-001,AGT-004,AGC-001,2024-09-16,2025-09-11,Expiré,1896000,152000,Annuelle,Non,Chèque,12
CTR-04193,CLT-0346,PRD-001,AGT-048,AGC-008,2023-07-26,2025-07-15,Expiré,4532000,363000,Annuelle,Oui,Carte bancaire,24
CTR-04194,CLT-0621,PRD-006,AGT-040,AGC-007,2025-06-11,2027-06-01,Actif,6287000,692000,Semestrielle,Non,Carte bancaire,24
CTR-04195,CLT-0064,PRD-001,AGT-032,AGC-005,2023-10-29,2024-10-23,Expiré,3108000,249000,Annuelle,Oui,Virement bancaire,12
CTR-04196,CLT-0344,PRD-003,AGT-017,AGC-002,2024-10-20,2025-10-15,Expiré,3102000,279000,Mensuelle,Non,Carte bancaire,12
CTR-04197,CLT-0957,PRD-001,AGT-021,AGC-003,2024-03-03,2026-02-21,Actif,4765000,381000,Trimestrielle,Oui,Espèces,24
CTR-04198,CLT-0063,PRD-003,AGT-017,AGC-002,2023-03-22,2024-03-16,Expiré,14721000,1325000,Semestrielle,Oui,Mobile Money,12
CTR-04199,CLT-0607,PRD-002,AGT-047,AGC-008,2025-01-18,2026-01-13,Actif,4896000,490000,Trimestrielle,Non,Mobile Money,12
CTR-04200,CLT-0927,PRD-006,AGT-053,AGC-010,2024-02-27,2025-02-21,Expiré,12829000,1411000,Semestrielle,Oui,Mobile Money,12
CTR-04201,CLT-0319,PRD-007,AGT-020,AGC-003,2024-11-03,2025-10-29,Expiré,49525000,5943000,Annuelle,Oui,Espèces,12
CTR-04202,CLT-0521,PRD-008,AGT-026,AGC-004,2024-10-29,2025-10-24,Résilié,49369000,6418000,Semestrielle,Non,Chèque,12
CTR-04203,CLT-0557,PRD-001,AGT-057,AGC-011,2023-12-15,2024-12-09,Expiré,4048000,324000,Mensuelle,Non,Espèces,12
CTR-04204,CLT-0116,PRD-002,AGT-033,AGC-005,2023-05-02,2024-04-26,Résilié,12311000,1231000,Trimestrielle,Non,Carte bancaire,12
CTR-04205,CLT-0381,PRD-002,AGT-040,AGC-007,2025-01-08,2026-01-03,Actif,11672000,1167000,Trimestrielle,Non,Espèces,12
CTR-04206,CLT-0762,PRD-003,AGT-004,AGC-001,2023-08-31,2024-08-25,Résilié,14117000,1271000,Semestrielle,Non,Espèces,12
CTR-04207,CLT-0764,PRD-005,AGT-055,AGC-010,2023-12-21,2025-12-10,Résilié,1609000,97000,Annuelle,Non,Espèces,24
CTR-04208,CLT-0655,PRD-003,AGT-043,AGC-007,2025-05-12,2027-05-02,Actif,11018000,992000,Mensuelle,Oui,Mobile Money,24
CTR-04209,CLT-0319,PRD-003,AGT-043,AGC-007,2025-04-06,2026-04-01,Actif,5651000,509000,Annuelle,Oui,Espèces,12
CTR-04210,CLT-0360,PRD-001,AGT-013,AGC-002,2024-01-09,2025-01-03,Expiré,4621000,370000,Semestrielle,Non,Espèces,12
CTR-04211,CLT-0089,PRD-003,AGT-032,AGC-005,2023-08-14,2024-08-08,Résilié,13533000,1218000,Trimestrielle,Non,Espèces,12
CTR-04212,CLT-0332,PRD-008,AGT-053,AGC-010,2023-12-23,2025-12-12,Expiré,66064000,8588000,Mensuelle,Oui,Mobile Money,24
CTR-04213,CLT-0841,PRD-002,AGT-053,AGC-010,2023-12-05,2024-11-29,Expiré,7871000,787000,Annuelle,Non,Espèces,12
CTR-04214,CLT-0798,PRD-002,AGT-002,AGC-001,2025-02-24,2026-02-19,Actif,9153000,915000,Annuelle,Non,Mobile Money,12
CTR-04215,CLT-0547,PRD-005,AGT-044,AGC-007,2023-10-28,2024-10-22,Expiré,1646000,99000,Mensuelle,Oui,Virement bancaire,12
CTR-04216,CLT-0810,PRD-001,AGT-043,AGC-007,2025-05-31,2028-05-15,Actif,4807000,385000,Trimestrielle,Oui,Virement bancaire,36
CTR-04217,CLT-0107,PRD-005,AGT-039,AGC-006,2023-11-18,2026-11-02,Actif,2317000,139000,Semestrielle,Non,Mobile Money,36
CTR-04218,CLT-0081,PRD-003,AGT-050,AGC-009,2023-07-30,2024-07-24,Résilié,4046000,364000,Trimestrielle,Non,Virement bancaire,12
CTR-04219,CLT-0555,PRD-002,AGT-059,AGC-012,2024-02-01,2026-01-21,Actif,5001000,500000,Trimestrielle,Non,Virement bancaire,24
CTR-04220,CLT-0804,PRD-001,AGT-016,AGC-002,2023-09-13,2024-09-07,Expiré,4089000,327000,Annuelle,Non,Espèces,12
CTR-04221,CLT-0675,PRD-001,AGT-048,AGC-008,2023-04-06,2024-03-31,Résilié,4428000,354000,Semestrielle,Non,Mobile Money,12
CTR-04222,CLT-0636,PRD-004,AGT-023,AGC-003,2024-11-17,2025-11-12,Expiré,4249000,297000,Annuelle,Oui,Espèces,12
CTR-04223,CLT-0005,PRD-003,AGT-015,AGC-002,2025-04-14,2027-04-04,Actif,13769000,1239000,Trimestrielle,Non,Chèque,24
CTR-04224,CLT-0125,PRD-005,AGT-016,AGC-002,2025-04-21,2027-04-11,Actif,2115000,127000,Mensuelle,Non,Mobile Money,24
CTR-04225,CLT-0412,PRD-002,AGT-042,AGC-007,2023-08-16,2025-08-05,Résilié,5938000,594000,Trimestrielle,Non,Espèces,24
CTR-04226,CLT-0468,PRD-006,AGT-029,AGC-004,2025-04-13,2026-04-08,Actif,22495000,2474000,Mensuelle,Oui,Carte bancaire,12
CTR-04227,CLT-0888,PRD-003,AGT-021,AGC-003,2024-03-13,2025-03-08,Résilié,12016000,1081000,Semestrielle,Non,Espèces,12
CTR-04228,CLT-0959,PRD-003,AGT-002,AGC-001,2023-02-18,2024-02-13,Expiré,7469000,672000,Semestrielle,Non,Espèces,12
CTR-04229,CLT-0782,PRD-008,AGT-025,AGC-004,2024-10-26,2026-10-16,Actif,19808000,2575000,Mensuelle,Non,Carte bancaire,24
CTR-04230,CLT-0267,PRD-002,AGT-020,AGC-003,2024-06-11,2026-06-01,Actif,6547000,655000,Trimestrielle,Non,Espèces,24
CTR-04231,CLT-0904,PRD-001,AGT-036,AGC-006,2023-01-08,2025-12-23,Expiré,2856000,228000,Annuelle,Oui,Espèces,36
CTR-04232,CLT-0221,PRD-006,AGT-031,AGC-005,2024-05-03,2025-04-28,Expiré,16848000,1853000,Semestrielle,Non,Carte bancaire,12
CTR-04233,CLT-0977,PRD-005,AGT-029,AGC-004,2023-05-12,2024-05-06,Expiré,644000,39000,Mensuelle,Non,Virement bancaire,12
CTR-04234,CLT-0468,PRD-003,AGT-009,AGC-001,2023-02-02,2026-01-17,Actif,8172000,735000,Annuelle,Non,Virement bancaire,36
CTR-04235,CLT-0130,PRD-003,AGT-011,AGC-002,2023-12-08,2024-12-02,Expiré,5698000,513000,Annuelle,Non,Chèque,12
CTR-04236,CLT-0414,PRD-007,AGT-023,AGC-003,2023-03-24,2024-03-18,Expiré,13885000,1666000,Semestrielle,Oui,Carte bancaire,12
CTR-04237,CLT-0923,PRD-002,AGT-013,AGC-002,2023-11-30,2024-11-24,Résilié,12043000,1204000,Semestrielle,Non,Mobile Money,12
CTR-04238,CLT-0187,PRD-006,AGT-022,AGC-003,2023-09-10,2026-08-25,Actif,13461000,1481000,Mensuelle,Oui,Mobile Money,36
CTR-04239,CLT-0131,PRD-003,AGT-043,AGC-007,2024-10-03,2026-09-23,Actif,4323000,389000,Mensuelle,Oui,Espèces,24
CTR-04240,CLT-0098,PRD-006,AGT-013,AGC-002,2024-02-28,2025-02-22,Expiré,23845000,2623000,Mensuelle,Non,Mobile Money,12
CTR-04241,CLT-0342,PRD-001,AGT-016,AGC-002,2023-01-13,2025-01-02,Expiré,3575000,286000,Annuelle,Non,Mobile Money,24
CTR-04242,CLT-0457,PRD-002,AGT-043,AGC-007,2024-12-17,2025-12-12,Expiré,10157000,1016000,Annuelle,Oui,Carte bancaire,12
CTR-04243,CLT-0501,PRD-002,AGT-059,AGC-012,2023-04-19,2025-04-08,Résilié,11244000,1124000,Trimestrielle,Non,Chèque,24
CTR-04244,CLT-0982,PRD-003,AGT-051,AGC-009,2023-03-01,2024-02-24,Expiré,3795000,342000,Semestrielle,Oui,Mobile Money,12
CTR-04245,CLT-0559,PRD-006,AGT-023,AGC-003,2024-03-04,2026-02-22,Actif,23395000,2573000,Mensuelle,Non,Mobile Money,24
CTR-04246,CLT-0273,PRD-002,AGT-053,AGC-010,2023-08-22,2024-08-16,Expiré,15238000,1524000,Trimestrielle,Non,Virement bancaire,12
CTR-04247,CLT-0924,PRD-006,AGT-011,AGC-002,2023-01-27,2024-01-22,Expiré,21540000,2369000,Semestrielle,Oui,Chèque,12
CTR-04248,CLT-0636,PRD-008,AGT-021,AGC-003,2024-01-11,2025-01-05,Expiré,68480000,8902000,Trimestrielle,Oui,Mobile Money,12
CTR-04249,CLT-0051,PRD-007,AGT-053,AGC-010,2023-08-08,2026-07-23,Actif,32030000,3844000,Trimestrielle,Non,Mobile Money,36
CTR-04250,CLT-0098,PRD-001,AGT-044,AGC-007,2023-09-15,2024-09-09,Expiré,2444000,196000,Mensuelle,Non,Espèces,12
CTR-04251,CLT-0722,PRD-001,AGT-005,AGC-001,2023-02-06,2025-01-26,Expiré,4080000,326000,Trimestrielle,Non,Virement bancaire,24
CTR-04252,CLT-0942,PRD-007,AGT-012,AGC-002,2025-04-15,2028-03-30,Actif,12649000,1518000,Mensuelle,Oui,Mobile Money,36
CTR-04253,CLT-0289,PRD-008,AGT-040,AGC-007,2025-05-12,2028-04-26,Actif,101990000,13259000,Annuelle,Oui,Mobile Money,36
CTR-04254,CLT-0928,PRD-005,AGT-029,AGC-004,2024-06-08,2027-05-24,Actif,1662000,100000,Semestrielle,Non,Mobile Money,36
CTR-04255,CLT-0751,PRD-007,AGT-029,AGC-004,2024-05-03,2025-04-28,Expiré,61113000,7334000,Annuelle,Oui,Carte bancaire,12
CTR-04256,CLT-0427,PRD-001,AGT-049,AGC-009,2024-01-20,2025-01-14,Résilié,2667000,213000,Mensuelle,Non,Virement bancaire,12
CTR-04257,CLT-0823,PRD-003,AGT-004,AGC-001,2023-05-17,2025-05-06,Expiré,14546000,1309000,Annuelle,Oui,Mobile Money,24
CTR-04258,CLT-0677,PRD-008,AGT-032,AGC-005,2023-05-30,2024-05-24,Expiré,85655000,11135000,Trimestrielle,Non,Virement bancaire,12
CTR-04259,CLT-0051,PRD-007,AGT-054,AGC-010,2023-04-07,2024-04-01,Expiré,11967000,1436000,Trimestrielle,Non,Carte bancaire,12
CTR-04260,CLT-0826,PRD-002,AGT-024,AGC-003,2024-07-30,2025-07-25,Expiré,7498000,750000,Annuelle,Oui,Carte bancaire,12
CTR-04261,CLT-0428,PRD-007,AGT-001,AGC-001,2024-07-06,2025-07-01,Résilié,41631000,4996000,Semestrielle,Non,Carte bancaire,12
CTR-04262,CLT-0605,PRD-003,AGT-015,AGC-002,2023-07-30,2024-07-24,Expiré,8331000,750000,Semestrielle,Oui,Virement bancaire,12
CTR-04263,CLT-0422,PRD-004,AGT-004,AGC-001,2023-12-10,2024-12-04,Expiré,7254000,508000,Semestrielle,Non,Chèque,12
CTR-04264,CLT-0124,PRD-003,AGT-013,AGC-002,2024-12-01,2026-11-21,Actif,9702000,873000,Semestrielle,Non,Virement bancaire,24
CTR-04265,CLT-0887,PRD-003,AGT-059,AGC-012,2023-07-02,2025-06-21,Résilié,3383000,304000,Annuelle,Non,Virement bancaire,24
CTR-04266,CLT-0044,PRD-002,AGT-059,AGC-012,2025-06-07,2026-06-02,Actif,4832000,483000,Mensuelle,Non,Mobile Money,12
CTR-04267,CLT-0258,PRD-002,AGT-017,AGC-002,2025-01-10,2026-01-05,Actif,4621000,462000,Semestrielle,Oui,Mobile Money,12
CTR-04268,CLT-0300,PRD-007,AGT-024,AGC-003,2024-06-08,2025-06-03,Expiré,61756000,7411000,Mensuelle,Oui,Mobile Money,12
CTR-04269,CLT-0904,PRD-003,AGT-051,AGC-009,2025-01-15,2026-01-10,Actif,14357000,1292000,Mensuelle,Non,Carte bancaire,12
CTR-04270,CLT-0507,PRD-001,AGT-055,AGC-010,2025-02-24,2026-02-19,Actif,3980000,318000,Annuelle,Non,Carte bancaire,12
CTR-04271,CLT-0021,PRD-006,AGT-029,AGC-004,2024-03-07,2025-03-02,Expiré,10477000,1152000,Annuelle,Oui,Chèque,12
CTR-04272,CLT-0601,PRD-003,AGT-007,AGC-001,2024-12-16,2026-12-06,Actif,10598000,954000,Trimestrielle,Oui,Espèces,24
CTR-04273,CLT-0095,PRD-002,AGT-028,AGC-004,2023-11-21,2026-11-05,Actif,8250000,825000,Annuelle,Non,Mobile Money,36
CTR-04274,CLT-0856,PRD-006,AGT-052,AGC-009,2024-06-07,2025-06-02,Expiré,17369000,1911000,Annuelle,Non,Espèces,12
CTR-04275,CLT-0068,PRD-004,AGT-031,AGC-005,2025-05-24,2027-05-14,Actif,8102000,567000,Trimestrielle,Non,Virement bancaire,24
CTR-04276,CLT-0490,PRD-001,AGT-052,AGC-009,2024-10-14,2025-10-09,Expiré,3763000,301000,Trimestrielle,Non,Espèces,12
CTR-04277,CLT-0284,PRD-002,AGT-014,AGC-002,2023-07-20,2024-07-14,Résilié,5755000,576000,Trimestrielle,Non,Mobile Money,12
CTR-04278,CLT-0773,PRD-001,AGT-060,AGC-012,2024-03-09,2026-02-27,Actif,2692000,215000,Semestrielle,Non,Espèces,24
CTR-04279,CLT-0782,PRD-007,AGT-023,AGC-003,2025-01-20,2027-01-10,Actif,25201000,3024000,Trimestrielle,Non,Mobile Money,24
CTR-04280,CLT-0728,PRD-002,AGT-004,AGC-001,2025-01-09,2026-01-04,Actif,5335000,534000,Annuelle,Non,Mobile Money,12
CTR-04281,CLT-0027,PRD-005,AGT-015,AGC-002,2024-01-17,2027-01-01,Actif,1923000,115000,Trimestrielle,Non,Carte bancaire,36
CTR-04282,CLT-0336,PRD-004,AGT-043,AGC-007,2025-06-27,2026-06-22,Actif,2030000,142000,Semestrielle,Oui,Mobile Money,12
CTR-04283,CLT-0211,PRD-001,AGT-026,AGC-004,2023-05-13,2024-05-07,Expiré,3112000,249000,Mensuelle,Oui,Espèces,12
CTR-04284,CLT-0403,PRD-002,AGT-015,AGC-002,2025-01-18,2027-01-08,Actif,8576000,858000,Trimestrielle,Non,Chèque,24
CTR-04285,CLT-0663,PRD-005,AGT-014,AGC-002,2025-02-27,2026-02-22,Actif,1751000,105000,Mensuelle,Non,Carte bancaire,12
CTR-04286,CLT-0260,PRD-004,AGT-019,AGC-003,2024-07-22,2025-07-17,Expiré,5516000,386000,Mensuelle,Non,Espèces,12
CTR-04287,CLT-0262,PRD-002,AGT-048,AGC-008,2023-10-07,2024-10-01,Expiré,8700000,870000,Annuelle,Non,Virement bancaire,12
CTR-04288,CLT-0618,PRD-002,AGT-055,AGC-010,2023-08-18,2025-08-07,Expiré,5625000,562000,Semestrielle,Non,Mobile Money,24
CTR-04289,CLT-0839,PRD-003,AGT-029,AGC-004,2025-01-06,2026-12-27,Actif,9264000,834000,Mensuelle,Non,Mobile Money,24
CTR-04290,CLT-0983,PRD-003,AGT-033,AGC-005,2024-07-05,2025-06-30,Résilié,7183000,646000,Semestrielle,Non,Mobile Money,12
CTR-04291,CLT-0039,PRD-004,AGT-050,AGC-009,2024-05-06,2025-05-01,Expiré,8609000,603000,Mensuelle,Oui,Virement bancaire,12
CTR-04292,CLT-0026,PRD-003,AGT-029,AGC-004,2024-02-18,2025-02-12,Expiré,5503000,495000,Semestrielle,Oui,Carte bancaire,12
CTR-04293,CLT-0632,PRD-006,AGT-007,AGC-001,2024-04-19,2025-04-14,Expiré,13167000,1448000,Mensuelle,Non,Espèces,12
CTR-04294,CLT-0058,PRD-003,AGT-023,AGC-003,2024-03-30,2026-03-20,Actif,9460000,851000,Trimestrielle,Non,Virement bancaire,24
CTR-04295,CLT-0719,PRD-005,AGT-002,AGC-001,2024-09-15,2025-09-10,Expiré,1263000,76000,Trimestrielle,Non,Carte bancaire,12
CTR-04296,CLT-0917,PRD-004,AGT-015,AGC-002,2023-08-09,2025-07-29,Expiré,6680000,468000,Mensuelle,Oui,Mobile Money,24
CTR-04297,CLT-0057,PRD-006,AGT-014,AGC-002,2024-07-23,2026-07-13,Actif,23196000,2552000,Mensuelle,Oui,Mobile Money,24
CTR-04298,CLT-0799,PRD-005,AGT-033,AGC-005,2025-02-11,2026-02-06,Actif,942000,57000,Mensuelle,Non,Mobile Money,12
CTR-04299,CLT-0374,PRD-008,AGT-017,AGC-002,2024-02-17,2026-02-06,Actif,59956000,7794000,Annuelle,Oui,Carte bancaire,24
CTR-04300,CLT-0677,PRD-005,AGT-010,AGC-002,2024-04-21,2025-04-16,Résilié,1855000,111000,Annuelle,Non,Mobile Money,12
CTR-04301,CLT-0730,PRD-005,AGT-025,AGC-004,2023-01-28,2024-01-23,Résilié,2773000,166000,Trimestrielle,Non,Carte bancaire,12
CTR-04302,CLT-0956,PRD-006,AGT-005,AGC-001,2024-10-22,2026-10-12,Actif,24778000,2726000,Annuelle,Non,Espèces,24
CTR-04303,CLT-0274,PRD-005,AGT-017,AGC-002,2025-02-04,2026-01-30,Actif,1886000,113000,Mensuelle,Non,Carte bancaire,12
CTR-04304,CLT-0975,PRD-006,AGT-016,AGC-002,2025-05-11,2026-05-06,Actif,19785000,2176000,Mensuelle,Oui,Mobile Money,12
CTR-04305,CLT-0941,PRD-004,AGT-038,AGC-006,2023-05-26,2024-05-20,Expiré,5005000,350000,Trimestrielle,Non,Virement bancaire,12
CTR-04306,CLT-0775,PRD-008,AGT-056,AGC-011,2023-02-04,2024-01-30,Expiré,25186000,3274000,Semestrielle,Non,Carte bancaire,12
CTR-04307,CLT-0488,PRD-007,AGT-048,AGC-008,2025-02-21,2027-02-11,Actif,31845000,3821000,Annuelle,Non,Virement bancaire,24
CTR-04308,CLT-0919,PRD-002,AGT-013,AGC-002,2025-06-10,2026-06-05,Actif,9193000,919000,Mensuelle,Non,Mobile Money,12
CTR-04309,CLT-0913,PRD-007,AGT-001,AGC-001,2024-05-24,2025-05-19,Expiré,14493000,1739000,Annuelle,Non,Virement bancaire,12
CTR-04310,CLT-0083,PRD-008,AGT-020,AGC-003,2024-08-05,2025-07-31,Expiré,78060000,10148000,Annuelle,Non,Mobile Money,12
CTR-04311,CLT-0365,PRD-008,AGT-019,AGC-003,2023-07-05,2024-06-29,Expiré,105573000,13724000,Trimestrielle,Non,Carte bancaire,12
CTR-04312,CLT-0195,PRD-005,AGT-047,AGC-008,2024-11-02,2025-10-28,Expiré,2350000,141000,Annuelle,Oui,Mobile Money,12
CTR-04313,CLT-0082,PRD-002,AGT-034,AGC-005,2023-02-12,2024-02-07,Expiré,11266000,1127000,Semestrielle,Non,Virement bancaire,12
CTR-04314,CLT-0014,PRD-007,AGT-050,AGC-009,2024-02-26,2027-02-10,Actif,51397000,6168000,Mensuelle,Oui,Carte bancaire,36
CTR-04315,CLT-0299,PRD-001,AGT-045,AGC-008,2023-03-07,2024-03-01,Expiré,1587000,127000,Annuelle,Oui,Mobile Money,12
CTR-04316,CLT-0544,PRD-001,AGT-012,AGC-002,2024-07-12,2025-07-07,Résilié,5193000,415000,Semestrielle,Non,Virement bancaire,12
CTR-04317,CLT-0579,PRD-003,AGT-026,AGC-004,2023-01-08,2024-12-28,Expiré,6443000,580000,Mensuelle,Oui,Mobile Money,24
CTR-04318,CLT-0329,PRD-003,AGT-004,AGC-001,2025-01-31,2026-01-26,Actif,4151000,374000,Mensuelle,Non,Virement bancaire,12
CTR-04319,CLT-0560,PRD-003,AGT-060,AGC-012,2023-11-30,2024-11-24,Résilié,3816000,343000,Annuelle,Non,Mobile Money,12
CTR-04320,CLT-0016,PRD-004,AGT-016,AGC-002,2023-12-28,2026-12-12,Actif,5213000,365000,Mensuelle,Non,Mobile Money,36
CTR-04321,CLT-0865,PRD-008,AGT-037,AGC-006,2023-09-17,2024-09-11,Expiré,50394000,6551000,Trimestrielle,Oui,Mobile Money,12
CTR-04322,CLT-0879,PRD-006,AGT-042,AGC-007,2024-02-06,2027-01-21,Actif,16688000,1836000,Mensuelle,Non,Mobile Money,36
CTR-04323,CLT-0111,PRD-003,AGT-050,AGC-009,2025-05-10,2027-04-30,Actif,12361000,1112000,Mensuelle,Non,Mobile Money,24
CTR-04324,CLT-0428,PRD-003,AGT-021,AGC-003,2024-03-19,2026-03-09,Actif,13157000,1184000,Mensuelle,Non,Mobile Money,24
CTR-04325,CLT-0022,PRD-007,AGT-051,AGC-009,2024-12-13,2025-12-08,Expiré,36891000,4427000,Annuelle,Non,Mobile Money,12
CTR-04326,CLT-0717,PRD-008,AGT-034,AGC-005,2023-11-12,2024-11-06,Expiré,26397000,3432000,Semestrielle,Non,Virement bancaire,12
CTR-04327,CLT-0334,PRD-007,AGT-007,AGC-001,2025-04-07,2027-03-28,Actif,39624000,4755000,Trimestrielle,Oui,Chèque,24
CTR-04328,CLT-0279,PRD-004,AGT-054,AGC-010,2023-07-11,2024-07-05,Expiré,3178000,222000,Annuelle,Oui,Virement bancaire,12
CTR-04329,CLT-0134,PRD-003,AGT-023,AGC-003,2023-05-17,2024-05-11,Expiré,14904000,1341000,Mensuelle,Non,Mobile Money,12
CTR-04330,CLT-0877,PRD-006,AGT-009,AGC-001,2023-09-07,2024-09-01,Expiré,29489000,3244000,Trimestrielle,Oui,Carte bancaire,12
CTR-04331,CLT-0014,PRD-002,AGT-024,AGC-003,2023-07-20,2025-07-09,Expiré,9275000,928000,Annuelle,Non,Mobile Money,24
CTR-04332,CLT-0414,PRD-008,AGT-054,AGC-010,2024-02-28,2026-02-17,Actif,17555000,2282000,Trimestrielle,Non,Virement bancaire,24
CTR-04333,CLT-0033,PRD-001,AGT-022,AGC-003,2024-08-12,2026-08-02,Actif,4723000,378000,Mensuelle,Non,Espèces,24
CTR-04334,CLT-0481,PRD-007,AGT-049,AGC-009,2023-04-05,2025-03-25,Expiré,44230000,5308000,Semestrielle,Non,Chèque,24
CTR-04335,CLT-0465,PRD-004,AGT-030,AGC-005,2024-05-07,2025-05-02,Résilié,6987000,489000,Mensuelle,Non,Chèque,12
CTR-04336,CLT-0942,PRD-001,AGT-011,AGC-002,2023-12-22,2025-12-11,Résilié,4939000,395000,Annuelle,Non,Chèque,24
CTR-04337,CLT-0278,PRD-003,AGT-006,AGC-001,2023-09-16,2024-09-10,Expiré,3045000,274000,Annuelle,Non,Mobile Money,12
CTR-04338,CLT-0145,PRD-008,AGT-022,AGC-003,2024-07-20,2025-07-15,Résilié,60880000,7914000,Trimestrielle,Non,Carte bancaire,12
CTR-04339,CLT-0650,PRD-005,AGT-017,AGC-002,2024-03-11,2025-03-06,Expiré,2257000,135000,Mensuelle,Non,Virement bancaire,12
CTR-04340,CLT-0283,PRD-002,AGT-046,AGC-008,2023-08-27,2025-08-16,Expiré,10678000,1068000,Trimestrielle,Oui,Chèque,24
CTR-04341,CLT-0523,PRD-007,AGT-030,AGC-005,2024-06-23,2026-06-13,Actif,14835000,1780000,Mensuelle,Oui,Mobile Money,24
CTR-04342,CLT-0414,PRD-002,AGT-018,AGC-003,2024-11-06,2025-11-01,Expiré,4694000,469000,Semestrielle,Oui,Espèces,12
CTR-04343,CLT-0202,PRD-003,AGT-002,AGC-001,2024-03-30,2026-03-20,Actif,4966000,447000,Trimestrielle,Non,Mobile Money,24
CTR-04344,CLT-0468,PRD-008,AGT-031,AGC-005,2024-04-01,2025-03-27,Expiré,72736000,9456000,Semestrielle,Non,Mobile Money,12
CTR-04345,CLT-0390,PRD-001,AGT-043,AGC-007,2024-07-24,2025-07-19,Expiré,3328000,266000,Annuelle,Non,Chèque,12
CTR-04346,CLT-0956,PRD-007,AGT-035,AGC-006,2023-08-09,2025-07-29,Expiré,44811000,5377000,Trimestrielle,Non,Mobile Money,24
CTR-04347,CLT-0315,PRD-003,AGT-008,AGC-001,2023-07-19,2025-07-08,Expiré,10542000,949000,Trimestrielle,Oui,Mobile Money,24
CTR-04348,CLT-0450,PRD-004,AGT-030,AGC-005,2024-01-30,2025-01-24,Résilié,7185000,503000,Mensuelle,Non,Mobile Money,12
CTR-04349,CLT-0089,PRD-004,AGT-032,AGC-005,2023-12-08,2024-12-02,Expiré,12996000,910000,Mensuelle,Oui,Chèque,12
CTR-04350,CLT-0527,PRD-008,AGT-014,AGC-002,2023-01-07,2024-01-02,Expiré,72998000,9490000,Mensuelle,Non,Carte bancaire,12
CTR-04351,CLT-0684,PRD-003,AGT-030,AGC-005,2023-11-08,2024-11-02,Expiré,7361000,662000,Trimestrielle,Non,Espèces,12
CTR-04352,CLT-0099,PRD-007,AGT-018,AGC-003,2023-10-10,2024-10-04,Expiré,28980000,3478000,Annuelle,Non,Mobile Money,12
CTR-04353,CLT-0486,PRD-002,AGT-029,AGC-004,2023-10-04,2024-09-28,Expiré,5613000,561000,Trimestrielle,Oui,Espèces,12
CTR-04354,CLT-0634,PRD-001,AGT-006,AGC-001,2024-05-08,2026-04-28,Actif,3799000,304000,Trimestrielle,Oui,Mobile Money,24
CTR-04355,CLT-0368,PRD-001,AGT-032,AGC-005,2023-12-01,2024-11-25,Expiré,3202000,256000,Trimestrielle,Oui,Chèque,12
CTR-04356,CLT-0479,PRD-001,AGT-023,AGC-003,2023-03-21,2025-03-10,Expiré,4117000,329000,Trimestrielle,Oui,Carte bancaire,24
CTR-04357,CLT-0392,PRD-007,AGT-012,AGC-002,2025-05-28,2026-05-23,Actif,18495000,2219000,Annuelle,Oui,Carte bancaire,12
CTR-04358,CLT-0619,PRD-001,AGT-057,AGC-011,2025-01-10,2027-12-26,Actif,2464000,197000,Mensuelle,Non,Virement bancaire,36
CTR-04359,CLT-0387,PRD-005,AGT-011,AGC-002,2024-11-21,2026-11-11,Actif,405000,24000,Trimestrielle,Oui,Mobile Money,24
CTR-04360,CLT-0055,PRD-001,AGT-028,AGC-004,2023-09-02,2025-08-22,Expiré,4996000,400000,Mensuelle,Oui,Mobile Money,24
CTR-04361,CLT-0853,PRD-003,AGT-049,AGC-009,2023-09-26,2025-09-15,Expiré,10788000,971000,Trimestrielle,Non,Espèces,24
CTR-04362,CLT-0476,PRD-002,AGT-012,AGC-002,2023-06-18,2024-06-12,Résilié,11287000,1129000,Mensuelle,Non,Mobile Money,12
CTR-04363,CLT-0989,PRD-006,AGT-046,AGC-008,2024-07-30,2025-07-25,Expiré,13673000,1504000,Mensuelle,Oui,Virement bancaire,12
CTR-04364,CLT-0829,PRD-005,AGT-019,AGC-003,2024-03-06,2025-03-01,Expiré,436000,26000,Semestrielle,Oui,Virement bancaire,12
CTR-04365,CLT-0161,PRD-003,AGT-055,AGC-010,2023-11-18,2024-11-12,Expiré,5908000,532000,Trimestrielle,Non,Espèces,12
CTR-04366,CLT-0071,PRD-005,AGT-050,AGC-009,2024-03-20,2025-03-15,Expiré,519000,31000,Annuelle,Non,Virement bancaire,12
CTR-04367,CLT-0947,PRD-002,AGT-052,AGC-009,2023-02-11,2024-02-06,Expiré,12123000,1212000,Mensuelle,Non,Espèces,12
CTR-04368,CLT-0266,PRD-002,AGT-050,AGC-009,2024-07-04,2026-06-24,Actif,6554000,655000,Trimestrielle,Non,Chèque,24
CTR-04369,CLT-0579,PRD-001,AGT-017,AGC-002,2023-10-13,2025-10-02,Expiré,3588000,287000,Trimestrielle,Non,Mobile Money,24
CTR-04370,CLT-0323,PRD-001,AGT-029,AGC-004,2024-11-20,2026-11-10,Actif,3849000,308000,Mensuelle,Non,Espèces,24
CTR-04371,CLT-0503,PRD-003,AGT-021,AGC-003,2023-03-01,2024-02-24,Expiré,3939000,355000,Mensuelle,Oui,Mobile Money,12
CTR-04372,CLT-0779,PRD-008,AGT-060,AGC-012,2023-12-31,2025-12-20,Expiré,66021000,8583000,Mensuelle,Oui,Mobile Money,24
CTR-04373,CLT-0524,PRD-002,AGT-047,AGC-008,2024-11-23,2026-11-13,Actif,6652000,665000,Mensuelle,Non,Mobile Money,24
CTR-04374,CLT-0730,PRD-005,AGT-034,AGC-005,2023-07-25,2024-07-19,Expiré,783000,47000,Mensuelle,Non,Virement bancaire,12
CTR-04375,CLT-0197,PRD-008,AGT-037,AGC-006,2023-06-27,2026-06-11,Actif,41398000,5382000,Semestrielle,Non,Mobile Money,36
CTR-04376,CLT-0389,PRD-003,AGT-052,AGC-009,2024-06-29,2026-06-19,Actif,10684000,962000,Semestrielle,Non,Espèces,24
CTR-04377,CLT-0767,PRD-002,AGT-006,AGC-001,2024-05-02,2026-04-22,Actif,7322000,732000,Trimestrielle,Oui,Virement bancaire,24
CTR-04378,CLT-0079,PRD-001,AGT-010,AGC-002,2023-06-16,2024-06-10,Expiré,1990000,159000,Annuelle,Non,Espèces,12
CTR-04379,CLT-0099,PRD-007,AGT-022,AGC-003,2023-08-18,2024-08-12,Expiré,27754000,3330000,Mensuelle,Oui,Espèces,12
CTR-04380,CLT-0169,PRD-003,AGT-012,AGC-002,2024-02-27,2026-02-16,Actif,11958000,1076000,Mensuelle,Oui,Mobile Money,24
CTR-04381,CLT-0487,PRD-001,AGT-037,AGC-006,2023-11-26,2024-11-20,Expiré,3928000,314000,Trimestrielle,Non,Mobile Money,12
CTR-04382,CLT-0034,PRD-006,AGT-059,AGC-012,2024-10-16,2025-10-11,Expiré,11389000,1253000,Mensuelle,Oui,Espèces,12
CTR-04383,CLT-0180,PRD-006,AGT-020,AGC-003,2023-12-30,2025-12-19,Expiré,18610000,2047000,Semestrielle,Oui,Carte bancaire,24
CTR-04384,CLT-0577,PRD-006,AGT-006,AGC-001,2024-03-31,2025-03-26,Expiré,8520000,937000,Mensuelle,Non,Mobile Money,12
CTR-04385,CLT-0347,PRD-001,AGT-060,AGC-012,2024-03-23,2026-03-13,Actif,2066000,165000,Annuelle,Oui,Carte bancaire,24
CTR-04386,CLT-0338,PRD-003,AGT-004,AGC-001,2023-01-15,2025-01-04,Expiré,9409000,847000,Annuelle,Non,Virement bancaire,24
CTR-04387,CLT-0383,PRD-001,AGT-043,AGC-007,2024-05-22,2027-05-07,Actif,4969000,398000,Semestrielle,Non,Mobile Money,36
CTR-04388,CLT-0538,PRD-008,AGT-059,AGC-012,2025-06-27,2027-06-17,Actif,57612000,7490000,Annuelle,Non,Virement bancaire,24
CTR-04389,CLT-0280,PRD-003,AGT-002,AGC-001,2024-09-04,2026-08-25,Actif,3105000,279000,Mensuelle,Oui,Mobile Money,24
CTR-04390,CLT-0507,PRD-007,AGT-016,AGC-002,2023-08-11,2025-07-31,Résilié,20537000,2464000,Mensuelle,Non,Espèces,24
CTR-04391,CLT-0485,PRD-001,AGT-029,AGC-004,2024-09-11,2025-09-06,Résilié,3982000,319000,Annuelle,Non,Chèque,12
CTR-04392,CLT-0378,PRD-007,AGT-051,AGC-009,2023-08-06,2024-07-31,Expiré,83792000,10055000,Semestrielle,Oui,Mobile Money,12
CTR-04393,CLT-0884,PRD-007,AGT-005,AGC-001,2025-05-12,2026-05-07,Actif,49353000,5922000,Semestrielle,Non,Virement bancaire,12
CTR-04394,CLT-0298,PRD-006,AGT-006,AGC-001,2023-12-29,2024-12-23,Expiré,5904000,649000,Mensuelle,Oui,Virement bancaire,12
CTR-04395,CLT-0148,PRD-003,AGT-030,AGC-005,2024-07-24,2027-07-09,Actif,9550000,860000,Trimestrielle,Non,Mobile Money,36
CTR-04396,CLT-0463,PRD-005,AGT-060,AGC-012,2023-07-28,2024-07-22,Expiré,520000,31000,Annuelle,Non,Espèces,12
CTR-04397,CLT-0104,PRD-001,AGT-044,AGC-007,2024-03-19,2025-03-14,Expiré,4891000,391000,Semestrielle,Oui,Mobile Money,12
CTR-04398,CLT-0565,PRD-001,AGT-011,AGC-002,2023-11-21,2024-11-15,Résilié,4108000,329000,Mensuelle,Non,Mobile Money,12
CTR-04399,CLT-0062,PRD-004,AGT-002,AGC-001,2024-12-21,2025-12-16,Expiré,6405000,448000,Annuelle,Non,Virement bancaire,12
CTR-04400,CLT-0931,PRD-002,AGT-018,AGC-003,2025-06-29,2026-06-24,Actif,12594000,1259000,Mensuelle,Oui,Virement bancaire,12
CTR-04401,CLT-0706,PRD-002,AGT-031,AGC-005,2023-10-20,2024-10-14,Expiré,9791000,979000,Mensuelle,Oui,Mobile Money,12
CTR-04402,CLT-0550,PRD-008,AGT-023,AGC-003,2024-10-06,2025-10-01,Expiré,32797000,4264000,Semestrielle,Non,Virement bancaire,12
CTR-04403,CLT-0872,PRD-003,AGT-036,AGC-006,2024-04-08,2026-03-29,Actif,14365000,1293000,Annuelle,Non,Espèces,24
CTR-04404,CLT-0101,PRD-004,AGT-031,AGC-005,2023-06-06,2024-05-31,Résilié,4689000,328000,Mensuelle,Non,Mobile Money,12
CTR-04405,CLT-0164,PRD-006,AGT-029,AGC-004,2025-04-03,2026-03-29,Actif,8228000,905000,Annuelle,Non,Virement bancaire,12
CTR-04406,CLT-0016,PRD-005,AGT-037,AGC-006,2025-06-06,2028-05-21,Actif,2128000,128000,Semestrielle,Non,Espèces,36
CTR-04407,CLT-0350,PRD-005,AGT-017,AGC-002,2023-02-26,2024-02-21,Résilié,3414000,205000,Mensuelle,Non,Virement bancaire,12
CTR-04408,CLT-0002,PRD-004,AGT-004,AGC-001,2024-04-23,2026-04-13,Actif,10152000,711000,Mensuelle,Non,Mobile Money,24
CTR-04409,CLT-0479,PRD-001,AGT-002,AGC-001,2023-11-28,2024-11-22,Expiré,1980000,158000,Mensuelle,Non,Chèque,12
CTR-04410,CLT-0590,PRD-008,AGT-021,AGC-003,2025-02-20,2026-02-15,Actif,82586000,10736000,Annuelle,Oui,Espèces,12
CTR-04411,CLT-0103,PRD-003,AGT-034,AGC-005,2023-08-21,2025-08-10,Résilié,12007000,1081000,Semestrielle,Non,Espèces,24
CTR-04412,CLT-0423,PRD-005,AGT-015,AGC-002,2023-11-06,2025-10-26,Expiré,3366000,202000,Annuelle,Non,Virement bancaire,24
CTR-04413,CLT-0669,PRD-008,AGT-040,AGC-007,2023-09-10,2024-09-04,Résilié,63044000,8196000,Mensuelle,Non,Carte bancaire,12
CTR-04414,CLT-0389,PRD-003,AGT-007,AGC-001,2023-11-10,2024-11-04,Résilié,5349000,481000,Mensuelle,Non,Chèque,12
CTR-04415,CLT-0333,PRD-001,AGT-026,AGC-004,2023-08-06,2024-07-31,Expiré,2257000,181000,Semestrielle,Oui,Virement bancaire,12
CTR-04416,CLT-0844,PRD-006,AGT-022,AGC-003,2024-08-04,2025-07-30,Expiré,33192000,3651000,Trimestrielle,Oui,Mobile Money,12
CTR-04417,CLT-0246,PRD-008,AGT-012,AGC-002,2023-05-03,2025-04-22,Expiré,88446000,11498000,Mensuelle,Oui,Mobile Money,24
CTR-04418,CLT-0091,PRD-001,AGT-058,AGC-011,2024-10-18,2025-10-13,Expiré,3447000,276000,Trimestrielle,Oui,Mobile Money,12
CTR-04419,CLT-0905,PRD-008,AGT-053,AGC-010,2023-04-20,2024-04-14,Expiré,62580000,8135000,Semestrielle,Non,Virement bancaire,12
CTR-04420,CLT-0259,PRD-001,AGT-006,AGC-001,2023-05-09,2024-05-03,Expiré,2889000,231000,Trimestrielle,Non,Mobile Money,12
CTR-04421,CLT-0476,PRD-008,AGT-041,AGC-007,2025-06-13,2026-06-08,Actif,85994000,11179000,Annuelle,Non,Mobile Money,12
CTR-04422,CLT-0499,PRD-003,AGT-038,AGC-006,2024-09-17,2027-09-02,Actif,10651000,959000,Trimestrielle,Oui,Carte bancaire,36
CTR-04423,CLT-0191,PRD-003,AGT-026,AGC-004,2023-01-05,2024-12-25,Expiré,7178000,646000,Trimestrielle,Oui,Carte bancaire,24
CTR-04424,CLT-0755,PRD-007,AGT-041,AGC-007,2025-04-11,2026-04-06,Actif,32610000,3913000,Annuelle,Oui,Virement bancaire,12
CTR-04425,CLT-0496,PRD-001,AGT-030,AGC-005,2023-10-31,2025-10-20,Expiré,1829000,146000,Mensuelle,Non,Virement bancaire,24
CTR-04426,CLT-0364,PRD-003,AGT-007,AGC-001,2025-01-26,2026-01-21,Actif,5506000,496000,Annuelle,Oui,Chèque,12
CTR-04427,CLT-0154,PRD-003,AGT-046,AGC-008,2025-05-10,2026-05-05,Actif,9021000,812000,Semestrielle,Non,Espèces,12
CTR-04428,CLT-0798,PRD-001,AGT-007,AGC-001,2024-01-27,2025-01-21,Résilié,3653000,292000,Semestrielle,Non,Espèces,12
CTR-04429,CLT-0750,PRD-003,AGT-058,AGC-011,2024-09-05,2025-08-31,Expiré,7020000,632000,Trimestrielle,Non,Espèces,12
CTR-04430,CLT-0057,PRD-007,AGT-053,AGC-010,2023-10-20,2025-10-09,Résilié,71043000,8525000,Annuelle,Non,Chèque,24
CTR-04431,CLT-0753,PRD-001,AGT-012,AGC-002,2024-04-25,2025-04-20,Résilié,3775000,302000,Annuelle,Non,Carte bancaire,12
CTR-04432,CLT-0641,PRD-007,AGT-022,AGC-003,2025-05-02,2026-04-27,Actif,80796000,9696000,Semestrielle,Oui,Virement bancaire,12
CTR-04433,CLT-0158,PRD-008,AGT-003,AGC-001,2023-05-31,2024-05-25,Expiré,33189000,4315000,Mensuelle,Non,Mobile Money,12
CTR-04434,CLT-0554,PRD-005,AGT-018,AGC-003,2024-12-16,2025-12-11,Expiré,2385000,143000,Trimestrielle,Non,Virement bancaire,12
CTR-04435,CLT-0942,PRD-006,AGT-033,AGC-005,2024-09-08,2025-09-03,Expiré,14356000,1579000,Annuelle,Non,Carte bancaire,12
CTR-04436,CLT-0252,PRD-003,AGT-037,AGC-006,2023-07-06,2024-06-30,Expiré,12718000,1145000,Annuelle,Non,Mobile Money,12
CTR-04437,CLT-0312,PRD-002,AGT-016,AGC-002,2023-12-13,2024-12-07,Expiré,11187000,1119000,Mensuelle,Oui,Mobile Money,12
CTR-04438,CLT-0317,PRD-005,AGT-060,AGC-012,2025-04-08,2026-04-03,Actif,1678000,101000,Semestrielle,Non,Espèces,12
CTR-04439,CLT-0178,PRD-007,AGT-025,AGC-004,2023-08-02,2024-07-27,Expiré,23584000,2830000,Mensuelle,Non,Espèces,12
CTR-04440,CLT-0297,PRD-007,AGT-034,AGC-005,2023-04-29,2025-04-18,Expiré,69646000,8358000,Trimestrielle,Oui,Carte bancaire,24
CTR-04441,CLT-0022,PRD-005,AGT-060,AGC-012,2025-02-10,2028-01-26,Actif,1557000,93000,Annuelle,Non,Mobile Money,36
CTR-04442,CLT-0868,PRD-007,AGT-024,AGC-003,2025-05-10,2026-05-05,Actif,38519000,4622000,Annuelle,Non,Espèces,12
CTR-04443,CLT-0533,PRD-002,AGT-057,AGC-011,2025-02-19,2028-02-04,Actif,10369000,1037000,Semestrielle,Non,Virement bancaire,36
CTR-04444,CLT-0701,PRD-008,AGT-047,AGC-008,2025-04-30,2026-04-25,Actif,70573000,9174000,Annuelle,Non,Espèces,12
CTR-04445,CLT-0913,PRD-005,AGT-019,AGC-003,2023-09-04,2024-08-29,Expiré,426000,26000,Trimestrielle,Non,Virement bancaire,12
CTR-04446,CLT-0302,PRD-001,AGT-016,AGC-002,2023-06-12,2024-06-06,Résilié,2671000,214000,Mensuelle,Non,Virement bancaire,12
CTR-04447,CLT-0132,PRD-003,AGT-055,AGC-010,2023-08-04,2024-07-29,Expiré,8180000,736000,Trimestrielle,Oui,Chèque,12
CTR-04448,CLT-0122,PRD-003,AGT-047,AGC-008,2025-01-01,2025-12-27,Résilié,10097000,909000,Trimestrielle,Non,Carte bancaire,12
CTR-04449,CLT-0175,PRD-005,AGT-030,AGC-005,2025-03-05,2026-02-28,Actif,691000,41000,Mensuelle,Non,Mobile Money,12
CTR-04450,CLT-0791,PRD-007,AGT-051,AGC-009,2024-12-02,2025-11-27,Expiré,28382000,3406000,Mensuelle,Oui,Chèque,12
CTR-04451,CLT-0097,PRD-002,AGT-004,AGC-001,2025-02-23,2027-02-13,Actif,6000000,600000,Annuelle,Oui,Chèque,24
CTR-04452,CLT-0522,PRD-001,AGT-030,AGC-005,2025-03-14,2026-03-09,Actif,2931000,234000,Mensuelle,Oui,Mobile Money,12
CTR-04453,CLT-0440,PRD-002,AGT-008,AGC-001,2025-04-16,2026-04-11,Actif,4393000,439000,Trimestrielle,Non,Virement bancaire,12
CTR-04454,CLT-0475,PRD-004,AGT-039,AGC-006,2023-10-09,2025-09-28,Expiré,6805000,476000,Mensuelle,Non,Espèces,24
CTR-04455,CLT-0631,PRD-002,AGT-056,AGC-011,2023-11-11,2024-11-05,Résilié,9977000,998000,Trimestrielle,Non,Espèces,12
CTR-04456,CLT-0664,PRD-007,AGT-042,AGC-007,2024-04-30,2025-04-25,Expiré,41354000,4962000,Annuelle,Oui,Espèces,12
CTR-04457,CLT-0097,PRD-002,AGT-042,AGC-007,2025-05-08,2026-05-03,Actif,6488000,649000,Mensuelle,Non,Virement bancaire,12
CTR-04458,CLT-0756,PRD-002,AGT-014,AGC-002,2023-11-13,2024-11-07,Expiré,9014000,901000,Annuelle,Oui,Virement bancaire,12
CTR-04459,CLT-0227,PRD-002,AGT-056,AGC-011,2025-02-17,2026-02-12,Actif,4731000,473000,Trimestrielle,Non,Virement bancaire,12
CTR-04460,CLT-0232,PRD-002,AGT-018,AGC-003,2023-09-22,2024-09-16,Expiré,14399000,1440000,Mensuelle,Oui,Espèces,12
CTR-04461,CLT-0795,PRD-003,AGT-021,AGC-003,2023-01-05,2023-12-31,Résilié,9367000,843000,Semestrielle,Non,Virement bancaire,12
CTR-04462,CLT-0275,PRD-007,AGT-012,AGC-002,2025-03-26,2027-03-16,Actif,11548000,1386000,Trimestrielle,Non,Mobile Money,24
CTR-04463,CLT-0787,PRD-004,AGT-049,AGC-009,2024-06-08,2025-06-03,Expiré,4752000,333000,Annuelle,Oui,Mobile Money,12
CTR-04464,CLT-0263,PRD-001,AGT-019,AGC-003,2025-05-21,2028-05-05,Actif,3969000,318000,Mensuelle,Non,Mobile Money,36
CTR-04465,CLT-0585,PRD-003,AGT-016,AGC-002,2023-06-06,2024-05-31,Résilié,3893000,350000,Mensuelle,Non,Virement bancaire,12
CTR-04466,CLT-0280,PRD-004,AGT-056,AGC-011,2024-05-03,2026-04-23,Actif,3103000,217000,Annuelle,Oui,Espèces,24
CTR-04467,CLT-0450,PRD-001,AGT-048,AGC-008,2025-04-23,2026-04-18,Actif,2816000,225000,Mensuelle,Non,Virement bancaire,12
CTR-04468,CLT-0813,PRD-003,AGT-031,AGC-005,2025-05-12,2026-05-07,Actif,17163000,1545000,Annuelle,Non,Virement bancaire,12
CTR-04469,CLT-0827,PRD-007,AGT-027,AGC-004,2024-12-11,2025-12-06,Résilié,50201000,6024000,Annuelle,Non,Mobile Money,12
CTR-04470,CLT-0985,PRD-003,AGT-051,AGC-009,2023-04-14,2025-04-03,Expiré,7677000,691000,Trimestrielle,Non,Carte bancaire,24
CTR-04471,CLT-0968,PRD-001,AGT-002,AGC-001,2023-05-24,2024-05-18,Expiré,1866000,149000,Mensuelle,Non,Mobile Money,12
CTR-04472,CLT-0540,PRD-006,AGT-015,AGC-002,2024-08-06,2025-08-01,Expiré,21166000,2328000,Annuelle,Non,Espèces,12
CTR-04473,CLT-0739,PRD-007,AGT-008,AGC-001,2024-03-07,2025-03-02,Expiré,55030000,6604000,Annuelle,Non,Espèces,12
CTR-04474,CLT-0893,PRD-007,AGT-047,AGC-008,2024-07-02,2025-06-27,Expiré,13279000,1593000,Annuelle,Non,Virement bancaire,12
CTR-04475,CLT-0529,PRD-006,AGT-010,AGC-002,2025-04-18,2026-04-13,Actif,13086000,1439000,Semestrielle,Oui,Carte bancaire,12
CTR-04476,CLT-0862,PRD-004,AGT-019,AGC-003,2025-04-26,2027-04-16,Actif,6837000,479000,Semestrielle,Oui,Mobile Money,24
CTR-04477,CLT-0597,PRD-004,AGT-049,AGC-009,2024-08-01,2025-07-27,Expiré,3731000,261000,Annuelle,Non,Mobile Money,12
CTR-04478,CLT-0317,PRD-007,AGT-055,AGC-010,2024-08-03,2026-07-24,Actif,10795000,1295000,Mensuelle,Non,Mobile Money,24
CTR-04479,CLT-0341,PRD-006,AGT-006,AGC-001,2024-04-05,2025-03-31,Expiré,19787000,2177000,Mensuelle,Non,Mobile Money,12
CTR-04480,CLT-0058,PRD-001,AGT-055,AGC-010,2024-09-08,2025-09-03,Expiré,2175000,174000,Mensuelle,Non,Virement bancaire,12
CTR-04481,CLT-0590,PRD-008,AGT-026,AGC-004,2025-02-25,2026-02-20,Actif,81067000,10539000,Trimestrielle,Non,Mobile Money,12
CTR-04482,CLT-0419,PRD-004,AGT-056,AGC-011,2024-02-27,2026-02-16,Actif,4722000,331000,Annuelle,Non,Carte bancaire,24
CTR-04483,CLT-0467,PRD-008,AGT-019,AGC-003,2024-09-04,2025-08-30,Résilié,69993000,9099000,Mensuelle,Non,Virement bancaire,12
CTR-04484,CLT-0185,PRD-005,AGT-037,AGC-006,2025-05-25,2026-05-20,Actif,1800000,108000,Annuelle,Non,Mobile Money,12
CTR-04485,CLT-0091,PRD-005,AGT-012,AGC-002,2023-09-22,2024-09-16,Expiré,1967000,118000,Mensuelle,Non,Espèces,12
CTR-04486,CLT-0547,PRD-007,AGT-027,AGC-004,2023-02-11,2024-02-06,Expiré,30422000,3651000,Mensuelle,Non,Virement bancaire,12
CTR-04487,CLT-0818,PRD-007,AGT-055,AGC-010,2024-06-29,2026-06-19,Actif,83850000,10062000,Annuelle,Oui,Virement bancaire,24
CTR-04488,CLT-0885,PRD-001,AGT-011,AGC-002,2024-08-13,2025-08-08,Expiré,3034000,243000,Semestrielle,Oui,Mobile Money,12
CTR-04489,CLT-0173,PRD-001,AGT-014,AGC-002,2023-08-05,2024-07-30,Résilié,2111000,169000,Semestrielle,Non,Chèque,12
CTR-04490,CLT-0959,PRD-007,AGT-007,AGC-001,2023-07-01,2024-06-25,Expiré,44366000,5324000,Trimestrielle,Oui,Mobile Money,12
CTR-04491,CLT-0771,PRD-002,AGT-019,AGC-003,2024-05-08,2027-04-23,Actif,5861000,586000,Semestrielle,Non,Mobile Money,36
CTR-04492,CLT-0327,PRD-006,AGT-014,AGC-002,2025-04-02,2028-03-17,Actif,24284000,2671000,Mensuelle,Oui,Virement bancaire,36
CTR-04493,CLT-0044,PRD-007,AGT-032,AGC-005,2024-09-07,2025-09-02,Expiré,34359000,4123000,Semestrielle,Non,Espèces,12
CTR-04494,CLT-0925,PRD-003,AGT-058,AGC-011,2024-09-27,2025-09-22,Résilié,9854000,887000,Semestrielle,Non,Chèque,12
CTR-04495,CLT-0668,PRD-006,AGT-047,AGC-008,2024-02-11,2025-02-05,Expiré,5384000,592000,Mensuelle,Non,Carte bancaire,12
CTR-04496,CLT-0221,PRD-006,AGT-023,AGC-003,2023-06-16,2024-06-10,Expiré,7660000,843000,Annuelle,Oui,Virement bancaire,12
CTR-04497,CLT-0035,PRD-001,AGT-008,AGC-001,2025-02-15,2028-01-31,Actif,3566000,285000,Trimestrielle,Non,Espèces,36
CTR-04498,CLT-0057,PRD-006,AGT-011,AGC-002,2023-12-19,2024-12-13,Résilié,30900000,3399000,Semestrielle,Non,Espèces,12
CTR-04499,CLT-0930,PRD-003,AGT-019,AGC-003,2024-05-23,2025-05-18,Expiré,16368000,1473000,Mensuelle,Non,Espèces,12
CTR-04500,CLT-0327,PRD-004,AGT-009,AGC-001,2023-08-06,2024-07-31,Expiré,3357000,235000,Semestrielle,Oui,Virement bancaire,12
CTR-04501,CLT-0726,PRD-003,AGT-043,AGC-007,2023-07-09,2024-07-03,Résilié,4832000,435000,Semestrielle,Non,Mobile Money,12
CTR-04502,CLT-0623,PRD-002,AGT-046,AGC-008,2024-10-25,2025-10-20,Résilié,13632000,1363000,Trimestrielle,Non,Mobile Money,12
CTR-04503,CLT-0947,PRD-002,AGT-024,AGC-003,2024-07-12,2025-07-07,Résilié,7751000,775000,Annuelle,Non,Mobile Money,12
CTR-04504,CLT-0290,PRD-001,AGT-039,AGC-006,2024-09-10,2025-09-05,Expiré,1623000,130000,Trimestrielle,Non,Carte bancaire,12
CTR-04505,CLT-0958,PRD-002,AGT-047,AGC-008,2024-11-23,2026-11-13,Actif,8393000,839000,Mensuelle,Non,Espèces,24
CTR-04506,CLT-0713,PRD-004,AGT-017,AGC-002,2024-08-04,2025-07-30,Expiré,6770000,474000,Semestrielle,Non,Virement bancaire,12
CTR-04507,CLT-0372,PRD-001,AGT-019,AGC-003,2024-11-14,2025-11-09,Résilié,2227000,178000,Mensuelle,Non,Virement bancaire,12
CTR-04508,CLT-0493,PRD-004,AGT-011,AGC-002,2023-10-08,2024-10-02,Résilié,6656000,466000,Trimestrielle,Non,Mobile Money,12
CTR-04509,CLT-0418,PRD-006,AGT-030,AGC-005,2023-01-19,2024-01-14,Expiré,13777000,1515000,Annuelle,Non,Carte bancaire,12
CTR-04510,CLT-0510,PRD-004,AGT-033,AGC-005,2023-02-26,2025-02-15,Expiré,8605000,602000,Trimestrielle,Non,Virement bancaire,24
CTR-04511,CLT-0802,PRD-002,AGT-053,AGC-010,2023-12-05,2025-11-24,Expiré,10564000,1056000,Trimestrielle,Oui,Mobile Money,24
CTR-04512,CLT-0180,PRD-001,AGT-004,AGC-001,2023-09-26,2025-09-15,Expiré,3359000,269000,Trimestrielle,Non,Espèces,24
CTR-04513,CLT-0239,PRD-001,AGT-002,AGC-001,2024-11-23,2026-11-13,Actif,3993000,319000,Semestrielle,Oui,Virement bancaire,24
CTR-04514,CLT-0496,PRD-005,AGT-028,AGC-004,2024-11-07,2025-11-02,Expiré,538000,32000,Trimestrielle,Non,Mobile Money,12
CTR-04515,CLT-0055,PRD-006,AGT-001,AGC-001,2025-03-30,2027-03-20,Actif,11999000,1320000,Trimestrielle,Oui,Espèces,24
CTR-04516,CLT-0919,PRD-007,AGT-023,AGC-003,2025-06-06,2026-06-01,Actif,29383000,3526000,Mensuelle,Oui,Chèque,12
CTR-04517,CLT-0980,PRD-008,AGT-023,AGC-003,2024-11-04,2027-10-20,Actif,60082000,7811000,Semestrielle,Non,Chèque,36
CTR-04518,CLT-0992,PRD-008,AGT-053,AGC-010,2024-01-24,2025-01-18,Expiré,85552000,11122000,Annuelle,Oui,Mobile Money,12
CTR-04519,CLT-0128,PRD-001,AGT-039,AGC-006,2023-02-21,2024-02-16,Expiré,2473000,198000,Mensuelle,Non,Carte bancaire,12
CTR-04520,CLT-0547,PRD-002,AGT-060,AGC-012,2025-04-15,2027-04-05,Actif,8511000,851000,Mensuelle,Non,Virement bancaire,24
CTR-04521,CLT-0222,PRD-001,AGT-011,AGC-002,2023-07-12,2024-07-06,Expiré,5999000,480000,Annuelle,Non,Mobile Money,12
CTR-04522,CLT-0400,PRD-004,AGT-042,AGC-007,2024-09-30,2025-09-25,Expiré,6806000,476000,Mensuelle,Oui,Virement bancaire,12
CTR-04523,CLT-0833,PRD-006,AGT-017,AGC-002,2023-11-20,2024-11-14,Expiré,13540000,1489000,Annuelle,Non,Espèces,12
CTR-04524,CLT-0055,PRD-005,AGT-014,AGC-002,2024-02-06,2026-01-26,Actif,1455000,87000,Trimestrielle,Non,Virement bancaire,24
CTR-04525,CLT-0030,PRD-005,AGT-024,AGC-003,2023-01-29,2024-01-24,Expiré,737000,44000,Trimestrielle,Oui,Chèque,12
CTR-04526,CLT-0436,PRD-002,AGT-042,AGC-007,2024-05-29,2026-05-19,Actif,11376000,1138000,Trimestrielle,Non,Chèque,24
CTR-04527,CLT-0275,PRD-006,AGT-019,AGC-003,2023-03-26,2024-03-20,Expiré,10603000,1166000,Annuelle,Oui,Virement bancaire,12
CTR-04528,CLT-0177,PRD-003,AGT-034,AGC-005,2025-04-27,2026-04-22,Actif,11171000,1005000,Mensuelle,Non,Espèces,12
CTR-04529,CLT-0981,PRD-006,AGT-018,AGC-003,2023-05-22,2025-05-11,Expiré,8339000,917000,Mensuelle,Oui,Mobile Money,24
CTR-04530,CLT-0861,PRD-001,AGT-020,AGC-003,2023-06-19,2026-06-03,Actif,3210000,257000,Trimestrielle,Oui,Chèque,36
CTR-04531,CLT-0511,PRD-003,AGT-001,AGC-001,2025-02-07,2026-02-02,Actif,5111000,460000,Trimestrielle,Non,Mobile Money,12
CTR-04532,CLT-0294,PRD-006,AGT-027,AGC-004,2023-09-03,2024-08-28,Expiré,10132000,1115000,Trimestrielle,Non,Chèque,12
CTR-04533,CLT-0225,PRD-001,AGT-004,AGC-001,2023-05-24,2024-05-18,Expiré,4761000,381000,Annuelle,Non,Mobile Money,12
CTR-04534,CLT-0733,PRD-003,AGT-053,AGC-010,2023-02-26,2025-02-15,Expiré,9457000,851000,Trimestrielle,Oui,Virement bancaire,24
CTR-04535,CLT-0781,PRD-003,AGT-057,AGC-011,2024-07-12,2025-07-07,Expiré,5214000,469000,Semestrielle,Oui,Espèces,12
CTR-04536,CLT-0365,PRD-008,AGT-022,AGC-003,2024-05-28,2026-05-18,Actif,36797000,4784000,Semestrielle,Non,Espèces,24
CTR-04537,CLT-0557,PRD-001,AGT-006,AGC-001,2024-04-23,2025-04-18,Expiré,4661000,373000,Annuelle,Non,Virement bancaire,12
CTR-04538,CLT-0749,PRD-008,AGT-036,AGC-006,2025-05-11,2027-05-01,Actif,34024000,4423000,Trimestrielle,Non,Virement bancaire,24
CTR-04539,CLT-0973,PRD-003,AGT-038,AGC-006,2023-03-13,2024-03-07,Résilié,7486000,674000,Annuelle,Non,Chèque,12
CTR-04540,CLT-0820,PRD-004,AGT-025,AGC-004,2024-11-20,2025-11-15,Expiré,4710000,330000,Semestrielle,Oui,Carte bancaire,12
CTR-04541,CLT-0908,PRD-002,AGT-057,AGC-011,2024-06-25,2025-06-20,Expiré,9670000,967000,Annuelle,Non,Espèces,12
CTR-04542,CLT-0878,PRD-003,AGT-039,AGC-006,2024-12-30,2025-12-25,Expiré,11175000,1006000,Trimestrielle,Non,Espèces,12
CTR-04543,CLT-0192,PRD-004,AGT-003,AGC-001,2024-02-03,2025-01-28,Expiré,2047000,143000,Annuelle,Oui,Carte bancaire,12
CTR-04544,CLT-0952,PRD-007,AGT-058,AGC-011,2023-02-01,2024-01-27,Expiré,30709000,3685000,Annuelle,Non,Virement bancaire,12
CTR-04545,CLT-0583,PRD-008,AGT-006,AGC-001,2024-08-15,2026-08-05,Actif,15198000,1976000,Semestrielle,Non,Virement bancaire,24
CTR-04546,CLT-0415,PRD-005,AGT-046,AGC-008,2025-02-02,2027-01-23,Actif,1865000,112000,Mensuelle,Non,Virement bancaire,24
CTR-04547,CLT-0808,PRD-001,AGT-002,AGC-001,2025-06-01,2026-05-27,Actif,5732000,459000,Mensuelle,Non,Espèces,12
CTR-04548,CLT-0005,PRD-001,AGT-053,AGC-010,2023-05-11,2026-04-25,Actif,2756000,220000,Mensuelle,Oui,Mobile Money,36
CTR-04549,CLT-0241,PRD-004,AGT-024,AGC-003,2023-02-20,2024-02-15,Expiré,6486000,454000,Annuelle,Oui,Espèces,12
CTR-04550,CLT-0870,PRD-001,AGT-008,AGC-001,2025-06-03,2026-05-29,Actif,2422000,194000,Trimestrielle,Non,Virement bancaire,12
CTR-04551,CLT-0739,PRD-001,AGT-008,AGC-001,2023-07-16,2024-07-10,Expiré,3646000,292000,Trimestrielle,Oui,Mobile Money,12
CTR-04552,CLT-0746,PRD-004,AGT-028,AGC-004,2025-03-08,2026-03-03,Actif,5254000,368000,Mensuelle,Non,Espèces,12
CTR-04553,CLT-0850,PRD-008,AGT-005,AGC-001,2025-06-10,2026-06-05,Actif,44544000,5791000,Mensuelle,Non,Virement bancaire,12
CTR-04554,CLT-0804,PRD-007,AGT-006,AGC-001,2023-06-08,2025-05-28,Expiré,14401000,1728000,Trimestrielle,Non,Carte bancaire,24
CTR-04555,CLT-0797,PRD-006,AGT-043,AGC-007,2023-11-03,2024-10-28,Expiré,14336000,1577000,Annuelle,Non,Virement bancaire,12
CTR-04556,CLT-0261,PRD-003,AGT-049,AGC-009,2023-10-12,2024-10-06,Expiré,5543000,499000,Annuelle,Oui,Espèces,12
CTR-04557,CLT-0715,PRD-001,AGT-048,AGC-008,2023-09-27,2024-09-21,Expiré,3212000,257000,Annuelle,Oui,Mobile Money,12
CTR-04558,CLT-0832,PRD-001,AGT-056,AGC-011,2023-11-29,2025-11-18,Résilié,3898000,312000,Semestrielle,Non,Mobile Money,24
CTR-04559,CLT-0438,PRD-006,AGT-055,AGC-010,2025-01-17,2026-01-12,Actif,24930000,2742000,Mensuelle,Non,Espèces,12
CTR-04560,CLT-0351,PRD-002,AGT-028,AGC-004,2024-01-13,2025-01-07,Résilié,11990000,1199000,Trimestrielle,Non,Espèces,12
CTR-04561,CLT-0668,PRD-001,AGT-006,AGC-001,2024-09-04,2025-08-30,Résilié,3354000,268000,Trimestrielle,Non,Virement bancaire,12
CTR-04562,CLT-0275,PRD-004,AGT-044,AGC-007,2023-08-09,2025-07-29,Expiré,4110000,288000,Mensuelle,Non,Espèces,24
CTR-04563,CLT-0405,PRD-008,AGT-038,AGC-006,2023-08-19,2024-08-13,Expiré,81390000,10581000,Semestrielle,Non,Espèces,12
CTR-04564,CLT-0020,PRD-004,AGT-024,AGC-003,2023-12-13,2024-12-07,Expiré,6827000,478000,Annuelle,Oui,Mobile Money,12
CTR-04565,CLT-0742,PRD-004,AGT-057,AGC-011,2023-02-25,2025-02-14,Expiré,4852000,340000,Annuelle,Oui,Mobile Money,24
CTR-04566,CLT-0108,PRD-005,AGT-035,AGC-006,2023-09-08,2024-09-02,Expiré,2293000,138000,Mensuelle,Non,Chèque,12
CTR-04567,CLT-0182,PRD-005,AGT-007,AGC-001,2025-01-27,2026-01-22,Actif,1011000,61000,Trimestrielle,Oui,Carte bancaire,12
CTR-04568,CLT-0985,PRD-008,AGT-017,AGC-002,2024-11-07,2025-11-02,Expiré,42101000,5473000,Trimestrielle,Oui,Carte bancaire,12
CTR-04569,CLT-0847,PRD-004,AGT-008,AGC-001,2024-08-14,2025-08-09,Expiré,5738000,402000,Mensuelle,Non,Virement bancaire,12
CTR-04570,CLT-0480,PRD-002,AGT-049,AGC-009,2024-03-20,2026-03-10,Actif,6405000,640000,Semestrielle,Non,Mobile Money,24
CTR-04571,CLT-0626,PRD-008,AGT-024,AGC-003,2025-05-10,2026-05-05,Actif,76489000,9944000,Mensuelle,Non,Virement bancaire,12
CTR-04572,CLT-0885,PRD-001,AGT-008,AGC-001,2023-11-17,2024-11-11,Expiré,2764000,221000,Mensuelle,Non,Mobile Money,12
CTR-04573,CLT-0229,PRD-008,AGT-041,AGC-007,2023-04-26,2026-04-10,Actif,58369000,7588000,Mensuelle,Non,Virement bancaire,36
CTR-04574,CLT-0418,PRD-008,AGT-007,AGC-001,2023-05-03,2025-04-22,Expiré,44602000,5798000,Mensuelle,Non,Mobile Money,24
CTR-04575,CLT-0282,PRD-006,AGT-057,AGC-011,2024-11-14,2026-11-04,Actif,8451000,930000,Annuelle,Non,Virement bancaire,24
CTR-04576,CLT-0779,PRD-004,AGT-006,AGC-001,2024-06-25,2026-06-15,Actif,2381000,167000,Annuelle,Oui,Mobile Money,24
CTR-04577,CLT-0680,PRD-006,AGT-033,AGC-005,2024-01-13,2025-01-07,Résilié,9912000,1090000,Semestrielle,Non,Virement bancaire,12
CTR-04578,CLT-0737,PRD-007,AGT-009,AGC-001,2023-12-23,2025-12-12,Expiré,37876000,4545000,Annuelle,Non,Carte bancaire,24
CTR-04579,CLT-0854,PRD-006,AGT-012,AGC-002,2024-04-08,2026-03-29,Actif,21202000,2332000,Annuelle,Non,Mobile Money,24
CTR-04580,CLT-0509,PRD-004,AGT-036,AGC-006,2023-05-21,2026-05-05,Actif,5514000,386000,Mensuelle,Non,Virement bancaire,36
CTR-04581,CLT-0089,PRD-007,AGT-025,AGC-004,2023-05-03,2024-04-27,Expiré,30565000,3668000,Trimestrielle,Non,Mobile Money,12
CTR-04582,CLT-0068,PRD-004,AGT-014,AGC-002,2023-04-19,2024-04-13,Expiré,5514000,386000,Mensuelle,Non,Carte bancaire,12
CTR-04583,CLT-0029,PRD-006,AGT-053,AGC-010,2023-08-22,2024-08-16,Résilié,18745000,2062000,Mensuelle,Non,Espèces,12
CTR-04584,CLT-0845,PRD-004,AGT-001,AGC-001,2023-03-23,2024-03-17,Résilié,4627000,324000,Annuelle,Non,Virement bancaire,12
CTR-04585,CLT-0166,PRD-001,AGT-039,AGC-006,2025-06-04,2027-05-25,Actif,2266000,181000,Annuelle,Oui,Chèque,24
CTR-04586,CLT-0273,PRD-002,AGT-038,AGC-006,2023-10-23,2024-10-17,Expiré,15099000,1510000,Annuelle,Non,Mobile Money,12
CTR-04587,CLT-0588,PRD-007,AGT-023,AGC-003,2024-10-12,2025-10-07,Résilié,25175000,3021000,Trimestrielle,Non,Mobile Money,12
CTR-04588,CLT-0779,PRD-003,AGT-025,AGC-004,2024-10-06,2027-09-21,Actif,4251000,383000,Semestrielle,Non,Virement bancaire,36
CTR-04589,CLT-0618,PRD-002,AGT-035,AGC-006,2025-06-05,2026-05-31,Actif,5794000,579000,Annuelle,Non,Carte bancaire,12
CTR-04590,CLT-0385,PRD-003,AGT-008,AGC-001,2024-07-01,2026-06-21,Actif,14881000,1339000,Annuelle,Oui,Espèces,24
CTR-04591,CLT-0413,PRD-003,AGT-030,AGC-005,2024-01-30,2026-01-19,Actif,9889000,890000,Mensuelle,Non,Virement bancaire,24
CTR-04592,CLT-0469,PRD-007,AGT-039,AGC-006,2025-04-11,2027-04-01,Actif,44802000,5376000,Trimestrielle,Oui,Chèque,24
CTR-04593,CLT-0304,PRD-008,AGT-042,AGC-007,2025-05-10,2026-05-05,Actif,74770000,9720000,Semestrielle,Non,Chèque,12
CTR-04594,CLT-0503,PRD-003,AGT-010,AGC-002,2023-02-10,2026-01-25,Actif,6817000,614000,Trimestrielle,Non,Espèces,36
CTR-04595,CLT-0672,PRD-006,AGT-046,AGC-008,2025-05-07,2028-04-21,Actif,25129000,2764000,Annuelle,Oui,Virement bancaire,36
CTR-04596,CLT-0949,PRD-005,AGT-008,AGC-001,2024-07-29,2025-07-24,Résilié,1287000,77000,Trimestrielle,Non,Virement bancaire,12
CTR-04597,CLT-0558,PRD-008,AGT-024,AGC-003,2024-02-17,2025-02-11,Expiré,41955000,5454000,Trimestrielle,Oui,Carte bancaire,12
CTR-04598,CLT-0216,PRD-001,AGT-010,AGC-002,2024-10-15,2025-10-10,Expiré,3882000,311000,Annuelle,Non,Mobile Money,12
CTR-04599,CLT-0909,PRD-001,AGT-003,AGC-001,2024-08-25,2026-08-15,Actif,2713000,217000,Annuelle,Non,Mobile Money,24
CTR-04600,CLT-0634,PRD-006,AGT-009,AGC-001,2024-07-04,2025-06-29,Résilié,5638000,620000,Semestrielle,Non,Virement bancaire,12
CTR-04601,CLT-0071,PRD-007,AGT-035,AGC-006,2024-03-03,2025-02-26,Expiré,51304000,6156000,Mensuelle,Oui,Carte bancaire,12
CTR-04602,CLT-0301,PRD-005,AGT-033,AGC-005,2023-11-14,2025-11-03,Expiré,1704000,102000,Mensuelle,Non,Virement bancaire,24
CTR-04603,CLT-0500,PRD-001,AGT-041,AGC-007,2023-10-28,2025-10-17,Expiré,5306000,424000,Mensuelle,Oui,Mobile Money,24
CTR-04604,CLT-0851,PRD-006,AGT-040,AGC-007,2024-09-23,2025-09-18,Expiré,13026000,1433000,Semestrielle,Non,Mobile Money,12
CTR-04605,CLT-0467,PRD-001,AGT-007,AGC-001,2023-06-17,2024-06-11,Expiré,2288000,183000,Mensuelle,Non,Espèces,12
CTR-04606,CLT-0896,PRD-007,AGT-018,AGC-003,2023-03-06,2025-02-23,Expiré,35541000,4265000,Mensuelle,Oui,Mobile Money,24
CTR-04607,CLT-0342,PRD-006,AGT-034,AGC-005,2023-06-12,2025-06-01,Expiré,21199000,2332000,Annuelle,Non,Virement bancaire,24
CTR-04608,CLT-0685,PRD-008,AGT-002,AGC-001,2023-09-06,2024-08-31,Expiré,96968000,12606000,Mensuelle,Oui,Chèque,12
CTR-04609,CLT-0395,PRD-001,AGT-056,AGC-011,2024-04-30,2025-04-25,Expiré,4918000,393000,Mensuelle,Non,Espèces,12
CTR-04610,CLT-0418,PRD-007,AGT-020,AGC-003,2023-12-02,2024-11-26,Résilié,57917000,6950000,Annuelle,Non,Chèque,12
CTR-04611,CLT-0349,PRD-003,AGT-005,AGC-001,2025-02-02,2027-01-23,Actif,7187000,647000,Mensuelle,Non,Virement bancaire,24
CTR-04612,CLT-0392,PRD-002,AGT-027,AGC-004,2024-06-05,2025-05-31,Expiré,7572000,757000,Mensuelle,Oui,Espèces,12
CTR-04613,CLT-0823,PRD-002,AGT-035,AGC-006,2024-08-03,2025-07-29,Expiré,7181000,718000,Annuelle,Non,Virement bancaire,12
CTR-04614,CLT-0629,PRD-003,AGT-048,AGC-008,2024-05-12,2025-05-07,Expiré,19867000,1788000,Trimestrielle,Oui,Mobile Money,12
CTR-04615,CLT-0281,PRD-008,AGT-016,AGC-002,2023-10-09,2025-09-28,Expiré,76539000,9950000,Annuelle,Oui,Virement bancaire,24
CTR-04616,CLT-0685,PRD-002,AGT-059,AGC-012,2025-05-03,2026-04-28,Actif,7624000,762000,Annuelle,Non,Virement bancaire,12
CTR-04617,CLT-0616,PRD-006,AGT-038,AGC-006,2024-01-08,2025-01-02,Résilié,7896000,869000,Trimestrielle,Non,Espèces,12
CTR-04618,CLT-0307,PRD-005,AGT-031,AGC-005,2024-03-15,2026-03-05,Actif,2485000,149000,Annuelle,Non,Mobile Money,24
CTR-04619,CLT-0529,PRD-002,AGT-025,AGC-004,2025-01-20,2027-01-10,Actif,6102000,610000,Semestrielle,Non,Mobile Money,24
CTR-04620,CLT-0953,PRD-005,AGT-059,AGC-012,2023-09-02,2024-08-27,Expiré,1026000,62000,Annuelle,Oui,Mobile Money,12
CTR-04621,CLT-0326,PRD-004,AGT-016,AGC-002,2024-01-05,2024-12-30,Expiré,2778000,194000,Annuelle,Non,Espèces,12
CTR-04622,CLT-0301,PRD-008,AGT-041,AGC-007,2024-06-07,2026-05-28,Actif,83259000,10824000,Annuelle,Oui,Mobile Money,24
CTR-04623,CLT-0892,PRD-002,AGT-029,AGC-004,2023-08-05,2026-07-20,Actif,11942000,1194000,Mensuelle,Non,Espèces,36
CTR-04624,CLT-0506,PRD-004,AGT-028,AGC-004,2023-05-06,2025-04-25,Expiré,2665000,187000,Mensuelle,Non,Mobile Money,24
CTR-04625,CLT-0628,PRD-008,AGT-050,AGC-009,2023-08-22,2026-08-06,Actif,67737000,8806000,Mensuelle,Non,Mobile Money,36
CTR-04626,CLT-0212,PRD-001,AGT-020,AGC-003,2024-03-18,2025-03-13,Expiré,4504000,360000,Semestrielle,Non,Chèque,12
CTR-04627,CLT-0715,PRD-007,AGT-005,AGC-001,2025-01-05,2027-12-21,Actif,55540000,6665000,Mensuelle,Oui,Mobile Money,36
CTR-04628,CLT-0458,PRD-005,AGT-007,AGC-001,2024-07-17,2025-07-12,Expiré,1484000,89000,Semestrielle,Oui,Mobile Money,12
CTR-04629,CLT-0396,PRD-004,AGT-045,AGC-008,2024-02-14,2025-02-08,Expiré,5417000,379000,Trimestrielle,Oui,Virement bancaire,12
CTR-04630,CLT-0660,PRD-007,AGT-060,AGC-012,2025-06-18,2026-06-13,Actif,58548000,7026000,Annuelle,Oui,Chèque,12
CTR-04631,CLT-0259,PRD-001,AGT-021,AGC-003,2025-06-10,2026-06-05,Actif,2252000,180000,Mensuelle,Non,Mobile Money,12
CTR-04632,CLT-0107,PRD-002,AGT-060,AGC-012,2025-04-12,2026-04-07,Actif,9587000,959000,Mensuelle,Non,Mobile Money,12
CTR-04633,CLT-0714,PRD-001,AGT-019,AGC-003,2023-10-07,2024-10-01,Expiré,3104000,248000,Semestrielle,Oui,Mobile Money,12
CTR-04634,CLT-0330,PRD-002,AGT-019,AGC-003,2024-08-15,2025-08-10,Expiré,6391000,639000,Trimestrielle,Oui,Mobile Money,12
CTR-04635,CLT-0745,PRD-003,AGT-034,AGC-005,2024-01-13,2025-01-07,Expiré,9602000,864000,Trimestrielle,Non,Mobile Money,12
CTR-04636,CLT-0829,PRD-002,AGT-009,AGC-001,2025-03-14,2026-03-09,Actif,6578000,658000,Annuelle,Non,Mobile Money,12
CTR-04637,CLT-0355,PRD-006,AGT-007,AGC-001,2023-06-27,2024-06-21,Expiré,18188000,2001000,Annuelle,Non,Mobile Money,12
CTR-04638,CLT-0887,PRD-002,AGT-056,AGC-011,2023-10-16,2024-10-10,Expiré,5035000,504000,Mensuelle,Oui,Mobile Money,12
CTR-04639,CLT-0775,PRD-005,AGT-035,AGC-006,2023-11-27,2025-11-16,Expiré,1902000,114000,Semestrielle,Non,Espèces,24
CTR-04640,CLT-0180,PRD-001,AGT-029,AGC-004,2025-05-24,2026-05-19,Actif,3255000,260000,Mensuelle,Non,Espèces,12
CTR-04641,CLT-0848,PRD-001,AGT-002,AGC-001,2023-01-05,2024-12-25,Résilié,2458000,197000,Mensuelle,Non,Virement bancaire,24
CTR-04642,CLT-0696,PRD-002,AGT-031,AGC-005,2023-02-20,2025-02-09,Expiré,10228000,1023000,Annuelle,Oui,Virement bancaire,24
CTR-04643,CLT-0172,PRD-002,AGT-003,AGC-001,2023-06-23,2024-06-17,Expiré,15818000,1582000,Annuelle,Non,Virement bancaire,12
CTR-04644,CLT-0809,PRD-004,AGT-029,AGC-004,2023-09-11,2024-09-05,Expiré,7665000,537000,Annuelle,Non,Espèces,12
CTR-04645,CLT-0809,PRD-001,AGT-003,AGC-001,2023-11-03,2024-10-28,Expiré,3771000,302000,Mensuelle,Non,Mobile Money,12
CTR-04646,CLT-0791,PRD-004,AGT-027,AGC-004,2023-02-20,2025-02-09,Expiré,3039000,213000,Trimestrielle,Oui,Carte bancaire,24
CTR-04647,CLT-0576,PRD-006,AGT-022,AGC-003,2023-06-15,2026-05-30,Actif,6000000,660000,Annuelle,Oui,Espèces,36
CTR-04648,CLT-0192,PRD-001,AGT-052,AGC-009,2024-01-28,2027-01-12,Actif,1575000,126000,Semestrielle,Non,Mobile Money,36
CTR-04649,CLT-0707,PRD-002,AGT-011,AGC-002,2023-04-16,2025-04-05,Expiré,11939000,1194000,Mensuelle,Non,Mobile Money,24
CTR-04650,CLT-0944,PRD-004,AGT-028,AGC-004,2023-05-09,2025-04-28,Expiré,7612000,533000,Annuelle,Non,Espèces,24
CTR-04651,CLT-0617,PRD-004,AGT-029,AGC-004,2024-12-07,2025-12-02,Expiré,6891000,482000,Annuelle,Non,Virement bancaire,12
CTR-04652,CLT-0554,PRD-008,AGT-021,AGC-003,2023-03-18,2024-03-12,Résilié,107537000,13980000,Annuelle,Non,Carte bancaire,12
CTR-04653,CLT-0750,PRD-007,AGT-037,AGC-006,2024-11-20,2026-11-10,Actif,54377000,6525000,Trimestrielle,Non,Mobile Money,24
CTR-04654,CLT-0807,PRD-004,AGT-024,AGC-003,2024-11-01,2025-10-27,Expiré,8894000,623000,Mensuelle,Non,Virement bancaire,12
CTR-04655,CLT-0763,PRD-008,AGT-013,AGC-002,2023-08-13,2024-08-07,Expiré,41200000,5356000,Semestrielle,Oui,Mobile Money,12
CTR-04656,CLT-0207,PRD-002,AGT-058,AGC-011,2023-03-30,2024-03-24,Expiré,11839000,1184000,Annuelle,Non,Mobile Money,12
CTR-04657,CLT-0838,PRD-008,AGT-060,AGC-012,2024-11-13,2025-11-08,Expiré,43154000,5610000,Trimestrielle,Oui,Carte bancaire,12
CTR-04658,CLT-0119,PRD-001,AGT-055,AGC-010,2025-02-17,2026-02-12,Actif,4321000,346000,Semestrielle,Non,Carte bancaire,12
CTR-04659,CLT-0639,PRD-001,AGT-042,AGC-007,2024-11-18,2025-11-13,Expiré,2781000,222000,Trimestrielle,Oui,Mobile Money,12
CTR-04660,CLT-0123,PRD-002,AGT-008,AGC-001,2023-09-28,2024-09-22,Expiré,4005000,400000,Trimestrielle,Oui,Carte bancaire,12
CTR-04661,CLT-0846,PRD-001,AGT-053,AGC-010,2024-07-22,2025-07-17,Expiré,2450000,196000,Trimestrielle,Oui,Mobile Money,12
CTR-04662,CLT-0942,PRD-004,AGT-040,AGC-007,2024-11-13,2025-11-08,Expiré,5508000,386000,Trimestrielle,Non,Virement bancaire,12
CTR-04663,CLT-0339,PRD-007,AGT-008,AGC-001,2024-09-04,2025-08-30,Expiré,21922000,2631000,Annuelle,Non,Espèces,12
CTR-04664,CLT-0657,PRD-007,AGT-014,AGC-002,2024-06-30,2027-06-15,Actif,32754000,3930000,Mensuelle,Non,Mobile Money,36
CTR-04665,CLT-0538,PRD-001,AGT-053,AGC-010,2023-01-06,2024-01-01,Expiré,3646000,292000,Trimestrielle,Oui,Mobile Money,12
CTR-04666,CLT-0957,PRD-008,AGT-053,AGC-010,2024-02-12,2025-02-06,Résilié,34407000,4473000,Annuelle,Non,Mobile Money,12
CTR-04667,CLT-0781,PRD-008,AGT-040,AGC-007,2024-04-02,2025-03-28,Expiré,91953000,11954000,Semestrielle,Non,Mobile Money,12
CTR-04668,CLT-0022,PRD-004,AGT-008,AGC-001,2023-04-23,2024-04-17,Expiré,6367000,446000,Mensuelle,Non,Carte bancaire,12
CTR-04669,CLT-0334,PRD-005,AGT-049,AGC-009,2024-07-07,2025-07-02,Expiré,1397000,84000,Trimestrielle,Non,Mobile Money,12
CTR-04670,CLT-0546,PRD-002,AGT-015,AGC-002,2025-06-07,2027-05-28,Actif,11894000,1189000,Trimestrielle,Non,Carte bancaire,24
CTR-04671,CLT-0988,PRD-002,AGT-055,AGC-010,2023-04-19,2025-04-08,Expiré,11632000,1163000,Semestrielle,Non,Espèces,24
CTR-04672,CLT-0643,PRD-008,AGT-039,AGC-006,2025-06-13,2026-06-08,Actif,107933000,14031000,Mensuelle,Non,Espèces,12
CTR-04673,CLT-0613,PRD-003,AGT-036,AGC-006,2023-01-24,2024-01-19,Expiré,4448000,400000,Mensuelle,Non,Chèque,12
CTR-04674,CLT-0177,PRD-003,AGT-055,AGC-010,2023-04-27,2024-04-21,Expiré,15670000,1410000,Mensuelle,Non,Mobile Money,12
CTR-04675,CLT-0429,PRD-001,AGT-018,AGC-003,2024-07-12,2025-07-07,Résilié,4509000,361000,Trimestrielle,Non,Mobile Money,12
CTR-04676,CLT-0480,PRD-003,AGT-040,AGC-007,2023-03-04,2024-02-27,Expiré,4667000,420000,Semestrielle,Non,Carte bancaire,12
CTR-04677,CLT-0324,PRD-004,AGT-014,AGC-002,2023-11-02,2025-10-22,Expiré,7582000,531000,Semestrielle,Non,Carte bancaire,24
CTR-04678,CLT-0090,PRD-004,AGT-001,AGC-001,2025-05-15,2026-05-10,Actif,7809000,547000,Mensuelle,Non,Carte bancaire,12
CTR-04679,CLT-0980,PRD-001,AGT-014,AGC-002,2023-11-15,2025-11-04,Expiré,3772000,302000,Mensuelle,Non,Espèces,24
CTR-04680,CLT-0358,PRD-002,AGT-055,AGC-010,2024-04-12,2026-04-02,Actif,17469000,1747000,Annuelle,Non,Chèque,24
CTR-04681,CLT-0813,PRD-008,AGT-007,AGC-001,2024-02-04,2026-01-24,Actif,62517000,8127000,Annuelle,Non,Virement bancaire,24
CTR-04682,CLT-0187,PRD-001,AGT-049,AGC-009,2025-05-07,2028-04-21,Actif,2623000,210000,Trimestrielle,Non,Mobile Money,36
CTR-04683,CLT-0924,PRD-003,AGT-030,AGC-005,2023-05-15,2024-05-09,Expiré,12548000,1129000,Mensuelle,Non,Mobile Money,12
CTR-04684,CLT-0044,PRD-005,AGT-039,AGC-006,2023-02-19,2025-02-08,Expiré,2482000,149000,Annuelle,Non,Mobile Money,24
CTR-04685,CLT-0176,PRD-002,AGT-055,AGC-010,2023-08-23,2024-08-17,Résilié,7213000,721000,Trimestrielle,Non,Virement bancaire,12
CTR-04686,CLT-0459,PRD-001,AGT-020,AGC-003,2024-06-01,2025-05-27,Résilié,3310000,265000,Annuelle,Non,Espèces,12
CTR-04687,CLT-0344,PRD-005,AGT-012,AGC-002,2025-04-24,2026-04-19,Actif,2160000,130000,Semestrielle,Oui,Chèque,12
CTR-04688,CLT-0862,PRD-004,AGT-012,AGC-002,2024-10-21,2026-10-11,Actif,2402000,168000,Annuelle,Oui,Virement bancaire,24
CTR-04689,CLT-0045,PRD-002,AGT-060,AGC-012,2024-04-27,2026-04-17,Actif,4137000,414000,Trimestrielle,Non,Carte bancaire,24
CTR-04690,CLT-0736,PRD-006,AGT-011,AGC-002,2025-02-17,2026-02-12,Actif,13072000,1438000,Mensuelle,Non,Carte bancaire,12
CTR-04691,CLT-0182,PRD-008,AGT-058,AGC-011,2025-06-21,2026-06-16,Actif,29500000,3835000,Trimestrielle,Oui,Mobile Money,12
CTR-04692,CLT-0956,PRD-007,AGT-014,AGC-002,2024-07-30,2025-07-25,Expiré,51025000,6123000,Semestrielle,Non,Mobile Money,12
CTR-04693,CLT-0975,PRD-004,AGT-043,AGC-007,2024-01-29,2025-01-23,Expiré,8493000,595000,Mensuelle,Oui,Espèces,12
CTR-04694,CLT-0777,PRD-008,AGT-044,AGC-007,2023-02-17,2024-02-12,Expiré,26696000,3470000,Annuelle,Non,Carte bancaire,12
CTR-04695,CLT-0900,PRD-007,AGT-020,AGC-003,2025-04-11,2027-04-01,Actif,14381000,1726000,Annuelle,Oui,Mobile Money,24
CTR-04696,CLT-0183,PRD-001,AGT-031,AGC-005,2023-10-25,2024-10-19,Expiré,4952000,396000,Semestrielle,Non,Mobile Money,12
CTR-04697,CLT-0715,PRD-006,AGT-038,AGC-006,2024-03-23,2026-03-13,Actif,23559000,2591000,Trimestrielle,Non,Mobile Money,24
CTR-04698,CLT-0421,PRD-003,AGT-008,AGC-001,2023-05-06,2025-04-25,Expiré,6661000,599000,Annuelle,Non,Virement bancaire,24
CTR-04699,CLT-0126,PRD-005,AGT-060,AGC-012,2024-01-25,2025-01-19,Résilié,1661000,100000,Annuelle,Non,Mobile Money,12
CTR-04700,CLT-0006,PRD-001,AGT-005,AGC-001,2023-07-02,2024-06-26,Résilié,3075000,246000,Trimestrielle,Non,Mobile Money,12
CTR-04701,CLT-0234,PRD-008,AGT-036,AGC-006,2025-01-23,2027-01-13,Actif,86709000,11272000,Mensuelle,Oui,Virement bancaire,24
CTR-04702,CLT-0636,PRD-003,AGT-040,AGC-007,2023-03-09,2024-03-03,Expiré,14864000,1338000,Annuelle,Oui,Espèces,12
CTR-04703,CLT-0813,PRD-008,AGT-058,AGC-011,2023-08-06,2025-07-26,Expiré,61198000,7956000,Mensuelle,Non,Virement bancaire,24
CTR-04704,CLT-0732,PRD-005,AGT-002,AGC-001,2024-05-25,2027-05-10,Actif,2137000,128000,Mensuelle,Non,Espèces,36
CTR-04705,CLT-0042,PRD-005,AGT-005,AGC-001,2024-02-06,2025-01-31,Résilié,709000,43000,Annuelle,Non,Mobile Money,12
CTR-04706,CLT-0349,PRD-007,AGT-055,AGC-010,2025-04-10,2026-04-05,Actif,27320000,3278000,Trimestrielle,Oui,Virement bancaire,12
CTR-04707,CLT-0216,PRD-003,AGT-036,AGC-006,2024-04-15,2026-04-05,Actif,12346000,1111000,Semestrielle,Oui,Espèces,24
CTR-04708,CLT-0615,PRD-001,AGT-019,AGC-003,2023-07-05,2024-06-29,Expiré,3405000,272000,Trimestrielle,Non,Chèque,12
CTR-04709,CLT-0613,PRD-007,AGT-042,AGC-007,2024-04-18,2025-04-13,Expiré,25593000,3071000,Annuelle,Non,Chèque,12
CTR-04710,CLT-0568,PRD-004,AGT-013,AGC-002,2025-02-19,2026-02-14,Actif,8115000,568000,Trimestrielle,Non,Mobile Money,12
CTR-04711,CLT-0465,PRD-002,AGT-040,AGC-007,2023-03-20,2024-03-14,Expiré,6123000,612000,Trimestrielle,Non,Chèque,12
CTR-04712,CLT-0572,PRD-001,AGT-005,AGC-001,2024-11-26,2025-11-21,Expiré,3123000,250000,Annuelle,Non,Carte bancaire,12
CTR-04713,CLT-0549,PRD-002,AGT-023,AGC-003,2024-02-09,2026-01-29,Actif,12478000,1248000,Trimestrielle,Non,Mobile Money,24
CTR-04714,CLT-0717,PRD-002,AGT-006,AGC-001,2024-04-19,2025-04-14,Expiré,4744000,474000,Semestrielle,Oui,Mobile Money,12
CTR-04715,CLT-0225,PRD-002,AGT-032,AGC-005,2023-08-28,2026-08-12,Actif,5037000,504000,Mensuelle,Non,Mobile Money,36
CTR-04716,CLT-0965,PRD-006,AGT-015,AGC-002,2023-11-27,2024-11-21,Expiré,28852000,3174000,Annuelle,Non,Virement bancaire,12
CTR-04717,CLT-0797,PRD-001,AGT-012,AGC-002,2025-05-08,2028-04-22,Actif,4384000,351000,Trimestrielle,Non,Carte bancaire,36
CTR-04718,CLT-0223,PRD-001,AGT-038,AGC-006,2024-07-29,2025-07-24,Résilié,5637000,451000,Mensuelle,Non,Mobile Money,12
CTR-04719,CLT-0405,PRD-001,AGT-042,AGC-007,2023-08-06,2024-07-31,Résilié,2303000,184000,Semestrielle,Non,Virement bancaire,12
CTR-04720,CLT-0975,PRD-002,AGT-058,AGC-011,2024-12-01,2025-11-26,Expiré,12933000,1293000,Annuelle,Oui,Mobile Money,12
CTR-04721,CLT-0454,PRD-002,AGT-029,AGC-004,2024-10-15,2027-09-30,Actif,6718000,672000,Trimestrielle,Non,Espèces,36
CTR-04722,CLT-0097,PRD-005,AGT-012,AGC-002,2024-04-16,2027-04-01,Actif,1034000,62000,Semestrielle,Non,Espèces,36
CTR-04723,CLT-0481,PRD-008,AGT-043,AGC-007,2023-06-15,2025-06-04,Résilié,28286000,3677000,Mensuelle,Non,Mobile Money,24
CTR-04724,CLT-0127,PRD-008,AGT-015,AGC-002,2024-02-24,2026-02-13,Actif,88977000,11567000,Annuelle,Oui,Mobile Money,24
CTR-04725,CLT-0617,PRD-003,AGT-010,AGC-002,2023-03-13,2024-03-07,Expiré,5549000,499000,Trimestrielle,Non,Mobile Money,12
CTR-04726,CLT-0819,PRD-001,AGT-003,AGC-001,2023-05-24,2024-05-18,Expiré,3904000,312000,Annuelle,Non,Mobile Money,12
CTR-04727,CLT-0103,PRD-002,AGT-001,AGC-001,2024-01-02,2025-12-22,Expiré,8429000,843000,Semestrielle,Non,Espèces,24
CTR-04728,CLT-0580,PRD-006,AGT-036,AGC-006,2023-06-05,2025-05-25,Expiré,24090000,2650000,Mensuelle,Oui,Mobile Money,24
CTR-04729,CLT-0418,PRD-008,AGT-030,AGC-005,2025-04-19,2027-04-09,Actif,76306000,9920000,Trimestrielle,Oui,Virement bancaire,24
CTR-04730,CLT-0163,PRD-004,AGT-021,AGC-003,2024-04-04,2025-03-30,Expiré,2129000,149000,Annuelle,Oui,Virement bancaire,12
CTR-04731,CLT-0500,PRD-002,AGT-042,AGC-007,2024-08-17,2026-08-07,Actif,6905000,690000,Semestrielle,Non,Virement bancaire,24
CTR-04732,CLT-0749,PRD-001,AGT-006,AGC-001,2023-12-07,2026-11-21,Actif,1681000,134000,Mensuelle,Oui,Virement bancaire,36
CTR-04733,CLT-0204,PRD-003,AGT-016,AGC-002,2024-08-18,2025-08-13,Expiré,10606000,955000,Trimestrielle,Oui,Mobile Money,12
CTR-04734,CLT-0216,PRD-005,AGT-012,AGC-002,2023-07-07,2024-07-01,Expiré,873000,52000,Annuelle,Non,Carte bancaire,12
CTR-04735,CLT-0506,PRD-002,AGT-054,AGC-010,2024-01-19,2025-01-13,Expiré,6128000,613000,Annuelle,Non,Virement bancaire,12
CTR-04736,CLT-0929,PRD-006,AGT-054,AGC-010,2025-06-19,2027-06-09,Actif,11344000,1248000,Annuelle,Oui,Virement bancaire,24
CTR-04737,CLT-0818,PRD-003,AGT-022,AGC-003,2025-04-15,2026-04-10,Actif,12100000,1089000,Mensuelle,Non,Virement bancaire,12
CTR-04738,CLT-0289,PRD-006,AGT-034,AGC-005,2023-06-03,2025-05-23,Résilié,21405000,2355000,Semestrielle,Non,Virement bancaire,24
CTR-04739,CLT-0417,PRD-007,AGT-029,AGC-004,2023-01-15,2024-01-10,Expiré,43920000,5270000,Annuelle,Non,Virement bancaire,12
CTR-04740,CLT-0543,PRD-003,AGT-058,AGC-011,2023-07-20,2024-07-14,Expiré,9013000,811000,Mensuelle,Non,Mobile Money,12
CTR-04741,CLT-0970,PRD-006,AGT-024,AGC-003,2023-08-28,2025-08-17,Expiré,17760000,1954000,Mensuelle,Non,Espèces,24
CTR-04742,CLT-0030,PRD-001,AGT-060,AGC-012,2023-02-24,2024-02-19,Expiré,4314000,345000,Annuelle,Oui,Virement bancaire,12
CTR-04743,CLT-0233,PRD-005,AGT-023,AGC-003,2024-07-28,2025-07-23,Expiré,2348000,141000,Semestrielle,Non,Chèque,12
CTR-04744,CLT-0791,PRD-004,AGT-042,AGC-007,2023-06-24,2025-06-13,Expiré,7300000,511000,Semestrielle,Non,Mobile Money,24
CTR-04745,CLT-0787,PRD-002,AGT-060,AGC-012,2023-01-07,2024-12-27,Résilié,11259000,1126000,Trimestrielle,Non,Mobile Money,24
CTR-04746,CLT-0591,PRD-006,AGT-049,AGC-009,2023-11-28,2025-11-17,Expiré,20336000,2237000,Semestrielle,Oui,Chèque,24
CTR-04747,CLT-0205,PRD-003,AGT-045,AGC-008,2024-10-05,2025-09-30,Expiré,6383000,574000,Semestrielle,Oui,Carte bancaire,12
CTR-04748,CLT-0707,PRD-002,AGT-005,AGC-001,2024-04-27,2026-04-17,Actif,8771000,877000,Annuelle,Oui,Virement bancaire,24
CTR-04749,CLT-0830,PRD-004,AGT-047,AGC-008,2023-05-22,2024-05-16,Résilié,4660000,326000,Annuelle,Non,Mobile Money,12
CTR-04750,CLT-0105,PRD-003,AGT-017,AGC-002,2023-10-14,2026-09-28,Actif,11820000,1064000,Trimestrielle,Non,Mobile Money,36
CTR-04751,CLT-0430,PRD-002,AGT-021,AGC-003,2023-10-31,2024-10-25,Expiré,14246000,1425000,Annuelle,Oui,Carte bancaire,12
CTR-04752,CLT-0378,PRD-004,AGT-019,AGC-003,2023-11-15,2024-11-09,Expiré,7860000,550000,Trimestrielle,Non,Espèces,12
CTR-04753,CLT-0417,PRD-005,AGT-013,AGC-002,2023-06-27,2024-06-21,Expiré,2174000,130000,Semestrielle,Oui,Carte bancaire,12
CTR-04754,CLT-0571,PRD-004,AGT-042,AGC-007,2024-08-08,2026-07-29,Actif,2473000,173000,Mensuelle,Oui,Virement bancaire,24
CTR-04755,CLT-0047,PRD-007,AGT-037,AGC-006,2024-04-23,2025-04-18,Expiré,71720000,8606000,Semestrielle,Non,Espèces,12
CTR-04756,CLT-0603,PRD-007,AGT-012,AGC-002,2023-07-13,2025-07-02,Expiré,46946000,5634000,Trimestrielle,Oui,Virement bancaire,24
CTR-04757,CLT-0158,PRD-002,AGT-045,AGC-008,2024-06-05,2027-05-21,Actif,9995000,1000000,Mensuelle,Oui,Mobile Money,36
CTR-04758,CLT-0806,PRD-003,AGT-013,AGC-002,2024-02-24,2026-02-13,Actif,4963000,447000,Semestrielle,Oui,Virement bancaire,24
CTR-04759,CLT-0063,PRD-008,AGT-018,AGC-003,2024-10-06,2025-10-01,Expiré,36917000,4799000,Semestrielle,Oui,Espèces,12
CTR-04760,CLT-0883,PRD-001,AGT-046,AGC-008,2024-08-08,2025-08-03,Expiré,6319000,506000,Mensuelle,Oui,Chèque,12
CTR-04761,CLT-0664,PRD-003,AGT-007,AGC-001,2024-12-09,2025-12-04,Résilié,6631000,597000,Semestrielle,Non,Mobile Money,12
CTR-04762,CLT-0597,PRD-003,AGT-018,AGC-003,2024-07-16,2025-07-11,Résilié,3244000,292000,Mensuelle,Non,Mobile Money,12
CTR-04763,CLT-0330,PRD-003,AGT-049,AGC-009,2023-05-22,2024-05-16,Expiré,14200000,1278000,Trimestrielle,Oui,Mobile Money,12
CTR-04764,CLT-0136,PRD-005,AGT-032,AGC-005,2024-09-24,2026-09-14,Actif,539000,32000,Annuelle,Non,Carte bancaire,24
CTR-04765,CLT-0469,PRD-004,AGT-017,AGC-002,2023-12-01,2024-11-25,Expiré,5434000,380000,Trimestrielle,Non,Virement bancaire,12
CTR-04766,CLT-0857,PRD-006,AGT-009,AGC-001,2025-02-27,2027-02-17,Actif,7583000,834000,Mensuelle,Non,Chèque,24
CTR-04767,CLT-0017,PRD-001,AGT-039,AGC-006,2024-04-28,2025-04-23,Expiré,3186000,255000,Mensuelle,Non,Mobile Money,12
CTR-04768,CLT-0322,PRD-005,AGT-012,AGC-002,2023-06-02,2024-05-27,Expiré,581000,35000,Trimestrielle,Non,Espèces,12
CTR-04769,CLT-0814,PRD-008,AGT-046,AGC-008,2025-03-03,2028-02-16,Actif,28089000,3652000,Mensuelle,Non,Mobile Money,36
CTR-04770,CLT-0231,PRD-002,AGT-002,AGC-001,2025-02-26,2027-02-16,Actif,10797000,1080000,Semestrielle,Non,Chèque,24
CTR-04771,CLT-0684,PRD-001,AGT-044,AGC-007,2024-10-25,2025-10-20,Expiré,4661000,373000,Mensuelle,Non,Virement bancaire,12
CTR-04772,CLT-0197,PRD-001,AGT-027,AGC-004,2024-03-11,2026-03-01,Actif,4953000,396000,Semestrielle,Oui,Mobile Money,24
CTR-04773,CLT-0047,PRD-004,AGT-009,AGC-001,2024-02-14,2025-02-08,Résilié,10037000,703000,Mensuelle,Non,Mobile Money,12
CTR-04774,CLT-0960,PRD-006,AGT-012,AGC-002,2023-03-24,2025-03-13,Expiré,12144000,1336000,Trimestrielle,Oui,Espèces,24
CTR-04775,CLT-0029,PRD-006,AGT-055,AGC-010,2024-09-17,2027-09-02,Actif,17740000,1951000,Annuelle,Non,Carte bancaire,36
CTR-04776,CLT-0170,PRD-008,AGT-039,AGC-006,2024-11-30,2026-11-20,Actif,48669000,6327000,Mensuelle,Oui,Carte bancaire,24
CTR-04777,CLT-0374,PRD-005,AGT-028,AGC-004,2025-05-09,2026-05-04,Actif,789000,47000,Annuelle,Non,Carte bancaire,12
CTR-04778,CLT-0054,PRD-003,AGT-009,AGC-001,2023-09-10,2024-09-04,Résilié,8850000,796000,Annuelle,Non,Virement bancaire,12
CTR-04779,CLT-0391,PRD-004,AGT-022,AGC-003,2023-12-31,2024-12-25,Expiré,5406000,378000,Semestrielle,Oui,Virement bancaire,12
CTR-04780,CLT-0480,PRD-007,AGT-015,AGC-002,2023-08-16,2024-08-10,Expiré,58512000,7021000,Mensuelle,Non,Mobile Money,12
CTR-04781,CLT-0953,PRD-008,AGT-032,AGC-005,2025-03-11,2027-03-01,Actif,62264000,8094000,Mensuelle,Non,Carte bancaire,24
CTR-04782,CLT-0389,PRD-006,AGT-056,AGC-011,2024-04-19,2027-04-04,Actif,22723000,2500000,Semestrielle,Oui,Chèque,36
CTR-04783,CLT-0473,PRD-005,AGT-020,AGC-003,2024-07-07,2025-07-02,Expiré,1650000,99000,Mensuelle,Oui,Espèces,12
CTR-04784,CLT-0466,PRD-003,AGT-008,AGC-001,2025-01-03,2025-12-29,Résilié,6032000,543000,Mensuelle,Non,Carte bancaire,12
CTR-04785,CLT-0710,PRD-007,AGT-002,AGC-001,2024-04-01,2025-03-27,Expiré,44677000,5361000,Annuelle,Non,Mobile Money,12
CTR-04786,CLT-0378,PRD-001,AGT-054,AGC-010,2025-01-02,2025-12-28,Expiré,6020000,482000,Annuelle,Non,Virement bancaire,12
CTR-04787,CLT-0044,PRD-006,AGT-025,AGC-004,2024-12-18,2025-12-13,Expiré,15387000,1693000,Semestrielle,Non,Espèces,12
CTR-04788,CLT-0019,PRD-007,AGT-059,AGC-012,2023-08-13,2025-08-02,Expiré,58914000,7070000,Mensuelle,Oui,Mobile Money,24
CTR-04789,CLT-0920,PRD-004,AGT-045,AGC-008,2025-03-09,2026-03-04,Actif,4191000,293000,Annuelle,Non,Espèces,12
CTR-04790,CLT-0641,PRD-002,AGT-046,AGC-008,2024-06-05,2027-05-21,Actif,17309000,1731000,Trimestrielle,Oui,Mobile Money,36
CTR-04791,CLT-0847,PRD-008,AGT-019,AGC-003,2023-04-22,2024-04-16,Expiré,42686000,5549000,Annuelle,Non,Mobile Money,12
CTR-04792,CLT-0921,PRD-004,AGT-049,AGC-009,2025-02-28,2027-02-18,Actif,8537000,598000,Annuelle,Oui,Virement bancaire,24
CTR-04793,CLT-0234,PRD-001,AGT-003,AGC-001,2025-06-14,2027-06-04,Actif,3338000,267000,Mensuelle,Non,Mobile Money,24
CTR-04794,CLT-0904,PRD-007,AGT-039,AGC-006,2024-02-10,2025-02-04,Expiré,41454000,4974000,Mensuelle,Oui,Chèque,12
CTR-04795,CLT-0851,PRD-003,AGT-019,AGC-003,2023-02-11,2025-01-31,Expiré,19962000,1797000,Annuelle,Non,Carte bancaire,24
CTR-04796,CLT-0559,PRD-003,AGT-007,AGC-001,2024-12-16,2026-12-06,Actif,9454000,851000,Annuelle,Non,Mobile Money,24
CTR-04797,CLT-0846,PRD-002,AGT-009,AGC-001,2023-12-26,2024-12-20,Expiré,6102000,610000,Annuelle,Oui,Espèces,12
CTR-04798,CLT-0343,PRD-007,AGT-011,AGC-002,2024-05-31,2026-05-21,Actif,55831000,6700000,Trimestrielle,Oui,Espèces,24
CTR-04799,CLT-0230,PRD-001,AGT-008,AGC-001,2025-04-01,2026-03-27,Actif,3920000,314000,Mensuelle,Non,Virement bancaire,12
CTR-04800,CLT-0863,PRD-008,AGT-026,AGC-004,2023-09-05,2024-08-30,Expiré,34980000,4547000,Semestrielle,Oui,Mobile Money,12
CTR-04801,CLT-0885,PRD-002,AGT-008,AGC-001,2024-03-25,2026-03-15,Actif,10357000,1036000,Trimestrielle,Non,Mobile Money,24
CTR-04802,CLT-0670,PRD-004,AGT-043,AGC-007,2023-01-28,2024-01-23,Expiré,4108000,288000,Semestrielle,Oui,Virement bancaire,12
CTR-04803,CLT-0451,PRD-002,AGT-040,AGC-007,2024-09-20,2025-09-15,Expiré,6077000,608000,Annuelle,Non,Carte bancaire,12
CTR-04804,CLT-0610,PRD-004,AGT-005,AGC-001,2025-02-13,2028-01-29,Actif,7520000,526000,Semestrielle,Non,Carte bancaire,36
CTR-04805,CLT-0492,PRD-006,AGT-018,AGC-003,2023-11-30,2024-11-24,Résilié,9058000,996000,Annuelle,Non,Mobile Money,12
CTR-04806,CLT-0066,PRD-001,AGT-001,AGC-001,2024-05-08,2026-04-28,Actif,3148000,252000,Annuelle,Oui,Chèque,24
CTR-04807,CLT-0531,PRD-007,AGT-007,AGC-001,2023-07-28,2024-07-22,Expiré,39342000,4721000,Semestrielle,Oui,Mobile Money,12
CTR-04808,CLT-0188,PRD-002,AGT-009,AGC-001,2023-04-01,2025-03-21,Expiré,9392000,939000,Annuelle,Oui,Mobile Money,24
CTR-04809,CLT-0299,PRD-007,AGT-015,AGC-002,2025-01-13,2027-12-29,Actif,48436000,5812000,Annuelle,Non,Mobile Money,36
CTR-04810,CLT-0936,PRD-004,AGT-031,AGC-005,2023-10-25,2024-10-19,Expiré,6737000,472000,Annuelle,Non,Espèces,12
CTR-04811,CLT-0320,PRD-001,AGT-058,AGC-011,2024-02-01,2025-01-26,Expiré,4110000,329000,Mensuelle,Oui,Carte bancaire,12
CTR-04812,CLT-0124,PRD-002,AGT-022,AGC-003,2025-06-08,2026-06-03,Actif,7621000,762000,Semestrielle,Oui,Mobile Money,12
CTR-04813,CLT-0738,PRD-005,AGT-053,AGC-010,2023-01-31,2024-01-26,Expiré,3016000,181000,Semestrielle,Non,Espèces,12
CTR-04814,CLT-0079,PRD-001,AGT-003,AGC-001,2024-02-20,2025-02-14,Expiré,4874000,390000,Mensuelle,Non,Mobile Money,12
CTR-04815,CLT-0077,PRD-001,AGT-060,AGC-012,2023-06-25,2024-06-19,Expiré,4431000,354000,Mensuelle,Oui,Mobile Money,12
CTR-04816,CLT-0134,PRD-006,AGT-047,AGC-008,2023-10-25,2024-10-19,Expiré,20951000,2305000,Annuelle,Oui,Mobile Money,12
CTR-04817,CLT-0742,PRD-007,AGT-051,AGC-009,2025-06-26,2027-06-16,Actif,16444000,1973000,Mensuelle,Oui,Virement bancaire,24
CTR-04818,CLT-0072,PRD-004,AGT-025,AGC-004,2023-06-07,2024-06-01,Résilié,5858000,410000,Trimestrielle,Non,Chèque,12
CTR-04819,CLT-0677,PRD-003,AGT-013,AGC-002,2023-04-10,2024-04-04,Expiré,6198000,558000,Mensuelle,Non,Chèque,12
CTR-04820,CLT-0359,PRD-001,AGT-029,AGC-004,2025-04-01,2026-03-27,Actif,1893000,151000,Mensuelle,Non,Virement bancaire,12
CTR-04821,CLT-0390,PRD-004,AGT-030,AGC-005,2024-07-23,2025-07-18,Expiré,6366000,446000,Semestrielle,Oui,Mobile Money,12
CTR-04822,CLT-0637,PRD-006,AGT-024,AGC-003,2024-06-09,2025-06-04,Résilié,10247000,1127000,Trimestrielle,Non,Mobile Money,12
CTR-04823,CLT-0297,PRD-006,AGT-024,AGC-003,2024-08-18,2026-08-08,Actif,22809000,2509000,Annuelle,Oui,Espèces,24
CTR-04824,CLT-0473,PRD-003,AGT-008,AGC-001,2024-12-25,2026-12-15,Actif,10300000,927000,Mensuelle,Non,Chèque,24
CTR-04825,CLT-0348,PRD-003,AGT-042,AGC-007,2023-02-18,2024-02-13,Expiré,10404000,936000,Annuelle,Non,Virement bancaire,12
CTR-04826,CLT-0908,PRD-006,AGT-056,AGC-011,2024-01-17,2025-01-11,Expiré,20580000,2264000,Annuelle,Non,Virement bancaire,12
CTR-04827,CLT-0254,PRD-005,AGT-020,AGC-003,2024-07-12,2025-07-07,Expiré,1241000,74000,Mensuelle,Non,Virement bancaire,12
CTR-04828,CLT-0453,PRD-005,AGT-029,AGC-004,2023-01-12,2025-12-27,Expiré,477000,29000,Mensuelle,Oui,Mobile Money,36
CTR-04829,CLT-0415,PRD-006,AGT-037,AGC-006,2023-01-14,2025-01-03,Expiré,22134000,2435000,Mensuelle,Oui,Virement bancaire,24
CTR-04830,CLT-0174,PRD-005,AGT-043,AGC-007,2024-02-04,2025-01-29,Expiré,1180000,71000,Semestrielle,Non,Mobile Money,12
CTR-04831,CLT-0257,PRD-001,AGT-044,AGC-007,2023-03-23,2026-03-07,Actif,4426000,354000,Mensuelle,Oui,Carte bancaire,36
CTR-04832,CLT-0766,PRD-004,AGT-030,AGC-005,2024-10-16,2025-10-11,Expiré,2887000,202000,Trimestrielle,Oui,Mobile Money,12
CTR-04833,CLT-0727,PRD-001,AGT-050,AGC-009,2024-01-01,2026-12-16,Actif,2282000,183000,Trimestrielle,Non,Chèque,36
CTR-04834,CLT-0524,PRD-005,AGT-013,AGC-002,2024-07-07,2026-06-27,Actif,1070000,64000,Annuelle,Non,Mobile Money,24
CTR-04835,CLT-0677,PRD-008,AGT-050,AGC-009,2023-12-12,2025-12-01,Expiré,43094000,5602000,Trimestrielle,Oui,Mobile Money,24
CTR-04836,CLT-0891,PRD-001,AGT-060,AGC-012,2023-12-01,2024-11-25,Résilié,3067000,245000,Annuelle,Non,Mobile Money,12
CTR-04837,CLT-0606,PRD-008,AGT-003,AGC-001,2024-03-07,2025-03-02,Expiré,68360000,8887000,Trimestrielle,Non,Mobile Money,12
CTR-04838,CLT-0834,PRD-003,AGT-055,AGC-010,2024-09-07,2026-08-28,Actif,14931000,1344000,Annuelle,Non,Mobile Money,24
CTR-04839,CLT-0430,PRD-004,AGT-007,AGC-001,2023-12-04,2024-11-28,Expiré,10453000,732000,Semestrielle,Non,Mobile Money,12
CTR-04840,CLT-0311,PRD-006,AGT-012,AGC-002,2023-03-27,2024-03-21,Expiré,15177000,1669000,Trimestrielle,Oui,Mobile Money,12
CTR-04841,CLT-0489,PRD-008,AGT-028,AGC-004,2023-02-10,2024-02-05,Expiré,40640000,5283000,Semestrielle,Oui,Virement bancaire,12
CTR-04842,CLT-0320,PRD-004,AGT-021,AGC-003,2023-10-18,2025-10-07,Expiré,8502000,595000,Semestrielle,Non,Mobile Money,24
CTR-04843,CLT-0998,PRD-008,AGT-042,AGC-007,2024-03-12,2025-03-07,Expiré,18845000,2450000,Semestrielle,Oui,Carte bancaire,12
CTR-04844,CLT-0393,PRD-001,AGT-024,AGC-003,2024-09-30,2025-09-25,Expiré,1699000,136000,Trimestrielle,Non,Carte bancaire,12
CTR-04845,CLT-0154,PRD-001,AGT-032,AGC-005,2024-02-12,2025-02-06,Expiré,4017000,321000,Annuelle,Non,Chèque,12
CTR-04846,CLT-0041,PRD-003,AGT-037,AGC-006,2024-07-31,2026-07-21,Actif,13345000,1201000,Trimestrielle,Oui,Virement bancaire,24
CTR-04847,CLT-0552,PRD-002,AGT-026,AGC-004,2023-08-21,2025-08-10,Expiré,5992000,599000,Annuelle,Oui,Mobile Money,24
CTR-04848,CLT-0954,PRD-004,AGT-003,AGC-001,2025-02-02,2026-01-28,Actif,8560000,599000,Trimestrielle,Non,Mobile Money,12
CTR-04849,CLT-0512,PRD-005,AGT-053,AGC-010,2023-02-05,2024-01-31,Expiré,2157000,129000,Mensuelle,Non,Espèces,12
CTR-04850,CLT-0918,PRD-001,AGT-021,AGC-003,2025-05-19,2026-05-14,Actif,3463000,277000,Trimestrielle,Non,Mobile Money,12
CTR-04851,CLT-0263,PRD-002,AGT-039,AGC-006,2023-03-13,2024-03-07,Résilié,13971000,1397000,Semestrielle,Non,Carte bancaire,12
CTR-04852,CLT-0354,PRD-001,AGT-051,AGC-009,2025-02-21,2026-02-16,Actif,1719000,138000,Mensuelle,Oui,Carte bancaire,12
CTR-04853,CLT-0120,PRD-003,AGT-013,AGC-002,2024-04-12,2025-04-07,Expiré,13701000,1233000,Mensuelle,Non,Virement bancaire,12
CTR-04854,CLT-0886,PRD-003,AGT-018,AGC-003,2024-01-20,2025-01-14,Expiré,18265000,1644000,Trimestrielle,Oui,Espèces,12
CTR-04855,CLT-0686,PRD-001,AGT-040,AGC-007,2023-04-29,2024-04-23,Expiré,4673000,374000,Mensuelle,Oui,Mobile Money,12
CTR-04856,CLT-0573,PRD-008,AGT-011,AGC-002,2024-05-14,2026-05-04,Actif,28029000,3644000,Annuelle,Oui,Mobile Money,24
CTR-04857,CLT-0951,PRD-001,AGT-011,AGC-002,2025-05-27,2026-05-22,Actif,4714000,377000,Trimestrielle,Oui,Espèces,12
CTR-04858,CLT-0858,PRD-004,AGT-001,AGC-001,2025-05-09,2027-04-29,Actif,6461000,452000,Mensuelle,Non,Espèces,24
CTR-04859,CLT-0287,PRD-004,AGT-043,AGC-007,2024-06-24,2026-06-14,Actif,5918000,414000,Mensuelle,Non,Virement bancaire,24
CTR-04860,CLT-0691,PRD-007,AGT-012,AGC-002,2024-03-31,2025-03-26,Expiré,50611000,6073000,Semestrielle,Oui,Carte bancaire,12
CTR-04861,CLT-0424,PRD-002,AGT-020,AGC-003,2024-11-02,2026-10-23,Actif,4134000,413000,Semestrielle,Oui,Virement bancaire,24
CTR-04862,CLT-0581,PRD-007,AGT-015,AGC-002,2023-05-13,2024-05-07,Résilié,26844000,3221000,Trimestrielle,Non,Chèque,12
CTR-04863,CLT-0086,PRD-006,AGT-020,AGC-003,2024-08-05,2026-07-26,Actif,10655000,1172000,Semestrielle,Non,Mobile Money,24
CTR-04864,CLT-0263,PRD-003,AGT-039,AGC-006,2023-04-13,2024-04-07,Expiré,17010000,1531000,Mensuelle,Oui,Carte bancaire,12
CTR-04865,CLT-0517,PRD-004,AGT-028,AGC-004,2023-03-16,2024-03-10,Expiré,5007000,350000,Annuelle,Non,Espèces,12
CTR-04866,CLT-0980,PRD-008,AGT-045,AGC-008,2023-02-04,2024-01-30,Expiré,60656000,7885000,Mensuelle,Oui,Carte bancaire,12
CTR-04867,CLT-0539,PRD-002,AGT-020,AGC-003,2023-06-29,2024-06-23,Résilié,9661000,966000,Annuelle,Non,Mobile Money,12
CTR-04868,CLT-0833,PRD-001,AGT-001,AGC-001,2025-02-03,2027-01-24,Actif,4324000,346000,Mensuelle,Oui,Espèces,24
CTR-04869,CLT-0356,PRD-008,AGT-019,AGC-003,2024-09-06,2026-08-27,Actif,74375000,9669000,Annuelle,Non,Mobile Money,24
CTR-04870,CLT-0588,PRD-007,AGT-025,AGC-004,2025-05-03,2026-04-28,Actif,53093000,6371000,Mensuelle,Non,Mobile Money,12
CTR-04871,CLT-0777,PRD-004,AGT-046,AGC-008,2024-07-29,2026-07-19,Actif,6030000,422000,Annuelle,Non,Espèces,24
CTR-04872,CLT-0898,PRD-003,AGT-005,AGC-001,2024-04-20,2025-04-15,Expiré,9253000,833000,Semestrielle,Non,Mobile Money,12
CTR-04873,CLT-0133,PRD-003,AGT-012,AGC-002,2024-01-06,2024-12-31,Expiré,13267000,1194000,Mensuelle,Non,Mobile Money,12
CTR-04874,CLT-0714,PRD-007,AGT-046,AGC-008,2025-06-05,2026-05-31,Actif,12919000,1550000,Mensuelle,Non,Mobile Money,12
CTR-04875,CLT-0467,PRD-002,AGT-041,AGC-007,2023-08-26,2025-08-15,Expiré,13441000,1344000,Trimestrielle,Oui,Mobile Money,24
CTR-04876,CLT-0798,PRD-008,AGT-010,AGC-002,2025-03-24,2027-03-14,Actif,39505000,5136000,Annuelle,Oui,Mobile Money,24
CTR-04877,CLT-0712,PRD-001,AGT-017,AGC-002,2023-04-18,2025-04-07,Résilié,1923000,154000,Annuelle,Non,Mobile Money,24
CTR-04878,CLT-0277,PRD-002,AGT-001,AGC-001,2024-08-20,2025-08-15,Résilié,8700000,870000,Annuelle,Non,Carte bancaire,12
CTR-04879,CLT-0043,PRD-005,AGT-049,AGC-009,2023-02-26,2025-02-15,Résilié,3356000,201000,Trimestrielle,Non,Mobile Money,24
CTR-04880,CLT-0540,PRD-003,AGT-014,AGC-002,2023-06-09,2024-06-03,Expiré,8573000,772000,Trimestrielle,Non,Mobile Money,12
CTR-04881,CLT-0710,PRD-003,AGT-047,AGC-008,2023-11-16,2026-10-31,Actif,9976000,898000,Trimestrielle,Non,Espèces,36
CTR-04882,CLT-0216,PRD-001,AGT-023,AGC-003,2024-02-22,2026-02-11,Actif,2592000,207000,Annuelle,Oui,Carte bancaire,24
CTR-04883,CLT-0178,PRD-001,AGT-022,AGC-003,2023-12-30,2024-12-24,Expiré,1858000,149000,Trimestrielle,Oui,Espèces,12
CTR-04884,CLT-0295,PRD-002,AGT-004,AGC-001,2024-11-11,2025-11-06,Résilié,7595000,760000,Mensuelle,Non,Espèces,12
CTR-04885,CLT-0052,PRD-002,AGT-016,AGC-002,2024-12-29,2027-12-14,Actif,7000000,700000,Annuelle,Non,Chèque,36
CTR-04886,CLT-0347,PRD-005,AGT-017,AGC-002,2023-07-24,2025-07-13,Résilié,2462000,148000,Semestrielle,Non,Mobile Money,24
CTR-04887,CLT-0895,PRD-006,AGT-057,AGC-011,2024-07-03,2025-06-28,Expiré,22650000,2492000,Trimestrielle,Non,Chèque,12
CTR-04888,CLT-0645,PRD-006,AGT-049,AGC-009,2023-12-20,2025-12-09,Résilié,16400000,1804000,Mensuelle,Non,Espèces,24
CTR-04889,CLT-0251,PRD-006,AGT-042,AGC-007,2024-06-24,2027-06-09,Actif,28114000,3093000,Semestrielle,Non,Carte bancaire,36
CTR-04890,CLT-0320,PRD-005,AGT-009,AGC-001,2025-05-24,2027-05-14,Actif,1198000,72000,Mensuelle,Non,Espèces,24
CTR-04891,CLT-0321,PRD-001,AGT-018,AGC-003,2025-01-03,2025-12-29,Expiré,2773000,222000,Trimestrielle,Oui,Mobile Money,12
CTR-04892,CLT-0610,PRD-005,AGT-009,AGC-001,2024-02-16,2026-02-05,Actif,1633000,98000,Mensuelle,Non,Mobile Money,24
CTR-04893,CLT-0541,PRD-005,AGT-002,AGC-001,2025-01-21,2026-01-16,Actif,2135000,128000,Annuelle,Non,Carte bancaire,12
CTR-04894,CLT-0747,PRD-002,AGT-019,AGC-003,2024-10-19,2025-10-14,Expiré,5349000,535000,Mensuelle,Non,Mobile Money,12
CTR-04895,CLT-0384,PRD-005,AGT-059,AGC-012,2024-02-18,2026-02-07,Actif,2467000,148000,Mensuelle,Non,Mobile Money,24
CTR-04896,CLT-0342,PRD-006,AGT-050,AGC-009,2025-01-22,2028-01-07,Actif,6344000,698000,Mensuelle,Non,Mobile Money,36
CTR-04897,CLT-0596,PRD-006,AGT-041,AGC-007,2023-06-27,2024-06-21,Expiré,28607000,3147000,Annuelle,Non,Espèces,12
CTR-04898,CLT-0973,PRD-003,AGT-036,AGC-006,2023-05-04,2026-04-18,Actif,5881000,529000,Annuelle,Oui,Carte bancaire,36
CTR-04899,CLT-0521,PRD-005,AGT-045,AGC-008,2023-11-29,2024-11-23,Expiré,2059000,124000,Annuelle,Non,Mobile Money,12
CTR-04900,CLT-0794,PRD-008,AGT-042,AGC-007,2025-05-10,2028-04-24,Actif,30715000,3993000,Annuelle,Non,Mobile Money,36
CTR-04901,CLT-0396,PRD-006,AGT-040,AGC-007,2024-10-29,2025-10-24,Expiré,15691000,1726000,Trimestrielle,Non,Virement bancaire,12
CTR-04902,CLT-0309,PRD-008,AGT-019,AGC-003,2023-04-22,2024-04-16,Expiré,22134000,2877000,Annuelle,Oui,Espèces,12
CTR-04903,CLT-0954,PRD-004,AGT-027,AGC-004,2025-04-22,2026-04-17,Actif,4505000,315000,Mensuelle,Non,Mobile Money,12
CTR-04904,CLT-0710,PRD-001,AGT-054,AGC-010,2023-09-18,2025-09-07,Expiré,3774000,302000,Trimestrielle,Non,Espèces,24
CTR-04905,CLT-0602,PRD-002,AGT-023,AGC-003,2023-04-24,2024-04-18,Expiré,10797000,1080000,Mensuelle,Non,Virement bancaire,12
CTR-04906,CLT-0567,PRD-005,AGT-046,AGC-008,2025-03-10,2026-03-05,Actif,2120000,127000,Annuelle,Non,Virement bancaire,12
CTR-04907,CLT-0356,PRD-005,AGT-027,AGC-004,2024-07-02,2025-06-27,Expiré,812000,49000,Annuelle,Non,Virement bancaire,12
CTR-04908,CLT-0133,PRD-001,AGT-060,AGC-012,2025-02-14,2026-02-09,Actif,5028000,402000,Trimestrielle,Oui,Espèces,12
CTR-04909,CLT-0745,PRD-006,AGT-014,AGC-002,2023-12-26,2025-12-15,Expiré,21090000,2320000,Trimestrielle,Oui,Mobile Money,24
CTR-04910,CLT-0148,PRD-001,AGT-050,AGC-009,2023-01-16,2024-01-11,Expiré,2533000,203000,Trimestrielle,Non,Espèces,12
CTR-04911,CLT-0687,PRD-004,AGT-008,AGC-001,2025-06-15,2027-06-05,Actif,4421000,309000,Annuelle,Oui,Mobile Money,24
CTR-04912,CLT-0245,PRD-003,AGT-039,AGC-006,2025-05-23,2026-05-18,Actif,14732000,1326000,Trimestrielle,Non,Virement bancaire,12
CTR-04913,CLT-0522,PRD-007,AGT-036,AGC-006,2023-06-19,2024-06-13,Expiré,79016000,9482000,Trimestrielle,Non,Espèces,12
CTR-04914,CLT-0997,PRD-002,AGT-057,AGC-011,2024-10-28,2025-10-23,Expiré,6971000,697000,Trimestrielle,Non,Espèces,12
CTR-04915,CLT-0951,PRD-003,AGT-009,AGC-001,2025-06-21,2026-06-16,Actif,13583000,1222000,Trimestrielle,Non,Espèces,12
CTR-04916,CLT-0808,PRD-001,AGT-036,AGC-006,2025-01-10,2027-12-26,Actif,2086000,167000,Semestrielle,Oui,Mobile Money,36
CTR-04917,CLT-0994,PRD-002,AGT-059,AGC-012,2023-07-12,2024-07-06,Résilié,7829000,783000,Mensuelle,Non,Mobile Money,12
CTR-04918,CLT-0942,PRD-006,AGT-010,AGC-002,2025-03-23,2026-03-18,Actif,6940000,763000,Trimestrielle,Non,Mobile Money,12
CTR-04919,CLT-0413,PRD-003,AGT-031,AGC-005,2024-02-21,2026-02-10,Actif,9093000,818000,Annuelle,Non,Virement bancaire,24
CTR-04920,CLT-0621,PRD-004,AGT-032,AGC-005,2025-05-22,2027-05-12,Actif,7877000,551000,Annuelle,Non,Mobile Money,24
CTR-04921,CLT-0323,PRD-006,AGT-012,AGC-002,2024-09-02,2025-08-28,Expiré,14832000,1632000,Trimestrielle,Oui,Carte bancaire,12
CTR-04922,CLT-0555,PRD-002,AGT-029,AGC-004,2024-06-21,2026-06-11,Actif,4870000,487000,Trimestrielle,Non,Mobile Money,24
CTR-04923,CLT-0307,PRD-002,AGT-025,AGC-004,2024-09-09,2025-09-04,Expiré,9853000,985000,Mensuelle,Non,Virement bancaire,12
CTR-04924,CLT-0476,PRD-003,AGT-042,AGC-007,2024-11-13,2025-11-08,Expiré,11095000,999000,Annuelle,Non,Chèque,12
CTR-04925,CLT-0439,PRD-003,AGT-017,AGC-002,2024-02-11,2025-02-05,Résilié,14139000,1273000,Trimestrielle,Non,Virement bancaire,12
CTR-04926,CLT-0823,PRD-005,AGT-010,AGC-002,2024-04-14,2025-04-09,Expiré,523000,31000,Mensuelle,Non,Mobile Money,12
CTR-04927,CLT-0169,PRD-007,AGT-014,AGC-002,2024-11-13,2026-11-03,Actif,31098000,3732000,Trimestrielle,Oui,Mobile Money,24
CTR-04928,CLT-0159,PRD-006,AGT-053,AGC-010,2024-08-31,2026-08-21,Actif,10987000,1209000,Trimestrielle,Oui,Mobile Money,24
CTR-04929,CLT-0419,PRD-008,AGT-048,AGC-008,2023-03-27,2024-03-21,Expiré,56113000,7295000,Annuelle,Oui,Mobile Money,12
CTR-04930,CLT-0100,PRD-002,AGT-029,AGC-004,2025-05-13,2026-05-08,Actif,11934000,1193000,Trimestrielle,Non,Espèces,12
CTR-04931,CLT-0689,PRD-001,AGT-032,AGC-005,2024-10-20,2025-10-15,Résilié,7287000,583000,Annuelle,Non,Virement bancaire,12
CTR-04932,CLT-0674,PRD-001,AGT-004,AGC-001,2023-03-28,2025-03-17,Expiré,2868000,229000,Trimestrielle,Non,Virement bancaire,24
CTR-04933,CLT-0908,PRD-007,AGT-048,AGC-008,2024-06-20,2027-06-05,Actif,51687000,6202000,Mensuelle,Non,Espèces,36
CTR-04934,CLT-0065,PRD-004,AGT-060,AGC-012,2024-09-23,2025-09-18,Résilié,8038000,563000,Annuelle,Non,Mobile Money,12
CTR-04935,CLT-0618,PRD-004,AGT-056,AGC-011,2024-05-31,2026-05-21,Actif,5269000,369000,Mensuelle,Oui,Mobile Money,24
CTR-04936,CLT-0586,PRD-004,AGT-025,AGC-004,2023-12-26,2025-12-15,Expiré,2452000,172000,Annuelle,Non,Virement bancaire,24
CTR-04937,CLT-0736,PRD-007,AGT-032,AGC-005,2024-11-03,2026-10-24,Actif,52326000,6279000,Mensuelle,Non,Mobile Money,24
CTR-04938,CLT-0319,PRD-001,AGT-054,AGC-010,2023-01-30,2024-01-25,Expiré,2087000,167000,Semestrielle,Oui,Carte bancaire,12
CTR-04939,CLT-0867,PRD-007,AGT-031,AGC-005,2024-10-27,2025-10-22,Expiré,12473000,1497000,Trimestrielle,Oui,Mobile Money,12
CTR-04940,CLT-0931,PRD-001,AGT-030,AGC-005,2023-02-07,2024-02-02,Expiré,4309000,345000,Trimestrielle,Oui,Carte bancaire,12
CTR-04941,CLT-0124,PRD-007,AGT-060,AGC-012,2023-09-23,2025-09-12,Expiré,46305000,5557000,Trimestrielle,Non,Espèces,24
CTR-04942,CLT-0794,PRD-007,AGT-006,AGC-001,2023-02-23,2024-02-18,Expiré,31741000,3809000,Mensuelle,Non,Chèque,12
CTR-04943,CLT-0793,PRD-001,AGT-033,AGC-005,2024-09-05,2025-08-31,Expiré,3079000,246000,Annuelle,Oui,Mobile Money,12
CTR-04944,CLT-0764,PRD-005,AGT-006,AGC-001,2024-08-05,2026-07-26,Actif,916000,55000,Annuelle,Non,Mobile Money,24
CTR-04945,CLT-0638,PRD-005,AGT-028,AGC-004,2023-10-17,2026-10-01,Actif,2392000,144000,Mensuelle,Non,Chèque,36
CTR-04946,CLT-0083,PRD-001,AGT-016,AGC-002,2023-02-05,2024-01-31,Résilié,2777000,222000,Trimestrielle,Non,Virement bancaire,12
CTR-04947,CLT-0150,PRD-003,AGT-012,AGC-002,2024-02-05,2025-01-30,Résilié,8987000,809000,Mensuelle,Non,Mobile Money,12
CTR-04948,CLT-0977,PRD-008,AGT-048,AGC-008,2023-03-01,2025-02-18,Expiré,98740000,12836000,Annuelle,Oui,Mobile Money,24
CTR-04949,CLT-0510,PRD-006,AGT-055,AGC-010,2024-05-19,2027-05-04,Actif,30046000,3305000,Trimestrielle,Oui,Mobile Money,36
CTR-04950,CLT-0274,PRD-003,AGT-034,AGC-005,2023-09-08,2026-08-23,Actif,12500000,1125000,Semestrielle,Non,Mobile Money,36
CTR-04951,CLT-0046,PRD-001,AGT-047,AGC-008,2024-07-21,2027-07-06,Actif,2948000,236000,Trimestrielle,Non,Virement bancaire,36
CTR-04952,CLT-0237,PRD-006,AGT-017,AGC-002,2025-02-23,2026-02-18,Actif,9307000,1024000,Mensuelle,Oui,Mobile Money,12
CTR-04953,CLT-0078,PRD-007,AGT-031,AGC-005,2023-05-09,2024-05-03,Expiré,49232000,5908000,Semestrielle,Non,Mobile Money,12
CTR-04954,CLT-0115,PRD-005,AGT-042,AGC-007,2023-05-16,2025-05-05,Résilié,1928000,116000,Annuelle,Non,Mobile Money,24
CTR-04955,CLT-0461,PRD-006,AGT-004,AGC-001,2024-04-07,2025-04-02,Expiré,21349000,2348000,Trimestrielle,Oui,Mobile Money,12
CTR-04956,CLT-0979,PRD-003,AGT-003,AGC-001,2023-02-10,2024-02-05,Expiré,10572000,951000,Trimestrielle,Oui,Mobile Money,12
CTR-04957,CLT-0395,PRD-006,AGT-013,AGC-002,2024-12-23,2025-12-18,Expiré,9177000,1009000,Annuelle,Non,Carte bancaire,12
CTR-04958,CLT-0906,PRD-001,AGT-051,AGC-009,2025-02-12,2026-02-07,Actif,1698000,136000,Semestrielle,Non,Chèque,12
CTR-04959,CLT-0563,PRD-007,AGT-054,AGC-010,2024-10-20,2025-10-15,Expiré,45823000,5499000,Semestrielle,Oui,Chèque,12
CTR-04960,CLT-0095,PRD-001,AGT-017,AGC-002,2025-05-03,2027-04-23,Actif,4341000,347000,Semestrielle,Non,Virement bancaire,24
CTR-04961,CLT-0726,PRD-006,AGT-030,AGC-005,2023-07-03,2025-06-22,Expiré,18602000,2046000,Mensuelle,Oui,Espèces,24
CTR-04962,CLT-0240,PRD-002,AGT-005,AGC-001,2023-11-25,2025-11-14,Résilié,9708000,971000,Semestrielle,Non,Carte bancaire,24
CTR-04963,CLT-0051,PRD-008,AGT-058,AGC-011,2023-10-31,2025-10-20,Expiré,87646000,11394000,Semestrielle,Non,Mobile Money,24
CTR-04964,CLT-0202,PRD-007,AGT-021,AGC-003,2025-02-05,2026-01-31,Actif,21977000,2637000,Annuelle,Non,Virement bancaire,12
CTR-04965,CLT-0090,PRD-002,AGT-001,AGC-001,2025-01-01,2026-12-22,Actif,11517000,1152000,Annuelle,Non,Chèque,24
CTR-04966,CLT-0768,PRD-003,AGT-046,AGC-008,2024-12-20,2025-12-15,Expiré,14305000,1287000,Semestrielle,Oui,Espèces,12
CTR-04967,CLT-0296,PRD-007,AGT-054,AGC-010,2023-03-31,2026-03-15,Actif,69843000,8381000,Trimestrielle,Oui,Virement bancaire,36
CTR-04968,CLT-0012,PRD-003,AGT-058,AGC-011,2023-10-23,2025-10-12,Expiré,14401000,1296000,Mensuelle,Non,Chèque,24
CTR-04969,CLT-0066,PRD-006,AGT-029,AGC-004,2024-08-16,2026-08-06,Actif,22412000,2465000,Trimestrielle,Non,Virement bancaire,24
CTR-04970,CLT-0660,PRD-005,AGT-001,AGC-001,2024-11-27,2025-11-22,Expiré,1815000,109000,Trimestrielle,Non,Mobile Money,12
CTR-04971,CLT-0745,PRD-006,AGT-038,AGC-006,2023-11-04,2026-10-19,Actif,13796000,1518000,Mensuelle,Oui,Virement bancaire,36
CTR-04972,CLT-0780,PRD-002,AGT-009,AGC-001,2024-07-02,2025-06-27,Expiré,6155000,616000,Mensuelle,Oui,Mobile Money,12
CTR-04973,CLT-0274,PRD-004,AGT-017,AGC-002,2024-05-28,2025-05-23,Expiré,7241000,507000,Mensuelle,Oui,Espèces,12
CTR-04974,CLT-0687,PRD-005,AGT-002,AGC-001,2024-01-19,2025-01-13,Expiré,2205000,132000,Semestrielle,Oui,Virement bancaire,12
CTR-04975,CLT-0456,PRD-006,AGT-041,AGC-007,2023-09-03,2026-08-18,Actif,34658000,3812000,Semestrielle,Oui,Espèces,36
CTR-04976,CLT-0871,PRD-002,AGT-020,AGC-003,2024-09-13,2026-09-03,Actif,7071000,707000,Trimestrielle,Oui,Espèces,24
CTR-04977,CLT-0860,PRD-004,AGT-011,AGC-002,2024-07-15,2025-07-10,Expiré,7513000,526000,Annuelle,Non,Virement bancaire,12
CTR-04978,CLT-0090,PRD-005,AGT-058,AGC-011,2024-06-30,2025-06-25,Expiré,2406000,144000,Annuelle,Oui,Mobile Money,12
CTR-04979,CLT-0787,PRD-004,AGT-023,AGC-003,2024-07-13,2026-07-03,Actif,2406000,168000,Annuelle,Oui,Mobile Money,24
CTR-04980,CLT-0049,PRD-006,AGT-026,AGC-004,2023-12-19,2026-12-03,Actif,17709000,1948000,Trimestrielle,Oui,Espèces,36
CTR-04981,CLT-0491,PRD-003,AGT-006,AGC-001,2023-05-02,2024-04-26,Expiré,12530000,1128000,Mensuelle,Non,Espèces,12
CTR-04982,CLT-0624,PRD-008,AGT-057,AGC-011,2023-10-08,2024-10-02,Expiré,94111000,12234000,Semestrielle,Oui,Virement bancaire,12
CTR-04983,CLT-0343,PRD-005,AGT-001,AGC-001,2023-09-23,2024-09-17,Expiré,1448000,87000,Mensuelle,Oui,Mobile Money,12
CTR-04984,CLT-0451,PRD-004,AGT-051,AGC-009,2023-05-10,2024-05-04,Expiré,8102000,567000,Mensuelle,Non,Espèces,12
CTR-04985,CLT-0237,PRD-005,AGT-010,AGC-002,2025-06-01,2026-05-27,Actif,2329000,140000,Trimestrielle,Oui,Mobile Money,12
CTR-04986,CLT-0029,PRD-001,AGT-051,AGC-009,2024-07-09,2025-07-04,Expiré,4505000,360000,Mensuelle,Oui,Mobile Money,12
CTR-04987,CLT-0085,PRD-006,AGT-051,AGC-009,2024-04-29,2026-04-19,Actif,27506000,3026000,Annuelle,Non,Mobile Money,24
CTR-04988,CLT-0172,PRD-004,AGT-018,AGC-003,2023-09-28,2024-09-22,Expiré,5825000,408000,Mensuelle,Non,Virement bancaire,12
CTR-04989,CLT-0599,PRD-008,AGT-044,AGC-007,2024-08-09,2025-08-04,Expiré,50118000,6515000,Semestrielle,Oui,Virement bancaire,12
CTR-04990,CLT-0642,PRD-002,AGT-013,AGC-002,2023-02-27,2024-02-22,Expiré,13484000,1348000,Semestrielle,Oui,Chèque,12
CTR-04991,CLT-0348,PRD-004,AGT-002,AGC-001,2024-01-04,2025-12-24,Résilié,3653000,256000,Mensuelle,Non,Carte bancaire,24
CTR-04992,CLT-0129,PRD-005,AGT-024,AGC-003,2024-07-02,2026-06-22,Actif,1914000,115000,Semestrielle,Non,Virement bancaire,24
CTR-04993,CLT-0989,PRD-004,AGT-051,AGC-009,2025-03-03,2026-02-26,Actif,10265000,719000,Mensuelle,Oui,Carte bancaire,12
CTR-04994,CLT-0855,PRD-005,AGT-016,AGC-002,2025-01-28,2027-01-18,Actif,1076000,65000,Semestrielle,Non,Carte bancaire,24
CTR-04995,CLT-0061,PRD-007,AGT-053,AGC-010,2024-10-15,2025-10-10,Expiré,45095000,5411000,Trimestrielle,Oui,Carte bancaire,12
CTR-04996,CLT-0692,PRD-004,AGT-043,AGC-007,2024-08-31,2025-08-26,Expiré,3289000,230000,Mensuelle,Non,Mobile Money,12
CTR-04997,CLT-0560,PRD-002,AGT-022,AGC-003,2023-04-12,2024-04-06,Expiré,5338000,534000,Mensuelle,Oui,Virement bancaire,12
CTR-04998,CLT-0604,PRD-008,AGT-057,AGC-011,2023-01-19,2024-01-14,Résilié,74116000,9635000,Annuelle,Non,Virement bancaire,12
CTR-04999,CLT-0647,PRD-001,AGT-044,AGC-007,2025-01-12,2027-01-02,Actif,2271000,182000,Annuelle,Oui,Carte bancaire,24
CTR-05000,CLT-0317,PRD-007,AGT-043,AGC-007,2023-07-27,2024-07-21,Expiré,21078000,2529000,Annuelle,Non,Carte bancaire,12
