ID Objectif,Année,Mois,ID Agence,ID Produit,Objectif Primes,Objectif Nouveaux Contrats,Objectif Taux Renouvellement,Objectif Ratio Sinistres Primes
OBJ-00001,2023,1,AGC-001,PRD-001,1219173000,35,0.79,0.61
OBJ-00002,2023,1,AGC-001,PRD-002,1126728000,36,0.69,0.47
OBJ-00003,2023,1,AGC-001,PRD-003,1399726000,36,0.65,0.45
OBJ-00004,2023,1,AGC-001,PRD-004,1747452000,23,0.65,0.5
OBJ-00005,2023,1,AGC-001,PRD-005,890835000,19,0.68,0.61
OBJ-00006,2023,1,AGC-001,PRD-006,995622000,29,0.61,0.57
OBJ-00007,2023,1,AGC-001,PRD-007,4290137000,50,0.61,0.57
OBJ-00008,2023,1,AGC-001,PRD-008,2583583000,27,0.79,0.56
OBJ-00009,2023,1,AGC-002,PRD-001,1460477000,34,0.67,0.59
OBJ-00010,2023,1,AGC-002,PRD-002,1070361000,37,0.76,0.47
OBJ-00011,2023,1,AGC-002,PRD-003,1504427000,18,0.67,0.5
OBJ-00012,2023,1,AGC-002,PRD-004,1328035000,27,0.7,0.59
OBJ-00013,2023,1,AGC-002,PRD-005,728094000,15,0.73,0.59
OBJ-00014,2023,1,AGC-002,PRD-006,1577555000,22,0.65,0.56
OBJ-00015,2023,1,AGC-002,PRD-007,3471771000,45,0.74,0.46
OBJ-00016,2023,1,AGC-002,PRD-008,4123481000,36,0.66,0.41
OBJ-00017,2023,1,AGC-003,PRD-001,1671460000,25,0.76,0.4
OBJ-00018,2023,1,AGC-003,PRD-002,970339000,42,0.75,0.54
OBJ-00019,2023,1,AGC-003,PRD-003,1398058000,41,0.72,0.43
OBJ-00020,2023,1,AGC-003,PRD-004,1312474000,15,0.77,0.52
OBJ-00021,2023,1,AGC-003,PRD-005,782010000,25,0.7,0.56
OBJ-00022,2023,1,AGC-003,PRD-006,1627512000,29,0.7,0.45
OBJ-00023,2023,1,AGC-003,PRD-007,4433979000,18,0.61,0.57
OBJ-00024,2023,1,AGC-003,PRD-008,2584921000,15,0.77,0.43
OBJ-00025,2023,1,AGC-004,PRD-001,500180000,4,0.61,0.64
OBJ-00026,2023,1,AGC-004,PRD-002,500160000,18,0.63,0.59
OBJ-00027,2023,1,AGC-004,PRD-003,201971000,7,0.77,0.54
OBJ-00028,2023,1,AGC-004,PRD-004,484451000,11,0.7,0.48
OBJ-00029,2023,1,AGC-004,PRD-005,177923000,5,0.69,0.55
OBJ-00030,2023,1,AGC-004,PRD-006,286198000,10,0.67,0.64
OBJ-00031,2023,1,AGC-004,PRD-007,605388000,17,0.76,0.5
OBJ-00032,2023,1,AGC-004,PRD-008,1487993000,8,0.77,0.55
OBJ-00033,2023,1,AGC-005,PRD-001,562873000,18,0.67,0.63
OBJ-00034,2023,1,AGC-005,PRD-002,473878000,11,0.61,0.52
OBJ-00035,2023,1,AGC-005,PRD-003,511999000,5,0.66,0.48
OBJ-00036,2023,1,AGC-005,PRD-004,293938000,18,0.74,0.61
OBJ-00037,2023,1,AGC-005,PRD-005,196518000,12,0.73,0.64
OBJ-00038,2023,1,AGC-005,PRD-006,580473000,12,0.65,0.42
OBJ-00039,2023,1,AGC-005,PRD-007,1003097000,18,0.71,0.52
OBJ-00040,2023,1,AGC-005,PRD-008,918807000,8,0.76,0.5
OBJ-00041,2023,1,AGC-006,PRD-001,297479000,8,0.77,0.65
OBJ-00042,2023,1,AGC-006,PRD-002,410380000,10,0.61,0.52
OBJ-00043,2023,1,AGC-006,PRD-003,521603000,8,0.7,0.44
OBJ-00044,2023,1,AGC-006,PRD-004,212719000,17,0.72,0.4
OBJ-00045,2023,1,AGC-006,PRD-005,178358000,7,0.76,0.42
OBJ-00046,2023,1,AGC-006,PRD-006,221345000,5,0.69,0.42
OBJ-00047,2023,1,AGC-006,PRD-007,1092461000,15,0.61,0.51
OBJ-00048,2023,1,AGC-006,PRD-008,1371576000,4,0.65,0.46
OBJ-00049,2023,1,AGC-007,PRD-001,286193000,8,0.62,0.64
OBJ-00050,2023,1,AGC-007,PRD-002,530712000,7,0.79,0.41
OBJ-00051,2023,1,AGC-007,PRD-003,578676000,16,0.6,0.47
OBJ-00052,2023,1,AGC-007,PRD-004,293941000,7,0.64,0.49
OBJ-00053,2023,1,AGC-007,PRD-005,176095000,5,0.67,0.64
OBJ-00054,2023,1,AGC-007,PRD-006,266041000,16,0.65,0.61
OBJ-00055,2023,1,AGC-007,PRD-007,737419000,14,0.71,0.53
OBJ-00056,2023,1,AGC-007,PRD-008,986268000,5,0.73,0.51
OBJ-00057,2023,1,AGC-008,PRD-001,329387000,13,0.75,0.54
OBJ-00058,2023,1,AGC-008,PRD-002,374920000,7,0.69,0.63
OBJ-00059,2023,1,AGC-008,PRD-003,584454000,14,0.72,0.43
OBJ-00060,2023,1,AGC-008,PRD-004,385593000,14,0.78,0.61
OBJ-00061,2023,1,AGC-008,PRD-005,140131000,12,0.74,0.5
OBJ-00062,2023,1,AGC-008,PRD-006,362238000,14,0.77,0.53
OBJ-00063,2023,1,AGC-008,PRD-007,637339000,10,0.63,0.54
OBJ-00064,2023,1,AGC-008,PRD-008,1020611000,5,0.76,0.45
OBJ-00065,2023,1,AGC-009,PRD-001,411481000,6,0.65,0.56
OBJ-00066,2023,1,AGC-009,PRD-002,556217000,5,0.72,0.52
OBJ-00067,2023,1,AGC-009,PRD-003,560020000,14,0.64,0.59
OBJ-00068,2023,1,AGC-009,PRD-004,371591000,13,0.65,0.55
OBJ-00069,2023,1,AGC-009,PRD-005,182025000,8,0.75,0.58
OBJ-00070,2023,1,AGC-009,PRD-006,379872000,15,0.66,0.59
OBJ-00071,2023,1,AGC-009,PRD-007,1017896000,7,0.74,0.42
OBJ-00072,2023,1,AGC-009,PRD-008,744465000,11,0.6,0.62
OBJ-00073,2023,1,AGC-010,PRD-001,409771000,16,0.76,0.61
OBJ-00074,2023,1,AGC-010,PRD-002,274629000,10,0.71,0.51
OBJ-00075,2023,1,AGC-010,PRD-003,223049000,12,0.79,0.59
OBJ-00076,2023,1,AGC-010,PRD-004,359523000,17,0.69,0.64
OBJ-00077,2023,1,AGC-010,PRD-005,271682000,11,0.79,0.55
OBJ-00078,2023,1,AGC-010,PRD-006,513456000,12,0.71,0.57
OBJ-00079,2023,1,AGC-010,PRD-007,711052000,12,0.68,0.63
OBJ-00080,2023,1,AGC-010,PRD-008,792879000,7,0.64,0.58
OBJ-00081,2023,1,AGC-011,PRD-001,545040000,18,0.71,0.55
OBJ-00082,2023,1,AGC-011,PRD-002,479536000,16,0.67,0.6
OBJ-00083,2023,1,AGC-011,PRD-003,283393000,9,0.75,0.54
OBJ-00084,2023,1,AGC-011,PRD-004,231386000,8,0.71,0.5
OBJ-00085,2023,1,AGC-011,PRD-005,143391000,9,0.63,0.65
OBJ-00086,2023,1,AGC-011,PRD-006,372752000,18,0.71,0.62
OBJ-00087,2023,1,AGC-011,PRD-007,1444793000,5,0.76,0.46
OBJ-00088,2023,1,AGC-011,PRD-008,949801000,16,0.64,0.64
OBJ-00089,2023,1,AGC-012,PRD-001,304449000,5,0.64,0.61
OBJ-00090,2023,1,AGC-012,PRD-002,235803000,8,0.74,0.48
OBJ-00091,2023,1,AGC-012,PRD-003,459663000,9,0.62,0.47
OBJ-00092,2023,1,AGC-012,PRD-004,234151000,13,0.76,0.63
OBJ-00093,2023,1,AGC-012,PRD-005,269166000,10,0.63,0.63
OBJ-00094,2023,1,AGC-012,PRD-006,440314000,16,0.74,0.46
OBJ-00095,2023,1,AGC-012,PRD-007,900695000,9,0.69,0.51
OBJ-00096,2023,1,AGC-012,PRD-008,993170000,8,0.64,0.63
OBJ-00097,2023,2,AGC-001,PRD-001,1506599000,42,0.75,0.4
OBJ-00098,2023,2,AGC-001,PRD-002,925988000,31,0.79,0.62
OBJ-00099,2023,2,AGC-001,PRD-003,910406000,22,0.68,0.53
OBJ-00100,2023,2,AGC-001,PRD-004,1675544000,16,0.7,0.57
OBJ-00101,2023,2,AGC-001,PRD-005,886665000,25,0.67,0.56
OBJ-00102,2023,2,AGC-001,PRD-006,1385942000,40,0.62,0.64
OBJ-00103,2023,2,AGC-001,PRD-007,4040046000,36,0.61,0.53
OBJ-00104,2023,2,AGC-001,PRD-008,2876273000,22,0.62,0.62
OBJ-00105,2023,2,AGC-002,PRD-001,1606595000,49,0.78,0.62
OBJ-00106,2023,2,AGC-002,PRD-002,1009038000,15,0.68,0.43
OBJ-00107,2023,2,AGC-002,PRD-003,1117383000,45,0.62,0.64
OBJ-00108,2023,2,AGC-002,PRD-004,1297063000,49,0.69,0.64
OBJ-00109,2023,2,AGC-002,PRD-005,533041000,44,0.62,0.59
OBJ-00110,2023,2,AGC-002,PRD-006,894887000,34,0.73,0.63
OBJ-00111,2023,2,AGC-002,PRD-007,3860447000,44,0.62,0.42
OBJ-00112,2023,2,AGC-002,PRD-008,3124159000,39,0.8,0.63
OBJ-00113,2023,2,AGC-003,PRD-001,809754000,42,0.64,0.54
OBJ-00114,2023,2,AGC-003,PRD-002,1603661000,45,0.72,0.54
OBJ-00115,2023,2,AGC-003,PRD-003,1617269000,37,0.72,0.58
OBJ-00116,2023,2,AGC-003,PRD-004,1520863000,36,0.69,0.64
OBJ-00117,2023,2,AGC-003,PRD-005,432973000,40,0.71,0.62
OBJ-00118,2023,2,AGC-003,PRD-006,1148116000,21,0.67,0.59
OBJ-00119,2023,2,AGC-003,PRD-007,2714724000,26,0.69,0.48
OBJ-00120,2023,2,AGC-003,PRD-008,2157989000,16,0.62,0.6
OBJ-00121,2023,2,AGC-004,PRD-001,255950000,9,0.64,0.56
OBJ-00122,2023,2,AGC-004,PRD-002,410047000,8,0.66,0.46
OBJ-00123,2023,2,AGC-004,PRD-003,235454000,10,0.63,0.4
OBJ-00124,2023,2,AGC-004,PRD-004,214010000,17,0.65,0.41
OBJ-00125,2023,2,AGC-004,PRD-005,281006000,9,0.76,0.44
OBJ-00126,2023,2,AGC-004,PRD-006,223190000,12,0.75,0.45
OBJ-00127,2023,2,AGC-004,PRD-007,504467000,17,0.77,0.49
OBJ-00128,2023,2,AGC-004,PRD-008,1217703000,15,0.7,0.63
OBJ-00129,2023,2,AGC-005,PRD-001,591939000,16,0.77,0.42
OBJ-00130,2023,2,AGC-005,PRD-002,355412000,13,0.68,0.57
OBJ-00131,2023,2,AGC-005,PRD-003,421029000,11,0.68,0.46
OBJ-00132,2023,2,AGC-005,PRD-004,342440000,8,0.61,0.59
OBJ-00133,2023,2,AGC-005,PRD-005,140368000,5,0.77,0.6
OBJ-00134,2023,2,AGC-005,PRD-006,459300000,16,0.61,0.44
OBJ-00135,2023,2,AGC-005,PRD-007,693482000,14,0.62,0.54
OBJ-00136,2023,2,AGC-005,PRD-008,1284019000,8,0.63,0.59
OBJ-00137,2023,2,AGC-006,PRD-001,593945000,4,0.64,0.4
OBJ-00138,2023,2,AGC-006,PRD-002,586912000,18,0.64,0.54
OBJ-00139,2023,2,AGC-006,PRD-003,285629000,13,0.77,0.48
OBJ-00140,2023,2,AGC-006,PRD-004,273248000,9,0.72,0.58
OBJ-00141,2023,2,AGC-006,PRD-005,236066000,7,0.76,0.57
OBJ-00142,2023,2,AGC-006,PRD-006,254580000,5,0.63,0.41
OBJ-00143,2023,2,AGC-006,PRD-007,1292405000,11,0.77,0.63
OBJ-00144,2023,2,AGC-006,PRD-008,615074000,6,0.74,0.57
OBJ-00145,2023,2,AGC-007,PRD-001,281525000,15,0.78,0.5
OBJ-00146,2023,2,AGC-007,PRD-002,575323000,6,0.66,0.52
OBJ-00147,2023,2,AGC-007,PRD-003,296223000,15,0.63,0.43
OBJ-00148,2023,2,AGC-007,PRD-004,255525000,6,0.65,0.45
OBJ-00149,2023,2,AGC-007,PRD-005,260535000,15,0.79,0.61
OBJ-00150,2023,2,AGC-007,PRD-006,364406000,4,0.72,0.47
OBJ-00151,2023,2,AGC-007,PRD-007,1005856000,15,0.7,0.59
OBJ-00152,2023,2,AGC-007,PRD-008,1059508000,13,0.62,0.54
OBJ-00153,2023,2,AGC-008,PRD-001,315384000,4,0.68,0.5
OBJ-00154,2023,2,AGC-008,PRD-002,412880000,14,0.72,0.4
OBJ-00155,2023,2,AGC-008,PRD-003,214541000,15,0.73,0.41
OBJ-00156,2023,2,AGC-008,PRD-004,472850000,14,0.7,0.56
OBJ-00157,2023,2,AGC-008,PRD-005,211450000,16,0.78,0.51
OBJ-00158,2023,2,AGC-008,PRD-006,243090000,7,0.65,0.54
OBJ-00159,2023,2,AGC-008,PRD-007,810127000,7,0.79,0.61
OBJ-00160,2023,2,AGC-008,PRD-008,862590000,7,0.76,0.57
OBJ-00161,2023,2,AGC-009,PRD-001,454853000,5,0.66,0.52
OBJ-00162,2023,2,AGC-009,PRD-002,590081000,16,0.6,0.42
OBJ-00163,2023,2,AGC-009,PRD-003,303671000,13,0.8,0.47
OBJ-00164,2023,2,AGC-009,PRD-004,252548000,8,0.71,0.43
OBJ-00165,2023,2,AGC-009,PRD-005,214148000,5,0.73,0.42
OBJ-00166,2023,2,AGC-009,PRD-006,280379000,12,0.65,0.48
OBJ-00167,2023,2,AGC-009,PRD-007,1052210000,14,0.62,0.55
OBJ-00168,2023,2,AGC-009,PRD-008,732652000,18,0.65,0.43
OBJ-00169,2023,2,AGC-010,PRD-001,416185000,15,0.71,0.44
OBJ-00170,2023,2,AGC-010,PRD-002,248012000,17,0.64,0.52
OBJ-00171,2023,2,AGC-010,PRD-003,454454000,10,0.8,0.55
OBJ-00172,2023,2,AGC-010,PRD-004,390715000,9,0.67,0.4
OBJ-00173,2023,2,AGC-010,PRD-005,237706000,8,0.73,0.45
OBJ-00174,2023,2,AGC-010,PRD-006,208042000,7,0.77,0.48
OBJ-00175,2023,2,AGC-010,PRD-007,1298438000,8,0.64,0.63
OBJ-00176,2023,2,AGC-010,PRD-008,878652000,18,0.72,0.64
OBJ-00177,2023,2,AGC-011,PRD-001,550309000,15,0.63,0.55
OBJ-00178,2023,2,AGC-011,PRD-002,454691000,16,0.79,0.5
OBJ-00179,2023,2,AGC-011,PRD-003,239956000,6,0.69,0.53
OBJ-00180,2023,2,AGC-011,PRD-004,581568000,13,0.77,0.4
OBJ-00181,2023,2,AGC-011,PRD-005,118202000,14,0.64,0.5
OBJ-00182,2023,2,AGC-011,PRD-006,533952000,13,0.67,0.64
OBJ-00183,2023,2,AGC-011,PRD-007,1315926000,4,0.77,0.5
OBJ-00184,2023,2,AGC-011,PRD-008,1313849000,16,0.66,0.44
OBJ-00185,2023,2,AGC-012,PRD-001,398785000,6,0.78,0.6
OBJ-00186,2023,2,AGC-012,PRD-002,220068000,10,0.75,0.62
OBJ-00187,2023,2,AGC-012,PRD-003,254832000,16,0.63,0.52
OBJ-00188,2023,2,AGC-012,PRD-004,585769000,7,0.64,0.57
OBJ-00189,2023,2,AGC-012,PRD-005,177480000,12,0.6,0.63
OBJ-00190,2023,2,AGC-012,PRD-006,500750000,16,0.6,0.45
OBJ-00191,2023,2,AGC-012,PRD-007,1087024000,16,0.61,0.63
OBJ-00192,2023,2,AGC-012,PRD-008,1256062000,8,0.7,0.58
OBJ-00193,2023,3,AGC-001,PRD-001,1724336000,23,0.62,0.44
OBJ-00194,2023,3,AGC-001,PRD-002,1081887000,49,0.64,0.42
OBJ-00195,2023,3,AGC-001,PRD-003,1639316000,50,0.61,0.48
OBJ-00196,2023,3,AGC-001,PRD-004,1643339000,40,0.72,0.44
OBJ-00197,2023,3,AGC-001,PRD-005,628715000,25,0.67,0.54
OBJ-00198,2023,3,AGC-001,PRD-006,1732274000,34,0.75,0.63
OBJ-00199,2023,3,AGC-001,PRD-007,2049878000,45,0.74,0.43
OBJ-00200,2023,3,AGC-001,PRD-008,4324354000,42,0.76,0.63
OBJ-00201,2023,3,AGC-002,PRD-001,1525125000,38,0.72,0.49
OBJ-00202,2023,3,AGC-002,PRD-002,849099000,31,0.65,0.46
OBJ-00203,2023,3,AGC-002,PRD-003,1699228000,20,0.73,0.55
OBJ-00204,2023,3,AGC-002,PRD-004,1122463000,18,0.68,0.63
OBJ-00205,2023,3,AGC-002,PRD-005,826580000,38,0.72,0.41
OBJ-00206,2023,3,AGC-002,PRD-006,801599000,17,0.72,0.63
OBJ-00207,2023,3,AGC-002,PRD-007,2165672000,44,0.78,0.46
OBJ-00208,2023,3,AGC-002,PRD-008,3308883000,28,0.67,0.43
OBJ-00209,2023,3,AGC-003,PRD-001,826431000,15,0.78,0.55
OBJ-00210,2023,3,AGC-003,PRD-002,1513585000,28,0.8,0.53
OBJ-00211,2023,3,AGC-003,PRD-003,1543437000,47,0.77,0.57
OBJ-00212,2023,3,AGC-003,PRD-004,1362194000,35,0.72,0.62
OBJ-00213,2023,3,AGC-003,PRD-005,771089000,39,0.72,0.62
OBJ-00214,2023,3,AGC-003,PRD-006,1204105000,39,0.65,0.42
OBJ-00215,2023,3,AGC-003,PRD-007,3468835000,18,0.61,0.43
OBJ-00216,2023,3,AGC-003,PRD-008,3878091000,15,0.78,0.46
OBJ-00217,2023,3,AGC-004,PRD-001,286078000,16,0.62,0.55
OBJ-00218,2023,3,AGC-004,PRD-002,535734000,9,0.62,0.56
OBJ-00219,2023,3,AGC-004,PRD-003,234379000,13,0.7,0.45
OBJ-00220,2023,3,AGC-004,PRD-004,482179000,10,0.61,0.57
OBJ-00221,2023,3,AGC-004,PRD-005,123661000,11,0.75,0.52
OBJ-00222,2023,3,AGC-004,PRD-006,355843000,9,0.75,0.4
OBJ-00223,2023,3,AGC-004,PRD-007,1355321000,15,0.79,0.63
OBJ-00224,2023,3,AGC-004,PRD-008,1030861000,12,0.73,0.54
OBJ-00225,2023,3,AGC-005,PRD-001,358262000,16,0.7,0.63
OBJ-00226,2023,3,AGC-005,PRD-002,507399000,4,0.76,0.41
OBJ-00227,2023,3,AGC-005,PRD-003,538238000,7,0.71,0.57
OBJ-00228,2023,3,AGC-005,PRD-004,394822000,13,0.69,0.54
OBJ-00229,2023,3,AGC-005,PRD-005,119215000,13,0.78,0.62
OBJ-00230,2023,3,AGC-005,PRD-006,334194000,13,0.64,0.43
OBJ-00231,2023,3,AGC-005,PRD-007,1154751000,4,0.75,0.55
OBJ-00232,2023,3,AGC-005,PRD-008,894069000,10,0.68,0.5
OBJ-00233,2023,3,AGC-006,PRD-001,338795000,14,0.69,0.61
OBJ-00234,2023,3,AGC-006,PRD-002,559287000,13,0.64,0.53
OBJ-00235,2023,3,AGC-006,PRD-003,274448000,10,0.72,0.53
OBJ-00236,2023,3,AGC-006,PRD-004,321340000,14,0.65,0.49
OBJ-00237,2023,3,AGC-006,PRD-005,134570000,13,0.73,0.58
OBJ-00238,2023,3,AGC-006,PRD-006,349620000,14,0.61,0.57
OBJ-00239,2023,3,AGC-006,PRD-007,969175000,15,0.66,0.46
OBJ-00240,2023,3,AGC-006,PRD-008,914971000,6,0.78,0.47
OBJ-00241,2023,3,AGC-007,PRD-001,588242000,7,0.76,0.57
OBJ-00242,2023,3,AGC-007,PRD-002,424678000,15,0.68,0.43
OBJ-00243,2023,3,AGC-007,PRD-003,518701000,18,0.72,0.63
OBJ-00244,2023,3,AGC-007,PRD-004,534855000,8,0.6,0.5
OBJ-00245,2023,3,AGC-007,PRD-005,295967000,8,0.61,0.54
OBJ-00246,2023,3,AGC-007,PRD-006,248403000,10,0.7,0.63
OBJ-00247,2023,3,AGC-007,PRD-007,1249550000,14,0.64,0.45
OBJ-00248,2023,3,AGC-007,PRD-008,712042000,5,0.6,0.46
OBJ-00249,2023,3,AGC-008,PRD-001,489797000,9,0.7,0.47
OBJ-00250,2023,3,AGC-008,PRD-002,269541000,13,0.62,0.48
OBJ-00251,2023,3,AGC-008,PRD-003,253988000,9,0.73,0.43
OBJ-00252,2023,3,AGC-008,PRD-004,484088000,16,0.64,0.57
OBJ-00253,2023,3,AGC-008,PRD-005,157400000,18,0.74,0.53
OBJ-00254,2023,3,AGC-008,PRD-006,540018000,11,0.63,0.5
OBJ-00255,2023,3,AGC-008,PRD-007,1145937000,10,0.62,0.47
OBJ-00256,2023,3,AGC-008,PRD-008,567439000,8,0.65,0.48
OBJ-00257,2023,3,AGC-009,PRD-001,491217000,14,0.63,0.58
OBJ-00258,2023,3,AGC-009,PRD-002,232148000,16,0.69,0.52
OBJ-00259,2023,3,AGC-009,PRD-003,519364000,13,0.72,0.54
OBJ-00260,2023,3,AGC-009,PRD-004,506851000,15,0.72,0.61
OBJ-00261,2023,3,AGC-009,PRD-005,268971000,4,0.76,0.59
OBJ-00262,2023,3,AGC-009,PRD-006,582937000,12,0.72,0.53
OBJ-00263,2023,3,AGC-009,PRD-007,733821000,10,0.68,0.62
OBJ-00264,2023,3,AGC-009,PRD-008,1273261000,7,0.75,0.58
OBJ-00265,2023,3,AGC-010,PRD-001,546829000,10,0.69,0.41
OBJ-00266,2023,3,AGC-010,PRD-002,551438000,10,0.67,0.65
OBJ-00267,2023,3,AGC-010,PRD-003,220801000,4,0.76,0.62
OBJ-00268,2023,3,AGC-010,PRD-004,296039000,13,0.67,0.58
OBJ-00269,2023,3,AGC-010,PRD-005,231742000,4,0.64,0.55
OBJ-00270,2023,3,AGC-010,PRD-006,302977000,9,0.75,0.45
OBJ-00271,2023,3,AGC-010,PRD-007,657724000,11,0.68,0.52
OBJ-00272,2023,3,AGC-010,PRD-008,1425295000,12,0.7,0.52
OBJ-00273,2023,3,AGC-011,PRD-001,527003000,7,0.78,0.58
OBJ-00274,2023,3,AGC-011,PRD-002,527663000,5,0.79,0.49
OBJ-00275,2023,3,AGC-011,PRD-003,223764000,13,0.77,0.48
OBJ-00276,2023,3,AGC-011,PRD-004,575052000,18,0.65,0.47
OBJ-00277,2023,3,AGC-011,PRD-005,219411000,11,0.65,0.49
OBJ-00278,2023,3,AGC-011,PRD-006,360843000,16,0.76,0.62
OBJ-00279,2023,3,AGC-011,PRD-007,1339597000,16,0.64,0.57
OBJ-00280,2023,3,AGC-011,PRD-008,1464624000,5,0.72,0.42
OBJ-00281,2023,3,AGC-012,PRD-001,497182000,4,0.8,0.54
OBJ-00282,2023,3,AGC-012,PRD-002,363025000,7,0.77,0.46
OBJ-00283,2023,3,AGC-012,PRD-003,278150000,16,0.61,0.51
OBJ-00284,2023,3,AGC-012,PRD-004,468973000,4,0.61,0.49
OBJ-00285,2023,3,AGC-012,PRD-005,222944000,6,0.61,0.5
OBJ-00286,2023,3,AGC-012,PRD-006,273325000,6,0.69,0.42
OBJ-00287,2023,3,AGC-012,PRD-007,685512000,15,0.68,0.54
OBJ-00288,2023,3,AGC-012,PRD-008,1122840000,9,0.8,0.56
OBJ-00289,2023,4,AGC-001,PRD-001,1412749000,39,0.69,0.53
OBJ-00290,2023,4,AGC-001,PRD-002,1758746000,28,0.78,0.53
OBJ-00291,2023,4,AGC-001,PRD-003,1561020000,48,0.6,0.54
OBJ-00292,2023,4,AGC-001,PRD-004,1293680000,30,0.75,0.45
OBJ-00293,2023,4,AGC-001,PRD-005,469055000,47,0.7,0.57
OBJ-00294,2023,4,AGC-001,PRD-006,1484756000,20,0.74,0.65
OBJ-00295,2023,4,AGC-001,PRD-007,2405021000,27,0.79,0.64
OBJ-00296,2023,4,AGC-001,PRD-008,2488479000,50,0.75,0.43
OBJ-00297,2023,4,AGC-002,PRD-001,1758339000,21,0.64,0.55
OBJ-00298,2023,4,AGC-002,PRD-002,1450308000,25,0.7,0.42
OBJ-00299,2023,4,AGC-002,PRD-003,1556734000,16,0.6,0.45
OBJ-00300,2023,4,AGC-002,PRD-004,1645468000,45,0.77,0.61
OBJ-00301,2023,4,AGC-002,PRD-005,544440000,29,0.61,0.47
OBJ-00302,2023,4,AGC-002,PRD-006,1642603000,38,0.61,0.45
OBJ-00303,2023,4,AGC-002,PRD-007,3376729000,47,0.75,0.44
OBJ-00304,2023,4,AGC-002,PRD-008,3638054000,43,0.74,0.58
OBJ-00305,2023,4,AGC-003,PRD-001,843527000,38,0.69,0.47
OBJ-00306,2023,4,AGC-003,PRD-002,1459537000,49,0.76,0.43
OBJ-00307,2023,4,AGC-003,PRD-003,1612216000,49,0.6,0.54
OBJ-00308,2023,4,AGC-003,PRD-004,1239684000,42,0.76,0.62
OBJ-00309,2023,4,AGC-003,PRD-005,788751000,49,0.71,0.64
OBJ-00310,2023,4,AGC-003,PRD-006,1503033000,21,0.74,0.44
OBJ-00311,2023,4,AGC-003,PRD-007,2298968000,34,0.79,0.42
OBJ-00312,2023,4,AGC-003,PRD-008,2637931000,50,0.74,0.64
OBJ-00313,2023,4,AGC-004,PRD-001,257619000,16,0.8,0.48
OBJ-00314,2023,4,AGC-004,PRD-002,539148000,8,0.61,0.57
OBJ-00315,2023,4,AGC-004,PRD-003,308349000,7,0.79,0.55
OBJ-00316,2023,4,AGC-004,PRD-004,428045000,17,0.72,0.42
OBJ-00317,2023,4,AGC-004,PRD-005,223312000,4,0.67,0.45
OBJ-00318,2023,4,AGC-004,PRD-006,533002000,10,0.78,0.58
OBJ-00319,2023,4,AGC-004,PRD-007,1099673000,5,0.71,0.55
OBJ-00320,2023,4,AGC-004,PRD-008,1050724000,12,0.78,0.41
OBJ-00321,2023,4,AGC-005,PRD-001,438633000,11,0.68,0.5
OBJ-00322,2023,4,AGC-005,PRD-002,528236000,14,0.65,0.56
OBJ-00323,2023,4,AGC-005,PRD-003,584758000,18,0.7,0.48
OBJ-00324,2023,4,AGC-005,PRD-004,331993000,11,0.72,0.59
OBJ-00325,2023,4,AGC-005,PRD-005,207759000,13,0.77,0.54
OBJ-00326,2023,4,AGC-005,PRD-006,412672000,16,0.79,0.41
OBJ-00327,2023,4,AGC-005,PRD-007,1040500000,13,0.63,0.61
OBJ-00328,2023,4,AGC-005,PRD-008,525431000,8,0.62,0.55
OBJ-00329,2023,4,AGC-006,PRD-001,400520000,12,0.71,0.58
OBJ-00330,2023,4,AGC-006,PRD-002,317325000,4,0.65,0.49
OBJ-00331,2023,4,AGC-006,PRD-003,214637000,7,0.69,0.5
OBJ-00332,2023,4,AGC-006,PRD-004,218127000,6,0.77,0.62
OBJ-00333,2023,4,AGC-006,PRD-005,187963000,4,0.64,0.62
OBJ-00334,2023,4,AGC-006,PRD-006,350414000,14,0.69,0.6
OBJ-00335,2023,4,AGC-006,PRD-007,508770000,10,0.7,0.61
OBJ-00336,2023,4,AGC-006,PRD-008,1333222000,11,0.64,0.42
OBJ-00337,2023,4,AGC-007,PRD-001,451322000,7,0.69,0.61
OBJ-00338,2023,4,AGC-007,PRD-002,280007000,7,0.74,0.41
OBJ-00339,2023,4,AGC-007,PRD-003,561386000,5,0.74,0.56
OBJ-00340,2023,4,AGC-007,PRD-004,389702000,17,0.79,0.52
OBJ-00341,2023,4,AGC-007,PRD-005,277839000,5,0.65,0.43
OBJ-00342,2023,4,AGC-007,PRD-006,205396000,17,0.7,0.41
OBJ-00343,2023,4,AGC-007,PRD-007,1230051000,5,0.68,0.64
OBJ-00344,2023,4,AGC-007,PRD-008,1172149000,5,0.62,0.59
OBJ-00345,2023,4,AGC-008,PRD-001,210934000,6,0.75,0.59
OBJ-00346,2023,4,AGC-008,PRD-002,377419000,14,0.69,0.62
OBJ-00347,2023,4,AGC-008,PRD-003,292588000,10,0.62,0.55
OBJ-00348,2023,4,AGC-008,PRD-004,485364000,15,0.66,0.46
OBJ-00349,2023,4,AGC-008,PRD-005,203895000,5,0.74,0.64
OBJ-00350,2023,4,AGC-008,PRD-006,302077000,18,0.67,0.49
OBJ-00351,2023,4,AGC-008,PRD-007,1231038000,14,0.63,0.45
OBJ-00352,2023,4,AGC-008,PRD-008,1205265000,17,0.63,0.53
OBJ-00353,2023,4,AGC-009,PRD-001,203855000,17,0.76,0.48
OBJ-00354,2023,4,AGC-009,PRD-002,404387000,18,0.63,0.62
OBJ-00355,2023,4,AGC-009,PRD-003,406635000,6,0.65,0.42
OBJ-00356,2023,4,AGC-009,PRD-004,584409000,5,0.76,0.65
OBJ-00357,2023,4,AGC-009,PRD-005,190983000,16,0.6,0.48
OBJ-00358,2023,4,AGC-009,PRD-006,555748000,15,0.79,0.6
OBJ-00359,2023,4,AGC-009,PRD-007,926185000,16,0.75,0.48
OBJ-00360,2023,4,AGC-009,PRD-008,1024717000,12,0.79,0.63
OBJ-00361,2023,4,AGC-010,PRD-001,536867000,4,0.71,0.41
OBJ-00362,2023,4,AGC-010,PRD-002,573663000,17,0.64,0.61
OBJ-00363,2023,4,AGC-010,PRD-003,457442000,16,0.63,0.54
OBJ-00364,2023,4,AGC-010,PRD-004,536866000,13,0.71,0.41
OBJ-00365,2023,4,AGC-010,PRD-005,192719000,8,0.62,0.52
OBJ-00366,2023,4,AGC-010,PRD-006,595373000,17,0.63,0.54
OBJ-00367,2023,4,AGC-010,PRD-007,1325576000,5,0.64,0.42
OBJ-00368,2023,4,AGC-010,PRD-008,880735000,7,0.62,0.5
OBJ-00369,2023,4,AGC-011,PRD-001,379430000,18,0.76,0.54
OBJ-00370,2023,4,AGC-011,PRD-002,231493000,4,0.76,0.53
OBJ-00371,2023,4,AGC-011,PRD-003,239978000,16,0.74,0.6
OBJ-00372,2023,4,AGC-011,PRD-004,429420000,4,0.77,0.56
OBJ-00373,2023,4,AGC-011,PRD-005,299748000,18,0.61,0.44
OBJ-00374,2023,4,AGC-011,PRD-006,257075000,16,0.63,0.53
OBJ-00375,2023,4,AGC-011,PRD-007,913289000,16,0.76,0.59
OBJ-00376,2023,4,AGC-011,PRD-008,817314000,12,0.69,0.48
OBJ-00377,2023,4,AGC-012,PRD-001,353094000,12,0.71,0.57
OBJ-00378,2023,4,AGC-012,PRD-002,322025000,16,0.73,0.54
OBJ-00379,2023,4,AGC-012,PRD-003,471643000,4,0.74,0.44
OBJ-00380,2023,4,AGC-012,PRD-004,224795000,13,0.62,0.49
OBJ-00381,2023,4,AGC-012,PRD-005,296751000,11,0.74,0.54
OBJ-00382,2023,4,AGC-012,PRD-006,249068000,7,0.69,0.47
OBJ-00383,2023,4,AGC-012,PRD-007,642302000,8,0.76,0.48
OBJ-00384,2023,4,AGC-012,PRD-008,1131273000,4,0.71,0.49
OBJ-00385,2023,5,AGC-001,PRD-001,1726074000,22,0.61,0.47
OBJ-00386,2023,5,AGC-001,PRD-002,1657502000,15,0.67,0.53
OBJ-00387,2023,5,AGC-001,PRD-003,1407781000,25,0.68,0.43
OBJ-00388,2023,5,AGC-001,PRD-004,1522741000,34,0.77,0.58
OBJ-00389,2023,5,AGC-001,PRD-005,660839000,41,0.73,0.6
OBJ-00390,2023,5,AGC-001,PRD-006,917146000,33,0.71,0.47
OBJ-00391,2023,5,AGC-001,PRD-007,2792026000,15,0.67,0.42
OBJ-00392,2023,5,AGC-001,PRD-008,4187441000,41,0.79,0.43
OBJ-00393,2023,5,AGC-002,PRD-001,1447624000,34,0.77,0.59
OBJ-00394,2023,5,AGC-002,PRD-002,1510178000,38,0.69,0.48
OBJ-00395,2023,5,AGC-002,PRD-003,1076323000,38,0.63,0.48
OBJ-00396,2023,5,AGC-002,PRD-004,1608707000,47,0.72,0.43
OBJ-00397,2023,5,AGC-002,PRD-005,833935000,35,0.67,0.49
OBJ-00398,2023,5,AGC-002,PRD-006,1191662000,24,0.66,0.42
OBJ-00399,2023,5,AGC-002,PRD-007,3394530000,46,0.73,0.42
OBJ-00400,2023,5,AGC-002,PRD-008,2819982000,15,0.76,0.55
OBJ-00401,2023,5,AGC-003,PRD-001,982043000,26,0.72,0.57
OBJ-00402,2023,5,AGC-003,PRD-002,1009527000,33,0.68,0.44
OBJ-00403,2023,5,AGC-003,PRD-003,1283870000,25,0.67,0.64
OBJ-00404,2023,5,AGC-003,PRD-004,1394527000,29,0.67,0.6
OBJ-00405,2023,5,AGC-003,PRD-005,784468000,35,0.69,0.51
OBJ-00406,2023,5,AGC-003,PRD-006,1122914000,48,0.75,0.6
OBJ-00407,2023,5,AGC-003,PRD-007,4221398000,36,0.73,0.41
OBJ-00408,2023,5,AGC-003,PRD-008,2670111000,16,0.72,0.56
OBJ-00409,2023,5,AGC-004,PRD-001,285122000,13,0.78,0.57
OBJ-00410,2023,5,AGC-004,PRD-002,489164000,18,0.63,0.5
OBJ-00411,2023,5,AGC-004,PRD-003,242586000,13,0.7,0.62
OBJ-00412,2023,5,AGC-004,PRD-004,375896000,13,0.6,0.41
OBJ-00413,2023,5,AGC-004,PRD-005,134296000,4,0.71,0.48
OBJ-00414,2023,5,AGC-004,PRD-006,317567000,16,0.66,0.4
OBJ-00415,2023,5,AGC-004,PRD-007,703454000,17,0.65,0.63
OBJ-00416,2023,5,AGC-004,PRD-008,523067000,5,0.76,0.45
OBJ-00417,2023,5,AGC-005,PRD-001,598400000,5,0.76,0.46
OBJ-00418,2023,5,AGC-005,PRD-002,408817000,7,0.65,0.53
OBJ-00419,2023,5,AGC-005,PRD-003,420006000,12,0.66,0.5
OBJ-00420,2023,5,AGC-005,PRD-004,423697000,12,0.68,0.45
OBJ-00421,2023,5,AGC-005,PRD-005,174043000,15,0.7,0.62
OBJ-00422,2023,5,AGC-005,PRD-006,567603000,7,0.78,0.65
OBJ-00423,2023,5,AGC-005,PRD-007,615766000,6,0.63,0.63
OBJ-00424,2023,5,AGC-005,PRD-008,1304960000,4,0.65,0.57
OBJ-00425,2023,5,AGC-006,PRD-001,553078000,18,0.68,0.63
OBJ-00426,2023,5,AGC-006,PRD-002,425216000,13,0.61,0.59
OBJ-00427,2023,5,AGC-006,PRD-003,421733000,16,0.78,0.48
OBJ-00428,2023,5,AGC-006,PRD-004,593616000,8,0.65,0.59
OBJ-00429,2023,5,AGC-006,PRD-005,277687000,16,0.68,0.55
OBJ-00430,2023,5,AGC-006,PRD-006,362398000,6,0.73,0.58
OBJ-00431,2023,5,AGC-006,PRD-007,518765000,10,0.69,0.55
OBJ-00432,2023,5,AGC-006,PRD-008,1355022000,4,0.79,0.45
OBJ-00433,2023,5,AGC-007,PRD-001,220157000,7,0.63,0.59
OBJ-00434,2023,5,AGC-007,PRD-002,536460000,5,0.77,0.42
OBJ-00435,2023,5,AGC-007,PRD-003,498178000,11,0.62,0.46
OBJ-00436,2023,5,AGC-007,PRD-004,563186000,17,0.66,0.63
OBJ-00437,2023,5,AGC-007,PRD-005,170232000,16,0.75,0.63
OBJ-00438,2023,5,AGC-007,PRD-006,415133000,7,0.71,0.54
OBJ-00439,2023,5,AGC-007,PRD-007,703383000,6,0.7,0.41
OBJ-00440,2023,5,AGC-007,PRD-008,588081000,8,0.75,0.58
OBJ-00441,2023,5,AGC-008,PRD-001,530771000,17,0.8,0.54
OBJ-00442,2023,5,AGC-008,PRD-002,573891000,14,0.78,0.48
OBJ-00443,2023,5,AGC-008,PRD-003,465064000,14,0.64,0.53
OBJ-00444,2023,5,AGC-008,PRD-004,378428000,8,0.62,0.46
OBJ-00445,2023,5,AGC-008,PRD-005,237259000,13,0.74,0.63
OBJ-00446,2023,5,AGC-008,PRD-006,438120000,18,0.67,0.59
OBJ-00447,2023,5,AGC-008,PRD-007,1054820000,14,0.73,0.61
OBJ-00448,2023,5,AGC-008,PRD-008,712926000,5,0.67,0.55
OBJ-00449,2023,5,AGC-009,PRD-001,213309000,14,0.78,0.64
OBJ-00450,2023,5,AGC-009,PRD-002,212629000,15,0.68,0.58
OBJ-00451,2023,5,AGC-009,PRD-003,582818000,15,0.8,0.59
OBJ-00452,2023,5,AGC-009,PRD-004,536855000,16,0.62,0.64
OBJ-00453,2023,5,AGC-009,PRD-005,219617000,13,0.77,0.53
OBJ-00454,2023,5,AGC-009,PRD-006,504878000,4,0.64,0.56
OBJ-00455,2023,5,AGC-009,PRD-007,543802000,18,0.65,0.55
OBJ-00456,2023,5,AGC-009,PRD-008,1147765000,9,0.76,0.57
OBJ-00457,2023,5,AGC-010,PRD-001,594562000,12,0.62,0.45
OBJ-00458,2023,5,AGC-010,PRD-002,200648000,15,0.62,0.43
OBJ-00459,2023,5,AGC-010,PRD-003,446632000,4,0.72,0.58
OBJ-00460,2023,5,AGC-010,PRD-004,352111000,13,0.66,0.52
OBJ-00461,2023,5,AGC-010,PRD-005,244703000,5,0.64,0.43
OBJ-00462,2023,5,AGC-010,PRD-006,299051000,17,0.72,0.51
OBJ-00463,2023,5,AGC-010,PRD-007,1021216000,13,0.62,0.58
OBJ-00464,2023,5,AGC-010,PRD-008,946895000,7,0.68,0.42
OBJ-00465,2023,5,AGC-011,PRD-001,422436000,11,0.61,0.64
OBJ-00466,2023,5,AGC-011,PRD-002,516106000,10,0.7,0.4
OBJ-00467,2023,5,AGC-011,PRD-003,374112000,15,0.71,0.43
OBJ-00468,2023,5,AGC-011,PRD-004,269418000,11,0.76,0.52
OBJ-00469,2023,5,AGC-011,PRD-005,165134000,16,0.63,0.53
OBJ-00470,2023,5,AGC-011,PRD-006,375607000,15,0.79,0.56
OBJ-00471,2023,5,AGC-011,PRD-007,1217213000,16,0.77,0.42
OBJ-00472,2023,5,AGC-011,PRD-008,962180000,15,0.63,0.55
OBJ-00473,2023,5,AGC-012,PRD-001,233661000,10,0.76,0.57
OBJ-00474,2023,5,AGC-012,PRD-002,427627000,16,0.65,0.65
OBJ-00475,2023,5,AGC-012,PRD-003,390867000,9,0.63,0.48
OBJ-00476,2023,5,AGC-012,PRD-004,445978000,10,0.74,0.53
OBJ-00477,2023,5,AGC-012,PRD-005,263823000,14,0.79,0.48
OBJ-00478,2023,5,AGC-012,PRD-006,597798000,8,0.78,0.43
OBJ-00479,2023,5,AGC-012,PRD-007,608764000,10,0.73,0.65
OBJ-00480,2023,5,AGC-012,PRD-008,1300161000,18,0.62,0.63
OBJ-00481,2023,6,AGC-001,PRD-001,1022671000,33,0.6,0.56
OBJ-00482,2023,6,AGC-001,PRD-002,1778367000,35,0.63,0.48
OBJ-00483,2023,6,AGC-001,PRD-003,1255773000,41,0.73,0.55
OBJ-00484,2023,6,AGC-001,PRD-004,1262821000,43,0.68,0.51
OBJ-00485,2023,6,AGC-001,PRD-005,822056000,15,0.61,0.52
OBJ-00486,2023,6,AGC-001,PRD-006,987609000,47,0.76,0.43
OBJ-00487,2023,6,AGC-001,PRD-007,4205895000,15,0.65,0.59
OBJ-00488,2023,6,AGC-001,PRD-008,3331669000,42,0.65,0.41
OBJ-00489,2023,6,AGC-002,PRD-001,1781079000,45,0.61,0.54
OBJ-00490,2023,6,AGC-002,PRD-002,1127469000,21,0.6,0.42
OBJ-00491,2023,6,AGC-002,PRD-003,908275000,19,0.67,0.52
OBJ-00492,2023,6,AGC-002,PRD-004,1484677000,45,0.61,0.53
OBJ-00493,2023,6,AGC-002,PRD-005,406591000,45,0.7,0.55
OBJ-00494,2023,6,AGC-002,PRD-006,821692000,47,0.64,0.46
OBJ-00495,2023,6,AGC-002,PRD-007,2929838000,39,0.6,0.61
OBJ-00496,2023,6,AGC-002,PRD-008,3667182000,33,0.78,0.63
OBJ-00497,2023,6,AGC-003,PRD-001,826370000,22,0.79,0.65
OBJ-00498,2023,6,AGC-003,PRD-002,962188000,23,0.64,0.59
OBJ-00499,2023,6,AGC-003,PRD-003,1068163000,37,0.65,0.46
OBJ-00500,2023,6,AGC-003,PRD-004,1284191000,20,0.65,0.45
OBJ-00501,2023,6,AGC-003,PRD-005,700668000,31,0.79,0.46
OBJ-00502,2023,6,AGC-003,PRD-006,972149000,44,0.71,0.43
OBJ-00503,2023,6,AGC-003,PRD-007,2298683000,39,0.78,0.58
OBJ-00504,2023,6,AGC-003,PRD-008,2841409000,45,0.65,0.49
OBJ-00505,2023,6,AGC-004,PRD-001,245745000,9,0.73,0.47
OBJ-00506,2023,6,AGC-004,PRD-002,504471000,10,0.61,0.5
OBJ-00507,2023,6,AGC-004,PRD-003,233249000,11,0.74,0.51
OBJ-00508,2023,6,AGC-004,PRD-004,342969000,11,0.62,0.47
OBJ-00509,2023,6,AGC-004,PRD-005,177654000,15,0.75,0.56
OBJ-00510,2023,6,AGC-004,PRD-006,501728000,7,0.65,0.48
OBJ-00511,2023,6,AGC-004,PRD-007,1295631000,11,0.67,0.57
OBJ-00512,2023,6,AGC-004,PRD-008,1156725000,13,0.7,0.41
OBJ-00513,2023,6,AGC-005,PRD-001,368413000,17,0.7,0.44
OBJ-00514,2023,6,AGC-005,PRD-002,544304000,13,0.69,0.46
OBJ-00515,2023,6,AGC-005,PRD-003,228310000,10,0.79,0.46
OBJ-00516,2023,6,AGC-005,PRD-004,597886000,18,0.61,0.51
OBJ-00517,2023,6,AGC-005,PRD-005,262972000,12,0.73,0.6
OBJ-00518,2023,6,AGC-005,PRD-006,248589000,15,0.61,0.48
OBJ-00519,2023,6,AGC-005,PRD-007,738284000,11,0.71,0.46
OBJ-00520,2023,6,AGC-005,PRD-008,1461721000,15,0.78,0.44
OBJ-00521,2023,6,AGC-006,PRD-001,378429000,13,0.74,0.49
OBJ-00522,2023,6,AGC-006,PRD-002,501092000,7,0.78,0.48
OBJ-00523,2023,6,AGC-006,PRD-003,240565000,10,0.77,0.42
OBJ-00524,2023,6,AGC-006,PRD-004,229861000,17,0.68,0.42
OBJ-00525,2023,6,AGC-006,PRD-005,275573000,5,0.64,0.44
OBJ-00526,2023,6,AGC-006,PRD-006,291751000,6,0.68,0.55
OBJ-00527,2023,6,AGC-006,PRD-007,764231000,10,0.75,0.53
OBJ-00528,2023,6,AGC-006,PRD-008,807948000,17,0.65,0.62
OBJ-00529,2023,6,AGC-007,PRD-001,530151000,10,0.77,0.48
OBJ-00530,2023,6,AGC-007,PRD-002,217837000,15,0.78,0.54
OBJ-00531,2023,6,AGC-007,PRD-003,276019000,18,0.66,0.5
OBJ-00532,2023,6,AGC-007,PRD-004,563889000,11,0.74,0.42
OBJ-00533,2023,6,AGC-007,PRD-005,151745000,16,0.7,0.49
OBJ-00534,2023,6,AGC-007,PRD-006,390362000,12,0.68,0.47
OBJ-00535,2023,6,AGC-007,PRD-007,550735000,13,0.66,0.53
OBJ-00536,2023,6,AGC-007,PRD-008,1124892000,18,0.62,0.53
OBJ-00537,2023,6,AGC-008,PRD-001,273887000,13,0.72,0.56
OBJ-00538,2023,6,AGC-008,PRD-002,486547000,4,0.78,0.52
OBJ-00539,2023,6,AGC-008,PRD-003,410593000,10,0.62,0.49
OBJ-00540,2023,6,AGC-008,PRD-004,391948000,15,0.7,0.4
OBJ-00541,2023,6,AGC-008,PRD-005,276454000,14,0.69,0.63
OBJ-00542,2023,6,AGC-008,PRD-006,436816000,4,0.61,0.42
OBJ-00543,2023,6,AGC-008,PRD-007,788394000,10,0.66,0.44
OBJ-00544,2023,6,AGC-008,PRD-008,511224000,5,0.68,0.49
OBJ-00545,2023,6,AGC-009,PRD-001,411459000,13,0.62,0.5
OBJ-00546,2023,6,AGC-009,PRD-002,546585000,11,0.64,0.57
OBJ-00547,2023,6,AGC-009,PRD-003,378227000,13,0.71,0.49
OBJ-00548,2023,6,AGC-009,PRD-004,491891000,8,0.64,0.43
OBJ-00549,2023,6,AGC-009,PRD-005,146104000,6,0.7,0.64
OBJ-00550,2023,6,AGC-009,PRD-006,484344000,9,0.64,0.48
OBJ-00551,2023,6,AGC-009,PRD-007,837401000,17,0.62,0.46
OBJ-00552,2023,6,AGC-009,PRD-008,627065000,14,0.78,0.54
OBJ-00553,2023,6,AGC-010,PRD-001,295920000,10,0.78,0.52
OBJ-00554,2023,6,AGC-010,PRD-002,324820000,10,0.64,0.44
OBJ-00555,2023,6,AGC-010,PRD-003,257275000,9,0.65,0.41
OBJ-00556,2023,6,AGC-010,PRD-004,581157000,8,0.73,0.41
OBJ-00557,2023,6,AGC-010,PRD-005,107562000,8,0.66,0.42
OBJ-00558,2023,6,AGC-010,PRD-006,219632000,6,0.66,0.41
OBJ-00559,2023,6,AGC-010,PRD-007,1102210000,9,0.66,0.6
OBJ-00560,2023,6,AGC-010,PRD-008,1085500000,13,0.62,0.43
OBJ-00561,2023,6,AGC-011,PRD-001,318051000,9,0.71,0.42
OBJ-00562,2023,6,AGC-011,PRD-002,472484000,8,0.8,0.61
OBJ-00563,2023,6,AGC-011,PRD-003,572842000,5,0.69,0.53
OBJ-00564,2023,6,AGC-011,PRD-004,453959000,17,0.62,0.51
OBJ-00565,2023,6,AGC-011,PRD-005,263638000,13,0.63,0.44
OBJ-00566,2023,6,AGC-011,PRD-006,363225000,5,0.72,0.53
OBJ-00567,2023,6,AGC-011,PRD-007,1153164000,12,0.77,0.6
OBJ-00568,2023,6,AGC-011,PRD-008,813945000,7,0.61,0.49
OBJ-00569,2023,6,AGC-012,PRD-001,552325000,13,0.78,0.6
OBJ-00570,2023,6,AGC-012,PRD-002,413164000,5,0.65,0.49
OBJ-00571,2023,6,AGC-012,PRD-003,579297000,6,0.6,0.63
OBJ-00572,2023,6,AGC-012,PRD-004,269275000,18,0.77,0.56
OBJ-00573,2023,6,AGC-012,PRD-005,126657000,14,0.7,0.64
OBJ-00574,2023,6,AGC-012,PRD-006,214808000,4,0.62,0.44
OBJ-00575,2023,6,AGC-012,PRD-007,561571000,12,0.67,0.58
OBJ-00576,2023,6,AGC-012,PRD-008,959426000,15,0.61,0.45
OBJ-00577,2023,7,AGC-001,PRD-001,1434254000,32,0.71,0.58
OBJ-00578,2023,7,AGC-001,PRD-002,1390898000,30,0.64,0.57
OBJ-00579,2023,7,AGC-001,PRD-003,898589000,47,0.71,0.54
OBJ-00580,2023,7,AGC-001,PRD-004,1189214000,34,0.61,0.43
OBJ-00581,2023,7,AGC-001,PRD-005,574004000,40,0.76,0.41
OBJ-00582,2023,7,AGC-001,PRD-006,1746492000,39,0.6,0.49
OBJ-00583,2023,7,AGC-001,PRD-007,2824798000,28,0.78,0.62
OBJ-00584,2023,7,AGC-001,PRD-008,2028997000,18,0.7,0.55
OBJ-00585,2023,7,AGC-002,PRD-001,810989000,19,0.67,0.57
OBJ-00586,2023,7,AGC-002,PRD-002,1335818000,35,0.6,0.59
OBJ-00587,2023,7,AGC-002,PRD-003,1554820000,30,0.78,0.5
OBJ-00588,2023,7,AGC-002,PRD-004,963733000,49,0.78,0.62
OBJ-00589,2023,7,AGC-002,PRD-005,486789000,36,0.6,0.46
OBJ-00590,2023,7,AGC-002,PRD-006,1219958000,35,0.77,0.42
OBJ-00591,2023,7,AGC-002,PRD-007,2525549000,35,0.71,0.53
OBJ-00592,2023,7,AGC-002,PRD-008,2712831000,24,0.8,0.54
OBJ-00593,2023,7,AGC-003,PRD-001,900201000,48,0.65,0.47
OBJ-00594,2023,7,AGC-003,PRD-002,1263129000,25,0.8,0.41
OBJ-00595,2023,7,AGC-003,PRD-003,1720306000,26,0.66,0.65
OBJ-00596,2023,7,AGC-003,PRD-004,1336363000,44,0.64,0.45
OBJ-00597,2023,7,AGC-003,PRD-005,446900000,30,0.78,0.61
OBJ-00598,2023,7,AGC-003,PRD-006,974480000,20,0.62,0.53
OBJ-00599,2023,7,AGC-003,PRD-007,3369041000,25,0.73,0.46
OBJ-00600,2023,7,AGC-003,PRD-008,4312134000,49,0.61,0.47
OBJ-00601,2023,7,AGC-004,PRD-001,483901000,18,0.67,0.64
OBJ-00602,2023,7,AGC-004,PRD-002,446093000,17,0.63,0.41
OBJ-00603,2023,7,AGC-004,PRD-003,272942000,5,0.73,0.48
OBJ-00604,2023,7,AGC-004,PRD-004,265685000,17,0.66,0.49
OBJ-00605,2023,7,AGC-004,PRD-005,271918000,17,0.79,0.46
OBJ-00606,2023,7,AGC-004,PRD-006,301854000,11,0.68,0.41
OBJ-00607,2023,7,AGC-004,PRD-007,685052000,16,0.69,0.56
OBJ-00608,2023,7,AGC-004,PRD-008,1247690000,17,0.74,0.52
OBJ-00609,2023,7,AGC-005,PRD-001,424320000,14,0.67,0.56
OBJ-00610,2023,7,AGC-005,PRD-002,525464000,11,0.65,0.47
OBJ-00611,2023,7,AGC-005,PRD-003,214434000,9,0.73,0.59
OBJ-00612,2023,7,AGC-005,PRD-004,219102000,9,0.6,0.43
OBJ-00613,2023,7,AGC-005,PRD-005,124275000,5,0.72,0.48
OBJ-00614,2023,7,AGC-005,PRD-006,586470000,16,0.67,0.61
OBJ-00615,2023,7,AGC-005,PRD-007,1388104000,16,0.64,0.58
OBJ-00616,2023,7,AGC-005,PRD-008,726350000,9,0.75,0.51
OBJ-00617,2023,7,AGC-006,PRD-001,225875000,14,0.63,0.63
OBJ-00618,2023,7,AGC-006,PRD-002,389654000,14,0.74,0.49
OBJ-00619,2023,7,AGC-006,PRD-003,279189000,10,0.78,0.63
OBJ-00620,2023,7,AGC-006,PRD-004,433690000,13,0.74,0.61
OBJ-00621,2023,7,AGC-006,PRD-005,176630000,8,0.64,0.59
OBJ-00622,2023,7,AGC-006,PRD-006,286680000,12,0.64,0.61
OBJ-00623,2023,7,AGC-006,PRD-007,599714000,18,0.64,0.45
OBJ-00624,2023,7,AGC-006,PRD-008,1163859000,7,0.64,0.6
OBJ-00625,2023,7,AGC-007,PRD-001,361627000,8,0.71,0.4
OBJ-00626,2023,7,AGC-007,PRD-002,213330000,4,0.65,0.45
OBJ-00627,2023,7,AGC-007,PRD-003,355064000,8,0.68,0.63
OBJ-00628,2023,7,AGC-007,PRD-004,290849000,11,0.79,0.63
OBJ-00629,2023,7,AGC-007,PRD-005,262241000,17,0.63,0.42
OBJ-00630,2023,7,AGC-007,PRD-006,282424000,11,0.64,0.59
OBJ-00631,2023,7,AGC-007,PRD-007,764942000,8,0.69,0.44
OBJ-00632,2023,7,AGC-007,PRD-008,528320000,8,0.77,0.53
OBJ-00633,2023,7,AGC-008,PRD-001,578467000,8,0.66,0.64
OBJ-00634,2023,7,AGC-008,PRD-002,462525000,10,0.78,0.44
OBJ-00635,2023,7,AGC-008,PRD-003,496674000,17,0.63,0.57
OBJ-00636,2023,7,AGC-008,PRD-004,506700000,13,0.66,0.54
OBJ-00637,2023,7,AGC-008,PRD-005,250023000,6,0.75,0.64
OBJ-00638,2023,7,AGC-008,PRD-006,387557000,13,0.68,0.49
OBJ-00639,2023,7,AGC-008,PRD-007,1239934000,11,0.69,0.62
OBJ-00640,2023,7,AGC-008,PRD-008,1347407000,15,0.79,0.57
OBJ-00641,2023,7,AGC-009,PRD-001,510294000,8,0.79,0.64
OBJ-00642,2023,7,AGC-009,PRD-002,213237000,4,0.7,0.59
OBJ-00643,2023,7,AGC-009,PRD-003,435512000,5,0.61,0.44
OBJ-00644,2023,7,AGC-009,PRD-004,380269000,16,0.72,0.43
OBJ-00645,2023,7,AGC-009,PRD-005,251330000,7,0.75,0.53
OBJ-00646,2023,7,AGC-009,PRD-006,560492000,17,0.65,0.61
OBJ-00647,2023,7,AGC-009,PRD-007,871201000,17,0.75,0.5
OBJ-00648,2023,7,AGC-009,PRD-008,885751000,13,0.66,0.62
OBJ-00649,2023,7,AGC-010,PRD-001,576106000,10,0.73,0.64
OBJ-00650,2023,7,AGC-010,PRD-002,415804000,15,0.68,0.45
OBJ-00651,2023,7,AGC-010,PRD-003,215069000,11,0.69,0.44
OBJ-00652,2023,7,AGC-010,PRD-004,593866000,9,0.62,0.63
OBJ-00653,2023,7,AGC-010,PRD-005,296027000,4,0.72,0.43
OBJ-00654,2023,7,AGC-010,PRD-006,275580000,11,0.75,0.47
OBJ-00655,2023,7,AGC-010,PRD-007,1200269000,17,0.67,0.52
OBJ-00656,2023,7,AGC-010,PRD-008,1304110000,16,0.73,0.65
OBJ-00657,2023,7,AGC-011,PRD-001,360237000,5,0.75,0.47
OBJ-00658,2023,7,AGC-011,PRD-002,360125000,6,0.69,0.57
OBJ-00659,2023,7,AGC-011,PRD-003,512082000,14,0.66,0.51
OBJ-00660,2023,7,AGC-011,PRD-004,221571000,9,0.69,0.6
OBJ-00661,2023,7,AGC-011,PRD-005,172942000,13,0.66,0.48
OBJ-00662,2023,7,AGC-011,PRD-006,447803000,8,0.65,0.43
OBJ-00663,2023,7,AGC-011,PRD-007,1394006000,4,0.63,0.44
OBJ-00664,2023,7,AGC-011,PRD-008,1300426000,9,0.61,0.54
OBJ-00665,2023,7,AGC-012,PRD-001,400192000,14,0.8,0.55
OBJ-00666,2023,7,AGC-012,PRD-002,401851000,12,0.62,0.5
OBJ-00667,2023,7,AGC-012,PRD-003,369396000,9,0.6,0.62
OBJ-00668,2023,7,AGC-012,PRD-004,480244000,13,0.62,0.55
OBJ-00669,2023,7,AGC-012,PRD-005,240719000,11,0.68,0.54
OBJ-00670,2023,7,AGC-012,PRD-006,399272000,11,0.66,0.59
OBJ-00671,2023,7,AGC-012,PRD-007,540110000,4,0.66,0.53
OBJ-00672,2023,7,AGC-012,PRD-008,1071547000,18,0.75,0.54
OBJ-00673,2023,8,AGC-001,PRD-001,1363825000,15,0.77,0.44
OBJ-00674,2023,8,AGC-001,PRD-002,1679382000,46,0.75,0.44
OBJ-00675,2023,8,AGC-001,PRD-003,1073761000,15,0.75,0.55
OBJ-00676,2023,8,AGC-001,PRD-004,1054999000,34,0.63,0.61
OBJ-00677,2023,8,AGC-001,PRD-005,544441000,43,0.8,0.47
OBJ-00678,2023,8,AGC-001,PRD-006,1144650000,25,0.63,0.6
OBJ-00679,2023,8,AGC-001,PRD-007,2994860000,36,0.62,0.5
OBJ-00680,2023,8,AGC-001,PRD-008,4241277000,34,0.72,0.46
OBJ-00681,2023,8,AGC-002,PRD-001,1325545000,23,0.72,0.48
OBJ-00682,2023,8,AGC-002,PRD-002,1777138000,23,0.61,0.45
OBJ-00683,2023,8,AGC-002,PRD-003,902033000,40,0.61,0.43
OBJ-00684,2023,8,AGC-002,PRD-004,1244799000,29,0.75,0.52
OBJ-00685,2023,8,AGC-002,PRD-005,735039000,45,0.74,0.45
OBJ-00686,2023,8,AGC-002,PRD-006,1413775000,47,0.66,0.56
OBJ-00687,2023,8,AGC-002,PRD-007,4438084000,38,0.7,0.64
OBJ-00688,2023,8,AGC-002,PRD-008,3227924000,41,0.79,0.49
OBJ-00689,2023,8,AGC-003,PRD-001,1506763000,35,0.69,0.55
OBJ-00690,2023,8,AGC-003,PRD-002,1765879000,45,0.67,0.45
OBJ-00691,2023,8,AGC-003,PRD-003,1465764000,25,0.76,0.57
OBJ-00692,2023,8,AGC-003,PRD-004,888687000,49,0.71,0.56
OBJ-00693,2023,8,AGC-003,PRD-005,749648000,21,0.72,0.41
OBJ-00694,2023,8,AGC-003,PRD-006,1101078000,47,0.8,0.46
OBJ-00695,2023,8,AGC-003,PRD-007,3948877000,37,0.78,0.55
OBJ-00696,2023,8,AGC-003,PRD-008,2217714000,49,0.72,0.45
OBJ-00697,2023,8,AGC-004,PRD-001,480443000,4,0.67,0.62
OBJ-00698,2023,8,AGC-004,PRD-002,227088000,11,0.68,0.54
OBJ-00699,2023,8,AGC-004,PRD-003,564185000,17,0.6,0.48
OBJ-00700,2023,8,AGC-004,PRD-004,272889000,10,0.6,0.59
OBJ-00701,2023,8,AGC-004,PRD-005,173982000,6,0.74,0.42
OBJ-00702,2023,8,AGC-004,PRD-006,585338000,7,0.75,0.53
OBJ-00703,2023,8,AGC-004,PRD-007,1324701000,10,0.63,0.51
OBJ-00704,2023,8,AGC-004,PRD-008,834601000,15,0.76,0.5
OBJ-00705,2023,8,AGC-005,PRD-001,587765000,8,0.71,0.41
OBJ-00706,2023,8,AGC-005,PRD-002,211880000,5,0.65,0.58
OBJ-00707,2023,8,AGC-005,PRD-003,274654000,16,0.63,0.48
OBJ-00708,2023,8,AGC-005,PRD-004,370142000,15,0.6,0.48
OBJ-00709,2023,8,AGC-005,PRD-005,286925000,15,0.61,0.52
OBJ-00710,2023,8,AGC-005,PRD-006,580428000,5,0.79,0.61
OBJ-00711,2023,8,AGC-005,PRD-007,1386614000,10,0.63,0.53
OBJ-00712,2023,8,AGC-005,PRD-008,1365212000,4,0.63,0.43
OBJ-00713,2023,8,AGC-006,PRD-001,255133000,18,0.61,0.42
OBJ-00714,2023,8,AGC-006,PRD-002,394223000,12,0.79,0.53
OBJ-00715,2023,8,AGC-006,PRD-003,420646000,15,0.61,0.55
OBJ-00716,2023,8,AGC-006,PRD-004,410775000,4,0.63,0.44
OBJ-00717,2023,8,AGC-006,PRD-005,111913000,13,0.63,0.57
OBJ-00718,2023,8,AGC-006,PRD-006,266685000,5,0.72,0.53
OBJ-00719,2023,8,AGC-006,PRD-007,951007000,6,0.68,0.52
OBJ-00720,2023,8,AGC-006,PRD-008,1193004000,16,0.74,0.52
OBJ-00721,2023,8,AGC-007,PRD-001,268673000,15,0.68,0.43
OBJ-00722,2023,8,AGC-007,PRD-002,400644000,13,0.63,0.51
OBJ-00723,2023,8,AGC-007,PRD-003,463962000,18,0.68,0.4
OBJ-00724,2023,8,AGC-007,PRD-004,224430000,6,0.69,0.53
OBJ-00725,2023,8,AGC-007,PRD-005,285589000,18,0.64,0.4
OBJ-00726,2023,8,AGC-007,PRD-006,262620000,4,0.61,0.57
OBJ-00727,2023,8,AGC-007,PRD-007,864390000,13,0.77,0.44
OBJ-00728,2023,8,AGC-007,PRD-008,850180000,4,0.77,0.59
OBJ-00729,2023,8,AGC-008,PRD-001,313410000,9,0.73,0.64
OBJ-00730,2023,8,AGC-008,PRD-002,260222000,16,0.73,0.54
OBJ-00731,2023,8,AGC-008,PRD-003,545381000,16,0.78,0.45
OBJ-00732,2023,8,AGC-008,PRD-004,369784000,11,0.68,0.61
OBJ-00733,2023,8,AGC-008,PRD-005,251449000,8,0.69,0.57
OBJ-00734,2023,8,AGC-008,PRD-006,443727000,13,0.63,0.57
OBJ-00735,2023,8,AGC-008,PRD-007,1395509000,15,0.72,0.42
OBJ-00736,2023,8,AGC-008,PRD-008,1043925000,14,0.76,0.58
OBJ-00737,2023,8,AGC-009,PRD-001,420410000,15,0.73,0.5
OBJ-00738,2023,8,AGC-009,PRD-002,410978000,14,0.73,0.45
OBJ-00739,2023,8,AGC-009,PRD-003,431034000,7,0.73,0.58
OBJ-00740,2023,8,AGC-009,PRD-004,475368000,12,0.63,0.64
OBJ-00741,2023,8,AGC-009,PRD-005,235140000,17,0.73,0.59
OBJ-00742,2023,8,AGC-009,PRD-006,405162000,12,0.74,0.44
OBJ-00743,2023,8,AGC-009,PRD-007,997241000,12,0.73,0.53
OBJ-00744,2023,8,AGC-009,PRD-008,927739000,5,0.68,0.62
OBJ-00745,2023,8,AGC-010,PRD-001,428768000,7,0.67,0.6
OBJ-00746,2023,8,AGC-010,PRD-002,359119000,15,0.7,0.47
OBJ-00747,2023,8,AGC-010,PRD-003,292875000,8,0.61,0.49
OBJ-00748,2023,8,AGC-010,PRD-004,342615000,16,0.62,0.65
OBJ-00749,2023,8,AGC-010,PRD-005,152892000,16,0.64,0.62
OBJ-00750,2023,8,AGC-010,PRD-006,295440000,5,0.73,0.59
OBJ-00751,2023,8,AGC-010,PRD-007,1127343000,6,0.73,0.6
OBJ-00752,2023,8,AGC-010,PRD-008,543370000,17,0.64,0.51
OBJ-00753,2023,8,AGC-011,PRD-001,375038000,9,0.66,0.4
OBJ-00754,2023,8,AGC-011,PRD-002,460156000,8,0.78,0.42
OBJ-00755,2023,8,AGC-011,PRD-003,293051000,8,0.64,0.65
OBJ-00756,2023,8,AGC-011,PRD-004,596815000,9,0.71,0.56
OBJ-00757,2023,8,AGC-011,PRD-005,107869000,15,0.75,0.55
OBJ-00758,2023,8,AGC-011,PRD-006,208219000,14,0.65,0.44
OBJ-00759,2023,8,AGC-011,PRD-007,1407956000,10,0.62,0.59
OBJ-00760,2023,8,AGC-011,PRD-008,1009201000,14,0.69,0.65
OBJ-00761,2023,8,AGC-012,PRD-001,364717000,14,0.78,0.49
OBJ-00762,2023,8,AGC-012,PRD-002,488854000,9,0.74,0.44
OBJ-00763,2023,8,AGC-012,PRD-003,368857000,17,0.7,0.45
OBJ-00764,2023,8,AGC-012,PRD-004,567600000,5,0.79,0.41
OBJ-00765,2023,8,AGC-012,PRD-005,160948000,15,0.78,0.59
OBJ-00766,2023,8,AGC-012,PRD-006,595241000,13,0.68,0.48
OBJ-00767,2023,8,AGC-012,PRD-007,1264640000,16,0.68,0.56
OBJ-00768,2023,8,AGC-012,PRD-008,603631000,15,0.62,0.63
OBJ-00769,2023,9,AGC-001,PRD-001,1738044000,50,0.77,0.4
OBJ-00770,2023,9,AGC-001,PRD-002,1337435000,22,0.77,0.48
OBJ-00771,2023,9,AGC-001,PRD-003,1404975000,28,0.72,0.6
OBJ-00772,2023,9,AGC-001,PRD-004,858562000,39,0.66,0.58
OBJ-00773,2023,9,AGC-001,PRD-005,602170000,46,0.73,0.41
OBJ-00774,2023,9,AGC-001,PRD-006,1602504000,20,0.66,0.45
OBJ-00775,2023,9,AGC-001,PRD-007,3681463000,18,0.76,0.53
OBJ-00776,2023,9,AGC-001,PRD-008,2504956000,32,0.6,0.4
OBJ-00777,2023,9,AGC-002,PRD-001,1293017000,23,0.67,0.4
OBJ-00778,2023,9,AGC-002,PRD-002,931038000,17,0.72,0.63
OBJ-00779,2023,9,AGC-002,PRD-003,1426846000,28,0.61,0.51
OBJ-00780,2023,9,AGC-002,PRD-004,801316000,47,0.65,0.53
OBJ-00781,2023,9,AGC-002,PRD-005,479308000,20,0.65,0.62
OBJ-00782,2023,9,AGC-002,PRD-006,1640987000,32,0.8,0.42
OBJ-00783,2023,9,AGC-002,PRD-007,3742151000,22,0.7,0.63
OBJ-00784,2023,9,AGC-002,PRD-008,3298153000,24,0.69,0.44
OBJ-00785,2023,9,AGC-003,PRD-001,1450567000,27,0.65,0.42
OBJ-00786,2023,9,AGC-003,PRD-002,1169697000,42,0.76,0.45
OBJ-00787,2023,9,AGC-003,PRD-003,1012719000,22,0.62,0.55
OBJ-00788,2023,9,AGC-003,PRD-004,1208840000,37,0.73,0.63
OBJ-00789,2023,9,AGC-003,PRD-005,886428000,19,0.75,0.51
OBJ-00790,2023,9,AGC-003,PRD-006,864698000,49,0.71,0.63
OBJ-00791,2023,9,AGC-003,PRD-007,3325631000,40,0.65,0.43
OBJ-00792,2023,9,AGC-003,PRD-008,3896113000,42,0.64,0.46
OBJ-00793,2023,9,AGC-004,PRD-001,429305000,8,0.61,0.44
OBJ-00794,2023,9,AGC-004,PRD-002,312709000,11,0.65,0.45
OBJ-00795,2023,9,AGC-004,PRD-003,228856000,15,0.65,0.58
OBJ-00796,2023,9,AGC-004,PRD-004,572186000,11,0.79,0.47
OBJ-00797,2023,9,AGC-004,PRD-005,280544000,6,0.72,0.6
OBJ-00798,2023,9,AGC-004,PRD-006,430075000,4,0.75,0.58
OBJ-00799,2023,9,AGC-004,PRD-007,1137063000,11,0.78,0.59
OBJ-00800,2023,9,AGC-004,PRD-008,950092000,8,0.63,0.6
OBJ-00801,2023,9,AGC-005,PRD-001,244567000,11,0.73,0.64
OBJ-00802,2023,9,AGC-005,PRD-002,464879000,11,0.78,0.65
OBJ-00803,2023,9,AGC-005,PRD-003,252765000,17,0.73,0.58
OBJ-00804,2023,9,AGC-005,PRD-004,566084000,11,0.73,0.54
OBJ-00805,2023,9,AGC-005,PRD-005,232087000,15,0.63,0.59
OBJ-00806,2023,9,AGC-005,PRD-006,472957000,6,0.75,0.49
OBJ-00807,2023,9,AGC-005,PRD-007,563784000,17,0.73,0.42
OBJ-00808,2023,9,AGC-005,PRD-008,729674000,18,0.64,0.62
OBJ-00809,2023,9,AGC-006,PRD-001,475474000,15,0.79,0.51
OBJ-00810,2023,9,AGC-006,PRD-002,284061000,9,0.65,0.49
OBJ-00811,2023,9,AGC-006,PRD-003,260532000,12,0.8,0.64
OBJ-00812,2023,9,AGC-006,PRD-004,315637000,13,0.67,0.4
OBJ-00813,2023,9,AGC-006,PRD-005,118972000,9,0.67,0.49
OBJ-00814,2023,9,AGC-006,PRD-006,283826000,7,0.78,0.6
OBJ-00815,2023,9,AGC-006,PRD-007,1341807000,17,0.65,0.43
OBJ-00816,2023,9,AGC-006,PRD-008,1301990000,15,0.79,0.57
OBJ-00817,2023,9,AGC-007,PRD-001,218833000,9,0.74,0.54
OBJ-00818,2023,9,AGC-007,PRD-002,379932000,4,0.73,0.64
OBJ-00819,2023,9,AGC-007,PRD-003,504389000,11,0.76,0.44
OBJ-00820,2023,9,AGC-007,PRD-004,254375000,4,0.75,0.54
OBJ-00821,2023,9,AGC-007,PRD-005,249787000,15,0.7,0.4
OBJ-00822,2023,9,AGC-007,PRD-006,477575000,13,0.71,0.41
OBJ-00823,2023,9,AGC-007,PRD-007,566121000,7,0.71,0.61
OBJ-00824,2023,9,AGC-007,PRD-008,1321245000,5,0.62,0.65
OBJ-00825,2023,9,AGC-008,PRD-001,269010000,18,0.61,0.5
OBJ-00826,2023,9,AGC-008,PRD-002,502090000,10,0.61,0.46
OBJ-00827,2023,9,AGC-008,PRD-003,348126000,13,0.79,0.62
OBJ-00828,2023,9,AGC-008,PRD-004,290517000,10,0.72,0.4
OBJ-00829,2023,9,AGC-008,PRD-005,135516000,16,0.74,0.42
OBJ-00830,2023,9,AGC-008,PRD-006,452451000,13,0.65,0.47
OBJ-00831,2023,9,AGC-008,PRD-007,892096000,16,0.76,0.55
OBJ-00832,2023,9,AGC-008,PRD-008,1314732000,4,0.73,0.43
OBJ-00833,2023,9,AGC-009,PRD-001,283940000,7,0.62,0.59
OBJ-00834,2023,9,AGC-009,PRD-002,437654000,13,0.75,0.56
OBJ-00835,2023,9,AGC-009,PRD-003,591719000,14,0.7,0.6
OBJ-00836,2023,9,AGC-009,PRD-004,345277000,8,0.77,0.4
OBJ-00837,2023,9,AGC-009,PRD-005,232573000,13,0.78,0.62
OBJ-00838,2023,9,AGC-009,PRD-006,335575000,13,0.63,0.48
OBJ-00839,2023,9,AGC-009,PRD-007,1429257000,15,0.73,0.42
OBJ-00840,2023,9,AGC-009,PRD-008,1151826000,17,0.64,0.57
OBJ-00841,2023,9,AGC-010,PRD-001,229180000,16,0.66,0.65
OBJ-00842,2023,9,AGC-010,PRD-002,504329000,11,0.71,0.41
OBJ-00843,2023,9,AGC-010,PRD-003,373418000,16,0.61,0.47
OBJ-00844,2023,9,AGC-010,PRD-004,349240000,7,0.6,0.43
OBJ-00845,2023,9,AGC-010,PRD-005,117995000,14,0.78,0.52
OBJ-00846,2023,9,AGC-010,PRD-006,385323000,18,0.62,0.57
OBJ-00847,2023,9,AGC-010,PRD-007,576760000,11,0.66,0.64
OBJ-00848,2023,9,AGC-010,PRD-008,765096000,9,0.75,0.64
OBJ-00849,2023,9,AGC-011,PRD-001,566304000,18,0.63,0.46
OBJ-00850,2023,9,AGC-011,PRD-002,398759000,14,0.64,0.59
OBJ-00851,2023,9,AGC-011,PRD-003,386739000,9,0.71,0.55
OBJ-00852,2023,9,AGC-011,PRD-004,267346000,14,0.71,0.5
OBJ-00853,2023,9,AGC-011,PRD-005,183236000,6,0.66,0.42
OBJ-00854,2023,9,AGC-011,PRD-006,477071000,9,0.77,0.5
OBJ-00855,2023,9,AGC-011,PRD-007,1180753000,13,0.66,0.5
OBJ-00856,2023,9,AGC-011,PRD-008,1378411000,16,0.71,0.46
OBJ-00857,2023,9,AGC-012,PRD-001,436315000,7,0.76,0.64
OBJ-00858,2023,9,AGC-012,PRD-002,504918000,7,0.73,0.42
OBJ-00859,2023,9,AGC-012,PRD-003,428659000,5,0.79,0.64
OBJ-00860,2023,9,AGC-012,PRD-004,525964000,6,0.66,0.49
OBJ-00861,2023,9,AGC-012,PRD-005,238324000,17,0.62,0.61
OBJ-00862,2023,9,AGC-012,PRD-006,210543000,11,0.62,0.53
OBJ-00863,2023,9,AGC-012,PRD-007,670190000,7,0.63,0.59
OBJ-00864,2023,9,AGC-012,PRD-008,1153031000,5,0.62,0.49
OBJ-00865,2023,10,AGC-001,PRD-001,1298695000,35,0.64,0.41
OBJ-00866,2023,10,AGC-001,PRD-002,1137794000,46,0.61,0.49
OBJ-00867,2023,10,AGC-001,PRD-003,1591309000,17,0.77,0.47
OBJ-00868,2023,10,AGC-001,PRD-004,1684168000,16,0.63,0.51
OBJ-00869,2023,10,AGC-001,PRD-005,781831000,40,0.69,0.56
OBJ-00870,2023,10,AGC-001,PRD-006,1788886000,22,0.73,0.43
OBJ-00871,2023,10,AGC-001,PRD-007,4061700000,32,0.6,0.64
OBJ-00872,2023,10,AGC-001,PRD-008,2379462000,49,0.65,0.46
OBJ-00873,2023,10,AGC-002,PRD-001,827946000,17,0.72,0.47
OBJ-00874,2023,10,AGC-002,PRD-002,841735000,47,0.76,0.47
OBJ-00875,2023,10,AGC-002,PRD-003,1642425000,44,0.72,0.5
OBJ-00876,2023,10,AGC-002,PRD-004,1220734000,33,0.63,0.46
OBJ-00877,2023,10,AGC-002,PRD-005,522751000,28,0.79,0.45
OBJ-00878,2023,10,AGC-002,PRD-006,1183046000,41,0.76,0.42
OBJ-00879,2023,10,AGC-002,PRD-007,2465115000,44,0.65,0.62
OBJ-00880,2023,10,AGC-002,PRD-008,3950053000,34,0.6,0.48
OBJ-00881,2023,10,AGC-003,PRD-001,908496000,42,0.78,0.59
OBJ-00882,2023,10,AGC-003,PRD-002,1601621000,44,0.69,0.6
OBJ-00883,2023,10,AGC-003,PRD-003,1458066000,19,0.68,0.57
OBJ-00884,2023,10,AGC-003,PRD-004,1618369000,41,0.72,0.63
OBJ-00885,2023,10,AGC-003,PRD-005,549745000,41,0.62,0.62
OBJ-00886,2023,10,AGC-003,PRD-006,1225197000,31,0.71,0.56
OBJ-00887,2023,10,AGC-003,PRD-007,4255280000,47,0.64,0.52
OBJ-00888,2023,10,AGC-003,PRD-008,3770109000,36,0.75,0.61
OBJ-00889,2023,10,AGC-004,PRD-001,231968000,11,0.67,0.4
OBJ-00890,2023,10,AGC-004,PRD-002,537606000,16,0.76,0.47
OBJ-00891,2023,10,AGC-004,PRD-003,563496000,7,0.78,0.63
OBJ-00892,2023,10,AGC-004,PRD-004,447998000,5,0.78,0.45
OBJ-00893,2023,10,AGC-004,PRD-005,116246000,7,0.7,0.45
OBJ-00894,2023,10,AGC-004,PRD-006,260237000,11,0.79,0.47
OBJ-00895,2023,10,AGC-004,PRD-007,1178563000,5,0.8,0.64
OBJ-00896,2023,10,AGC-004,PRD-008,1115324000,8,0.65,0.6
OBJ-00897,2023,10,AGC-005,PRD-001,278269000,5,0.75,0.45
OBJ-00898,2023,10,AGC-005,PRD-002,281617000,9,0.71,0.5
OBJ-00899,2023,10,AGC-005,PRD-003,319585000,8,0.73,0.48
OBJ-00900,2023,10,AGC-005,PRD-004,302413000,14,0.62,0.6
OBJ-00901,2023,10,AGC-005,PRD-005,178907000,15,0.77,0.64
OBJ-00902,2023,10,AGC-005,PRD-006,428227000,14,0.8,0.52
OBJ-00903,2023,10,AGC-005,PRD-007,1481035000,9,0.75,0.41
OBJ-00904,2023,10,AGC-005,PRD-008,1314603000,18,0.62,0.52
OBJ-00905,2023,10,AGC-006,PRD-001,569994000,9,0.66,0.43
OBJ-00906,2023,10,AGC-006,PRD-002,443864000,13,0.69,0.57
OBJ-00907,2023,10,AGC-006,PRD-003,281519000,12,0.79,0.46
OBJ-00908,2023,10,AGC-006,PRD-004,273832000,15,0.71,0.41
OBJ-00909,2023,10,AGC-006,PRD-005,217499000,12,0.7,0.65
OBJ-00910,2023,10,AGC-006,PRD-006,282686000,7,0.73,0.61
OBJ-00911,2023,10,AGC-006,PRD-007,872240000,15,0.64,0.43
OBJ-00912,2023,10,AGC-006,PRD-008,1364380000,6,0.74,0.5
OBJ-00913,2023,10,AGC-007,PRD-001,487334000,11,0.74,0.56
OBJ-00914,2023,10,AGC-007,PRD-002,467221000,7,0.63,0.54
OBJ-00915,2023,10,AGC-007,PRD-003,501280000,14,0.72,0.5
OBJ-00916,2023,10,AGC-007,PRD-004,527751000,13,0.76,0.65
OBJ-00917,2023,10,AGC-007,PRD-005,260459000,8,0.7,0.54
OBJ-00918,2023,10,AGC-007,PRD-006,532723000,12,0.79,0.46
OBJ-00919,2023,10,AGC-007,PRD-007,849293000,7,0.63,0.53
OBJ-00920,2023,10,AGC-007,PRD-008,633650000,13,0.65,0.4
OBJ-00921,2023,10,AGC-008,PRD-001,351603000,9,0.61,0.51
OBJ-00922,2023,10,AGC-008,PRD-002,212379000,15,0.62,0.42
OBJ-00923,2023,10,AGC-008,PRD-003,352025000,17,0.7,0.47
OBJ-00924,2023,10,AGC-008,PRD-004,592725000,9,0.61,0.46
OBJ-00925,2023,10,AGC-008,PRD-005,203399000,6,0.78,0.51
OBJ-00926,2023,10,AGC-008,PRD-006,207413000,11,0.76,0.54
OBJ-00927,2023,10,AGC-008,PRD-007,1080739000,7,0.69,0.64
OBJ-00928,2023,10,AGC-008,PRD-008,525157000,10,0.7,0.58
OBJ-00929,2023,10,AGC-009,PRD-001,374615000,13,0.69,0.5
OBJ-00930,2023,10,AGC-009,PRD-002,274070000,16,0.8,0.48
OBJ-00931,2023,10,AGC-009,PRD-003,459795000,18,0.63,0.53
OBJ-00932,2023,10,AGC-009,PRD-004,377925000,10,0.74,0.48
OBJ-00933,2023,10,AGC-009,PRD-005,175423000,10,0.66,0.55
OBJ-00934,2023,10,AGC-009,PRD-006,473754000,18,0.8,0.55
OBJ-00935,2023,10,AGC-009,PRD-007,1421218000,13,0.64,0.58
OBJ-00936,2023,10,AGC-009,PRD-008,506203000,17,0.6,0.5
OBJ-00937,2023,10,AGC-010,PRD-001,423997000,4,0.74,0.61
OBJ-00938,2023,10,AGC-010,PRD-002,572344000,9,0.74,0.43
OBJ-00939,2023,10,AGC-010,PRD-003,420398000,15,0.62,0.63
OBJ-00940,2023,10,AGC-010,PRD-004,273354000,16,0.66,0.43
OBJ-00941,2023,10,AGC-010,PRD-005,105824000,9,0.63,0.5
OBJ-00942,2023,10,AGC-010,PRD-006,581052000,4,0.79,0.64
OBJ-00943,2023,10,AGC-010,PRD-007,585567000,13,0.73,0.58
OBJ-00944,2023,10,AGC-010,PRD-008,1104809000,15,0.8,0.4
OBJ-00945,2023,10,AGC-011,PRD-001,432106000,13,0.65,0.47
OBJ-00946,2023,10,AGC-011,PRD-002,473807000,13,0.62,0.56
OBJ-00947,2023,10,AGC-011,PRD-003,286708000,16,0.74,0.61
OBJ-00948,2023,10,AGC-011,PRD-004,342371000,15,0.61,0.55
OBJ-00949,2023,10,AGC-011,PRD-005,184366000,9,0.76,0.43
OBJ-00950,2023,10,AGC-011,PRD-006,462801000,18,0.64,0.45
OBJ-00951,2023,10,AGC-011,PRD-007,1307038000,15,0.72,0.51
OBJ-00952,2023,10,AGC-011,PRD-008,892175000,13,0.76,0.45
OBJ-00953,2023,10,AGC-012,PRD-001,418884000,17,0.79,0.45
OBJ-00954,2023,10,AGC-012,PRD-002,452609000,4,0.64,0.42
OBJ-00955,2023,10,AGC-012,PRD-003,513926000,7,0.63,0.53
OBJ-00956,2023,10,AGC-012,PRD-004,545467000,15,0.7,0.62
OBJ-00957,2023,10,AGC-012,PRD-005,185085000,11,0.69,0.6
OBJ-00958,2023,10,AGC-012,PRD-006,453065000,9,0.79,0.45
OBJ-00959,2023,10,AGC-012,PRD-007,856970000,7,0.69,0.55
OBJ-00960,2023,10,AGC-012,PRD-008,1166939000,18,0.74,0.6
OBJ-00961,2023,11,AGC-001,PRD-001,1327958000,36,0.63,0.48
OBJ-00962,2023,11,AGC-001,PRD-002,907497000,44,0.62,0.61
OBJ-00963,2023,11,AGC-001,PRD-003,1695807000,22,0.68,0.47
OBJ-00964,2023,11,AGC-001,PRD-004,1449949000,36,0.71,0.63
OBJ-00965,2023,11,AGC-001,PRD-005,858781000,39,0.64,0.63
OBJ-00966,2023,11,AGC-001,PRD-006,1133182000,33,0.73,0.48
OBJ-00967,2023,11,AGC-001,PRD-007,3647931000,17,0.67,0.45
OBJ-00968,2023,11,AGC-001,PRD-008,3247784000,38,0.76,0.56
OBJ-00969,2023,11,AGC-002,PRD-001,1523216000,32,0.71,0.41
OBJ-00970,2023,11,AGC-002,PRD-002,1449765000,36,0.74,0.59
OBJ-00971,2023,11,AGC-002,PRD-003,1562858000,31,0.62,0.4
OBJ-00972,2023,11,AGC-002,PRD-004,807318000,50,0.72,0.53
OBJ-00973,2023,11,AGC-002,PRD-005,649148000,25,0.68,0.57
OBJ-00974,2023,11,AGC-002,PRD-006,1176979000,34,0.69,0.45
OBJ-00975,2023,11,AGC-002,PRD-007,2516569000,23,0.77,0.61
OBJ-00976,2023,11,AGC-002,PRD-008,3026491000,42,0.79,0.49
OBJ-00977,2023,11,AGC-003,PRD-001,1536160000,47,0.61,0.53
OBJ-00978,2023,11,AGC-003,PRD-002,1622868000,45,0.74,0.45
OBJ-00979,2023,11,AGC-003,PRD-003,1087573000,46,0.75,0.58
OBJ-00980,2023,11,AGC-003,PRD-004,1632035000,26,0.75,0.56
OBJ-00981,2023,11,AGC-003,PRD-005,843828000,32,0.72,0.52
OBJ-00982,2023,11,AGC-003,PRD-006,1332141000,37,0.62,0.54
OBJ-00983,2023,11,AGC-003,PRD-007,4139891000,46,0.68,0.48
OBJ-00984,2023,11,AGC-003,PRD-008,2153952000,24,0.71,0.52
OBJ-00985,2023,11,AGC-004,PRD-001,592559000,5,0.68,0.41
OBJ-00986,2023,11,AGC-004,PRD-002,443391000,7,0.75,0.55
OBJ-00987,2023,11,AGC-004,PRD-003,480782000,9,0.61,0.47
OBJ-00988,2023,11,AGC-004,PRD-004,455651000,12,0.71,0.61
OBJ-00989,2023,11,AGC-004,PRD-005,197311000,10,0.74,0.43
OBJ-00990,2023,11,AGC-004,PRD-006,490227000,14,0.79,0.59
OBJ-00991,2023,11,AGC-004,PRD-007,899309000,4,0.77,0.44
OBJ-00992,2023,11,AGC-004,PRD-008,1398963000,11,0.75,0.59
OBJ-00993,2023,11,AGC-005,PRD-001,437179000,14,0.75,0.62
OBJ-00994,2023,11,AGC-005,PRD-002,220293000,10,0.66,0.6
OBJ-00995,2023,11,AGC-005,PRD-003,224862000,12,0.71,0.41
OBJ-00996,2023,11,AGC-005,PRD-004,356186000,13,0.62,0.5
OBJ-00997,2023,11,AGC-005,PRD-005,106276000,11,0.74,0.64
OBJ-00998,2023,11,AGC-005,PRD-006,280810000,11,0.74,0.49
OBJ-00999,2023,11,AGC-005,PRD-007,1215191000,11,0.72,0.62
OBJ-01000,2023,11,AGC-005,PRD-008,691788000,15,0.6,0.41
OBJ-01001,2023,11,AGC-006,PRD-001,220889000,16,0.75,0.6
OBJ-01002,2023,11,AGC-006,PRD-002,343238000,14,0.64,0.48
OBJ-01003,2023,11,AGC-006,PRD-003,429901000,15,0.6,0.62
OBJ-01004,2023,11,AGC-006,PRD-004,381095000,8,0.76,0.59
OBJ-01005,2023,11,AGC-006,PRD-005,170762000,15,0.74,0.44
OBJ-01006,2023,11,AGC-006,PRD-006,313806000,17,0.69,0.5
OBJ-01007,2023,11,AGC-006,PRD-007,1438580000,13,0.65,0.59
OBJ-01008,2023,11,AGC-006,PRD-008,1095139000,6,0.72,0.51
OBJ-01009,2023,11,AGC-007,PRD-001,569191000,14,0.64,0.63
OBJ-01010,2023,11,AGC-007,PRD-002,377209000,6,0.71,0.54
OBJ-01011,2023,11,AGC-007,PRD-003,507925000,17,0.68,0.59
OBJ-01012,2023,11,AGC-007,PRD-004,442439000,14,0.61,0.53
OBJ-01013,2023,11,AGC-007,PRD-005,196213000,17,0.65,0.58
OBJ-01014,2023,11,AGC-007,PRD-006,260535000,12,0.7,0.51
OBJ-01015,2023,11,AGC-007,PRD-007,1310301000,16,0.73,0.56
OBJ-01016,2023,11,AGC-007,PRD-008,519327000,18,0.74,0.46
OBJ-01017,2023,11,AGC-008,PRD-001,577457000,6,0.67,0.48
OBJ-01018,2023,11,AGC-008,PRD-002,274576000,8,0.69,0.45
OBJ-01019,2023,11,AGC-008,PRD-003,305846000,8,0.67,0.57
OBJ-01020,2023,11,AGC-008,PRD-004,353190000,17,0.6,0.56
OBJ-01021,2023,11,AGC-008,PRD-005,173873000,7,0.61,0.54
OBJ-01022,2023,11,AGC-008,PRD-006,359318000,7,0.73,0.51
OBJ-01023,2023,11,AGC-008,PRD-007,1051642000,10,0.74,0.52
OBJ-01024,2023,11,AGC-008,PRD-008,1402499000,4,0.67,0.57
OBJ-01025,2023,11,AGC-009,PRD-001,252240000,16,0.79,0.54
OBJ-01026,2023,11,AGC-009,PRD-002,263257000,7,0.75,0.62
OBJ-01027,2023,11,AGC-009,PRD-003,561330000,17,0.76,0.51
OBJ-01028,2023,11,AGC-009,PRD-004,393609000,11,0.74,0.52
OBJ-01029,2023,11,AGC-009,PRD-005,159833000,4,0.75,0.41
OBJ-01030,2023,11,AGC-009,PRD-006,283032000,14,0.73,0.52
OBJ-01031,2023,11,AGC-009,PRD-007,929668000,6,0.7,0.43
OBJ-01032,2023,11,AGC-009,PRD-008,858229000,8,0.79,0.61
OBJ-01033,2023,11,AGC-010,PRD-001,502802000,9,0.64,0.49
OBJ-01034,2023,11,AGC-010,PRD-002,581504000,5,0.7,0.52
OBJ-01035,2023,11,AGC-010,PRD-003,264888000,12,0.7,0.44
OBJ-01036,2023,11,AGC-010,PRD-004,333067000,5,0.69,0.46
OBJ-01037,2023,11,AGC-010,PRD-005,293989000,5,0.64,0.62
OBJ-01038,2023,11,AGC-010,PRD-006,547649000,16,0.75,0.65
OBJ-01039,2023,11,AGC-010,PRD-007,550811000,4,0.61,0.43
OBJ-01040,2023,11,AGC-010,PRD-008,948417000,13,0.78,0.47
OBJ-01041,2023,11,AGC-011,PRD-001,202285000,12,0.73,0.64
OBJ-01042,2023,11,AGC-011,PRD-002,335666000,13,0.67,0.45
OBJ-01043,2023,11,AGC-011,PRD-003,336450000,10,0.69,0.49
OBJ-01044,2023,11,AGC-011,PRD-004,440958000,7,0.68,0.47
OBJ-01045,2023,11,AGC-011,PRD-005,175960000,4,0.79,0.45
OBJ-01046,2023,11,AGC-011,PRD-006,524303000,9,0.68,0.64
OBJ-01047,2023,11,AGC-011,PRD-007,1499019000,4,0.72,0.65
OBJ-01048,2023,11,AGC-011,PRD-008,881904000,15,0.73,0.42
OBJ-01049,2023,11,AGC-012,PRD-001,591591000,12,0.61,0.53
OBJ-01050,2023,11,AGC-012,PRD-002,279883000,16,0.64,0.53
OBJ-01051,2023,11,AGC-012,PRD-003,356833000,7,0.7,0.61
OBJ-01052,2023,11,AGC-012,PRD-004,255754000,5,0.7,0.56
OBJ-01053,2023,11,AGC-012,PRD-005,273281000,5,0.71,0.57
OBJ-01054,2023,11,AGC-012,PRD-006,245841000,15,0.7,0.56
OBJ-01055,2023,11,AGC-012,PRD-007,544744000,13,0.73,0.44
OBJ-01056,2023,11,AGC-012,PRD-008,1419780000,4,0.65,0.58
OBJ-01057,2023,12,AGC-001,PRD-001,1235102000,49,0.62,0.44
OBJ-01058,2023,12,AGC-001,PRD-002,1623234000,32,0.78,0.43
OBJ-01059,2023,12,AGC-001,PRD-003,1618002000,23,0.67,0.64
OBJ-01060,2023,12,AGC-001,PRD-004,1711804000,50,0.73,0.46
OBJ-01061,2023,12,AGC-001,PRD-005,434329000,31,0.74,0.57
OBJ-01062,2023,12,AGC-001,PRD-006,1192264000,41,0.77,0.64
OBJ-01063,2023,12,AGC-001,PRD-007,3498819000,42,0.78,0.42
OBJ-01064,2023,12,AGC-001,PRD-008,3099311000,50,0.77,0.65
OBJ-01065,2023,12,AGC-002,PRD-001,806572000,32,0.75,0.64
OBJ-01066,2023,12,AGC-002,PRD-002,1667718000,21,0.67,0.5
OBJ-01067,2023,12,AGC-002,PRD-003,1249768000,36,0.66,0.55
OBJ-01068,2023,12,AGC-002,PRD-004,1625640000,20,0.71,0.61
OBJ-01069,2023,12,AGC-002,PRD-005,457971000,23,0.79,0.61
OBJ-01070,2023,12,AGC-002,PRD-006,1068974000,48,0.79,0.54
OBJ-01071,2023,12,AGC-002,PRD-007,3208206000,49,0.77,0.55
OBJ-01072,2023,12,AGC-002,PRD-008,2134166000,46,0.61,0.52
OBJ-01073,2023,12,AGC-003,PRD-001,1052089000,16,0.72,0.63
OBJ-01074,2023,12,AGC-003,PRD-002,1464300000,25,0.79,0.44
OBJ-01075,2023,12,AGC-003,PRD-003,1365297000,24,0.62,0.64
OBJ-01076,2023,12,AGC-003,PRD-004,806825000,23,0.62,0.65
OBJ-01077,2023,12,AGC-003,PRD-005,899053000,24,0.64,0.57
OBJ-01078,2023,12,AGC-003,PRD-006,1364821000,34,0.78,0.51
OBJ-01079,2023,12,AGC-003,PRD-007,3888705000,21,0.71,0.43
OBJ-01080,2023,12,AGC-003,PRD-008,4316284000,25,0.67,0.65
OBJ-01081,2023,12,AGC-004,PRD-001,435771000,11,0.72,0.53
OBJ-01082,2023,12,AGC-004,PRD-002,222907000,10,0.66,0.55
OBJ-01083,2023,12,AGC-004,PRD-003,444233000,15,0.7,0.43
OBJ-01084,2023,12,AGC-004,PRD-004,316516000,10,0.6,0.52
OBJ-01085,2023,12,AGC-004,PRD-005,131452000,17,0.66,0.58
OBJ-01086,2023,12,AGC-004,PRD-006,480710000,11,0.61,0.45
OBJ-01087,2023,12,AGC-004,PRD-007,1210505000,15,0.65,0.47
OBJ-01088,2023,12,AGC-004,PRD-008,1136045000,14,0.74,0.65
OBJ-01089,2023,12,AGC-005,PRD-001,418325000,14,0.69,0.64
OBJ-01090,2023,12,AGC-005,PRD-002,563524000,7,0.62,0.47
OBJ-01091,2023,12,AGC-005,PRD-003,577392000,7,0.73,0.58
OBJ-01092,2023,12,AGC-005,PRD-004,292484000,13,0.72,0.45
OBJ-01093,2023,12,AGC-005,PRD-005,147650000,15,0.65,0.47
OBJ-01094,2023,12,AGC-005,PRD-006,464260000,16,0.73,0.41
OBJ-01095,2023,12,AGC-005,PRD-007,555131000,4,0.67,0.63
OBJ-01096,2023,12,AGC-005,PRD-008,1074334000,11,0.62,0.61
OBJ-01097,2023,12,AGC-006,PRD-001,553448000,10,0.64,0.53
OBJ-01098,2023,12,AGC-006,PRD-002,375277000,10,0.7,0.57
OBJ-01099,2023,12,AGC-006,PRD-003,233901000,4,0.72,0.61
OBJ-01100,2023,12,AGC-006,PRD-004,525550000,17,0.79,0.52
OBJ-01101,2023,12,AGC-006,PRD-005,155086000,8,0.71,0.45
OBJ-01102,2023,12,AGC-006,PRD-006,225463000,8,0.67,0.62
OBJ-01103,2023,12,AGC-006,PRD-007,1160606000,7,0.63,0.5
OBJ-01104,2023,12,AGC-006,PRD-008,1032069000,7,0.61,0.5
OBJ-01105,2023,12,AGC-007,PRD-001,567706000,9,0.75,0.51
OBJ-01106,2023,12,AGC-007,PRD-002,269638000,17,0.79,0.52
OBJ-01107,2023,12,AGC-007,PRD-003,511438000,16,0.62,0.47
OBJ-01108,2023,12,AGC-007,PRD-004,285826000,14,0.73,0.53
OBJ-01109,2023,12,AGC-007,PRD-005,190322000,17,0.71,0.45
OBJ-01110,2023,12,AGC-007,PRD-006,567430000,16,0.69,0.47
OBJ-01111,2023,12,AGC-007,PRD-007,1020601000,16,0.78,0.65
OBJ-01112,2023,12,AGC-007,PRD-008,553452000,13,0.62,0.45
OBJ-01113,2023,12,AGC-008,PRD-001,465631000,11,0.63,0.5
OBJ-01114,2023,12,AGC-008,PRD-002,273922000,13,0.63,0.51
OBJ-01115,2023,12,AGC-008,PRD-003,229326000,18,0.66,0.46
OBJ-01116,2023,12,AGC-008,PRD-004,578284000,16,0.8,0.44
OBJ-01117,2023,12,AGC-008,PRD-005,286272000,12,0.63,0.61
OBJ-01118,2023,12,AGC-008,PRD-006,491017000,9,0.76,0.58
OBJ-01119,2023,12,AGC-008,PRD-007,582788000,6,0.74,0.51
OBJ-01120,2023,12,AGC-008,PRD-008,1337019000,13,0.74,0.49
OBJ-01121,2023,12,AGC-009,PRD-001,514151000,7,0.72,0.52
OBJ-01122,2023,12,AGC-009,PRD-002,385869000,5,0.75,0.53
OBJ-01123,2023,12,AGC-009,PRD-003,426000000,10,0.66,0.52
OBJ-01124,2023,12,AGC-009,PRD-004,493292000,15,0.79,0.48
OBJ-01125,2023,12,AGC-009,PRD-005,199151000,18,0.62,0.53
OBJ-01126,2023,12,AGC-009,PRD-006,503046000,9,0.73,0.46
OBJ-01127,2023,12,AGC-009,PRD-007,876247000,9,0.64,0.49
OBJ-01128,2023,12,AGC-009,PRD-008,778310000,17,0.78,0.59
OBJ-01129,2023,12,AGC-010,PRD-001,290860000,5,0.66,0.62
OBJ-01130,2023,12,AGC-010,PRD-002,241389000,18,0.74,0.41
OBJ-01131,2023,12,AGC-010,PRD-003,587215000,9,0.67,0.58
OBJ-01132,2023,12,AGC-010,PRD-004,595259000,13,0.75,0.47
OBJ-01133,2023,12,AGC-010,PRD-005,145902000,18,0.79,0.46
OBJ-01134,2023,12,AGC-010,PRD-006,348145000,5,0.65,0.48
OBJ-01135,2023,12,AGC-010,PRD-007,1055461000,15,0.78,0.53
OBJ-01136,2023,12,AGC-010,PRD-008,1485024000,12,0.72,0.45
OBJ-01137,2023,12,AGC-011,PRD-001,370471000,5,0.72,0.5
OBJ-01138,2023,12,AGC-011,PRD-002,584825000,8,0.67,0.59
OBJ-01139,2023,12,AGC-011,PRD-003,203778000,7,0.67,0.5
OBJ-01140,2023,12,AGC-011,PRD-004,533563000,11,0.64,0.58
OBJ-01141,2023,12,AGC-011,PRD-005,201008000,16,0.79,0.42
OBJ-01142,2023,12,AGC-011,PRD-006,412143000,14,0.73,0.57
OBJ-01143,2023,12,AGC-011,PRD-007,1127388000,4,0.7,0.64
OBJ-01144,2023,12,AGC-011,PRD-008,1297670000,8,0.72,0.44
OBJ-01145,2023,12,AGC-012,PRD-001,226758000,7,0.63,0.62
OBJ-01146,2023,12,AGC-012,PRD-002,550776000,10,0.68,0.52
OBJ-01147,2023,12,AGC-012,PRD-003,294867000,5,0.68,0.54
OBJ-01148,2023,12,AGC-012,PRD-004,478330000,11,0.61,0.42
OBJ-01149,2023,12,AGC-012,PRD-005,140417000,18,0.74,0.5
OBJ-01150,2023,12,AGC-012,PRD-006,448485000,5,0.79,0.52
OBJ-01151,2023,12,AGC-012,PRD-007,1242885000,6,0.64,0.52
OBJ-01152,2023,12,AGC-012,PRD-008,1158680000,5,0.64,0.64
OBJ-01153,2024,1,AGC-001,PRD-001,1804463000,25,0.73,0.52
OBJ-01154,2024,1,AGC-001,PRD-002,1666094000,37,0.62,0.62
OBJ-01155,2024,1,AGC-001,PRD-003,1953115000,28,0.63,0.55
OBJ-01156,2024,1,AGC-001,PRD-004,989266000,49,0.7,0.56
OBJ-01157,2024,1,AGC-001,PRD-005,901925000,41,0.65,0.49
OBJ-01158,2024,1,AGC-001,PRD-006,1091127000,45,0.75,0.44
OBJ-01159,2024,1,AGC-001,PRD-007,3793746000,40,0.61,0.44
OBJ-01160,2024,1,AGC-001,PRD-008,4039722000,22,0.78,0.57
OBJ-01161,2024,1,AGC-002,PRD-001,1853865000,19,0.68,0.47
OBJ-01162,2024,1,AGC-002,PRD-002,1200196000,44,0.72,0.5
OBJ-01163,2024,1,AGC-002,PRD-003,1494928000,49,0.63,0.54
OBJ-01164,2024,1,AGC-002,PRD-004,1164504000,23,0.64,0.42
OBJ-01165,2024,1,AGC-002,PRD-005,811206000,31,0.77,0.58
OBJ-01166,2024,1,AGC-002,PRD-006,1686419000,47,0.69,0.47
OBJ-01167,2024,1,AGC-002,PRD-007,3306743000,24,0.76,0.59
OBJ-01168,2024,1,AGC-002,PRD-008,2484531000,34,0.69,0.64
OBJ-01169,2024,1,AGC-003,PRD-001,1680625000,48,0.79,0.53
OBJ-01170,2024,1,AGC-003,PRD-002,1818379000,39,0.62,0.65
OBJ-01171,2024,1,AGC-003,PRD-003,1436270000,34,0.7,0.53
OBJ-01172,2024,1,AGC-003,PRD-004,1750189000,40,0.76,0.56
OBJ-01173,2024,1,AGC-003,PRD-005,728258000,22,0.7,0.45
OBJ-01174,2024,1,AGC-003,PRD-006,1216115000,32,0.72,0.53
OBJ-01175,2024,1,AGC-003,PRD-007,3329658000,33,0.69,0.49
OBJ-01176,2024,1,AGC-003,PRD-008,2927356000,42,0.66,0.58
OBJ-01177,2024,1,AGC-004,PRD-001,624448000,9,0.66,0.4
OBJ-01178,2024,1,AGC-004,PRD-002,421259000,13,0.75,0.45
OBJ-01179,2024,1,AGC-004,PRD-003,525745000,13,0.75,0.48
OBJ-01180,2024,1,AGC-004,PRD-004,467775000,18,0.75,0.43
OBJ-01181,2024,1,AGC-004,PRD-005,177189000,15,0.73,0.63
OBJ-01182,2024,1,AGC-004,PRD-006,465803000,12,0.8,0.46
OBJ-01183,2024,1,AGC-004,PRD-007,1610200000,17,0.73,0.55
OBJ-01184,2024,1,AGC-004,PRD-008,1324893000,9,0.61,0.46
OBJ-01185,2024,1,AGC-005,PRD-001,270617000,7,0.78,0.55
OBJ-01186,2024,1,AGC-005,PRD-002,515120000,15,0.61,0.5
OBJ-01187,2024,1,AGC-005,PRD-003,271131000,9,0.62,0.44
OBJ-01188,2024,1,AGC-005,PRD-004,435674000,16,0.77,0.58
OBJ-01189,2024,1,AGC-005,PRD-005,272285000,15,0.68,0.43
OBJ-01190,2024,1,AGC-005,PRD-006,508840000,18,0.77,0.41
OBJ-01191,2024,1,AGC-005,PRD-007,1296559000,11,0.79,0.53
OBJ-01192,2024,1,AGC-005,PRD-008,836662000,15,0.63,0.55
OBJ-01193,2024,1,AGC-006,PRD-001,266896000,5,0.77,0.61
OBJ-01194,2024,1,AGC-006,PRD-002,535971000,18,0.74,0.64
OBJ-01195,2024,1,AGC-006,PRD-003,492052000,13,0.71,0.48
OBJ-01196,2024,1,AGC-006,PRD-004,436894000,14,0.79,0.43
OBJ-01197,2024,1,AGC-006,PRD-005,179154000,8,0.75,0.55
OBJ-01198,2024,1,AGC-006,PRD-006,529067000,10,0.67,0.56
OBJ-01199,2024,1,AGC-006,PRD-007,1412032000,12,0.75,0.61
OBJ-01200,2024,1,AGC-006,PRD-008,1411537000,18,0.78,0.57
OBJ-01201,2024,1,AGC-007,PRD-001,543371000,9,0.7,0.45
OBJ-01202,2024,1,AGC-007,PRD-002,407532000,16,0.67,0.6
OBJ-01203,2024,1,AGC-007,PRD-003,331280000,14,0.62,0.6
OBJ-01204,2024,1,AGC-007,PRD-004,246175000,11,0.79,0.61
OBJ-01205,2024,1,AGC-007,PRD-005,171276000,9,0.72,0.55
OBJ-01206,2024,1,AGC-007,PRD-006,411096000,11,0.78,0.61
OBJ-01207,2024,1,AGC-007,PRD-007,656751000,6,0.77,0.58
OBJ-01208,2024,1,AGC-007,PRD-008,810928000,15,0.79,0.61
OBJ-01209,2024,1,AGC-008,PRD-001,511935000,10,0.73,0.62
OBJ-01210,2024,1,AGC-008,PRD-002,403063000,12,0.63,0.58
OBJ-01211,2024,1,AGC-008,PRD-003,305819000,14,0.65,0.42
OBJ-01212,2024,1,AGC-008,PRD-004,256592000,15,0.65,0.43
OBJ-01213,2024,1,AGC-008,PRD-005,304663000,11,0.62,0.56
OBJ-01214,2024,1,AGC-008,PRD-006,271844000,15,0.73,0.5
OBJ-01215,2024,1,AGC-008,PRD-007,877561000,13,0.62,0.59
OBJ-01216,2024,1,AGC-008,PRD-008,1482446000,16,0.69,0.58
OBJ-01217,2024,1,AGC-009,PRD-001,513849000,10,0.73,0.47
OBJ-01218,2024,1,AGC-009,PRD-002,340588000,14,0.63,0.61
OBJ-01219,2024,1,AGC-009,PRD-003,335771000,7,0.61,0.63
OBJ-01220,2024,1,AGC-009,PRD-004,402598000,6,0.78,0.44
OBJ-01221,2024,1,AGC-009,PRD-005,288542000,7,0.62,0.57
OBJ-01222,2024,1,AGC-009,PRD-006,403424000,13,0.75,0.54
OBJ-01223,2024,1,AGC-009,PRD-007,627897000,10,0.71,0.47
OBJ-01224,2024,1,AGC-009,PRD-008,1151328000,7,0.78,0.43
OBJ-01225,2024,1,AGC-010,PRD-001,611440000,7,0.69,0.59
OBJ-01226,2024,1,AGC-010,PRD-002,645425000,15,0.62,0.49
OBJ-01227,2024,1,AGC-010,PRD-003,322415000,15,0.71,0.45
OBJ-01228,2024,1,AGC-010,PRD-004,567722000,10,0.65,0.44
OBJ-01229,2024,1,AGC-010,PRD-005,221435000,13,0.69,0.5
OBJ-01230,2024,1,AGC-010,PRD-006,577612000,5,0.69,0.48
OBJ-01231,2024,1,AGC-010,PRD-007,1539421000,8,0.76,0.46
OBJ-01232,2024,1,AGC-010,PRD-008,597146000,12,0.62,0.57
OBJ-01233,2024,1,AGC-011,PRD-001,260875000,14,0.65,0.41
OBJ-01234,2024,1,AGC-011,PRD-002,243762000,18,0.75,0.54
OBJ-01235,2024,1,AGC-011,PRD-003,566879000,15,0.72,0.43
OBJ-01236,2024,1,AGC-011,PRD-004,369764000,16,0.65,0.46
OBJ-01237,2024,1,AGC-011,PRD-005,299080000,15,0.79,0.46
OBJ-01238,2024,1,AGC-011,PRD-006,611587000,8,0.61,0.48
OBJ-01239,2024,1,AGC-011,PRD-007,1121570000,5,0.64,0.49
OBJ-01240,2024,1,AGC-011,PRD-008,1005289000,17,0.68,0.45
OBJ-01241,2024,1,AGC-012,PRD-001,229577000,11,0.64,0.53
OBJ-01242,2024,1,AGC-012,PRD-002,418622000,10,0.66,0.5
OBJ-01243,2024,1,AGC-012,PRD-003,553207000,5,0.77,0.6
OBJ-01244,2024,1,AGC-012,PRD-004,578301000,8,0.73,0.58
OBJ-01245,2024,1,AGC-012,PRD-005,111467000,8,0.75,0.42
OBJ-01246,2024,1,AGC-012,PRD-006,502789000,6,0.79,0.48
OBJ-01247,2024,1,AGC-012,PRD-007,715737000,13,0.79,0.62
OBJ-01248,2024,1,AGC-012,PRD-008,1279243000,9,0.61,0.53
OBJ-01249,2024,2,AGC-001,PRD-001,1926020000,44,0.64,0.54
OBJ-01250,2024,2,AGC-001,PRD-002,1404937000,31,0.67,0.55
OBJ-01251,2024,2,AGC-001,PRD-003,1707545000,37,0.68,0.64
OBJ-01252,2024,2,AGC-001,PRD-004,1301524000,43,0.69,0.51
OBJ-01253,2024,2,AGC-001,PRD-005,713975000,50,0.75,0.45
OBJ-01254,2024,2,AGC-001,PRD-006,965332000,48,0.75,0.51
OBJ-01255,2024,2,AGC-001,PRD-007,2801599000,28,0.74,0.44
OBJ-01256,2024,2,AGC-001,PRD-008,3133216000,42,0.74,0.45
OBJ-01257,2024,2,AGC-002,PRD-001,1080517000,18,0.61,0.48
OBJ-01258,2024,2,AGC-002,PRD-002,1829270000,40,0.76,0.49
OBJ-01259,2024,2,AGC-002,PRD-003,1602105000,19,0.67,0.52
OBJ-01260,2024,2,AGC-002,PRD-004,1681917000,49,0.75,0.44
OBJ-01261,2024,2,AGC-002,PRD-005,576950000,29,0.74,0.63
OBJ-01262,2024,2,AGC-002,PRD-006,1953745000,36,0.61,0.43
OBJ-01263,2024,2,AGC-002,PRD-007,2683142000,21,0.7,0.42
OBJ-01264,2024,2,AGC-002,PRD-008,3955043000,48,0.78,0.61
OBJ-01265,2024,2,AGC-003,PRD-001,1033688000,29,0.74,0.51
OBJ-01266,2024,2,AGC-003,PRD-002,1059465000,31,0.63,0.44
OBJ-01267,2024,2,AGC-003,PRD-003,1226208000,31,0.75,0.44
OBJ-01268,2024,2,AGC-003,PRD-004,1684122000,18,0.78,0.43
OBJ-01269,2024,2,AGC-003,PRD-005,525670000,30,0.61,0.6
OBJ-01270,2024,2,AGC-003,PRD-006,1132832000,15,0.79,0.6
OBJ-01271,2024,2,AGC-003,PRD-007,3585723000,24,0.64,0.44
OBJ-01272,2024,2,AGC-003,PRD-008,4719166000,49,0.73,0.47
OBJ-01273,2024,2,AGC-004,PRD-001,372215000,8,0.61,0.48
OBJ-01274,2024,2,AGC-004,PRD-002,336842000,14,0.77,0.62
OBJ-01275,2024,2,AGC-004,PRD-003,593592000,12,0.71,0.41
OBJ-01276,2024,2,AGC-004,PRD-004,419413000,8,0.76,0.53
OBJ-01277,2024,2,AGC-004,PRD-005,123411000,9,0.69,0.44
OBJ-01278,2024,2,AGC-004,PRD-006,414351000,16,0.63,0.54
OBJ-01279,2024,2,AGC-004,PRD-007,924661000,8,0.72,0.41
OBJ-01280,2024,2,AGC-004,PRD-008,1393826000,15,0.71,0.58
OBJ-01281,2024,2,AGC-005,PRD-001,337604000,7,0.77,0.6
OBJ-01282,2024,2,AGC-005,PRD-002,302886000,18,0.62,0.45
OBJ-01283,2024,2,AGC-005,PRD-003,613208000,6,0.7,0.62
OBJ-01284,2024,2,AGC-005,PRD-004,347471000,7,0.63,0.41
OBJ-01285,2024,2,AGC-005,PRD-005,259219000,10,0.74,0.65
OBJ-01286,2024,2,AGC-005,PRD-006,441522000,6,0.68,0.47
OBJ-01287,2024,2,AGC-005,PRD-007,1120757000,4,0.72,0.41
OBJ-01288,2024,2,AGC-005,PRD-008,1319657000,11,0.63,0.42
OBJ-01289,2024,2,AGC-006,PRD-001,257761000,7,0.73,0.59
OBJ-01290,2024,2,AGC-006,PRD-002,398731000,11,0.73,0.42
OBJ-01291,2024,2,AGC-006,PRD-003,252103000,6,0.76,0.44
OBJ-01292,2024,2,AGC-006,PRD-004,374617000,18,0.72,0.4
OBJ-01293,2024,2,AGC-006,PRD-005,125641000,17,0.75,0.46
OBJ-01294,2024,2,AGC-006,PRD-006,612383000,6,0.76,0.55
OBJ-01295,2024,2,AGC-006,PRD-007,1612192000,18,0.67,0.49
OBJ-01296,2024,2,AGC-006,PRD-008,1113645000,14,0.65,0.49
OBJ-01297,2024,2,AGC-007,PRD-001,647449000,16,0.76,0.56
OBJ-01298,2024,2,AGC-007,PRD-002,359182000,11,0.79,0.64
OBJ-01299,2024,2,AGC-007,PRD-003,548261000,15,0.71,0.51
OBJ-01300,2024,2,AGC-007,PRD-004,295875000,14,0.79,0.4
OBJ-01301,2024,2,AGC-007,PRD-005,170284000,7,0.64,0.49
OBJ-01302,2024,2,AGC-007,PRD-006,235904000,10,0.64,0.54
OBJ-01303,2024,2,AGC-007,PRD-007,1476295000,13,0.72,0.6
OBJ-01304,2024,2,AGC-007,PRD-008,1197089000,14,0.77,0.43
OBJ-01305,2024,2,AGC-008,PRD-001,279836000,18,0.69,0.48
OBJ-01306,2024,2,AGC-008,PRD-002,531325000,5,0.6,0.46
OBJ-01307,2024,2,AGC-008,PRD-003,299918000,17,0.62,0.65
OBJ-01308,2024,2,AGC-008,PRD-004,324849000,6,0.79,0.5
OBJ-01309,2024,2,AGC-008,PRD-005,148972000,6,0.62,0.43
OBJ-01310,2024,2,AGC-008,PRD-006,558951000,12,0.74,0.48
OBJ-01311,2024,2,AGC-008,PRD-007,950780000,11,0.62,0.64
OBJ-01312,2024,2,AGC-008,PRD-008,960004000,5,0.7,0.44
OBJ-01313,2024,2,AGC-009,PRD-001,278466000,15,0.76,0.49
OBJ-01314,2024,2,AGC-009,PRD-002,539810000,10,0.78,0.65
OBJ-01315,2024,2,AGC-009,PRD-003,326872000,9,0.77,0.65
OBJ-01316,2024,2,AGC-009,PRD-004,650492000,5,0.77,0.57
OBJ-01317,2024,2,AGC-009,PRD-005,138293000,18,0.77,0.47
OBJ-01318,2024,2,AGC-009,PRD-006,487363000,12,0.76,0.49
OBJ-01319,2024,2,AGC-009,PRD-007,1244182000,11,0.61,0.41
OBJ-01320,2024,2,AGC-009,PRD-008,1408289000,17,0.61,0.55
OBJ-01321,2024,2,AGC-010,PRD-001,337220000,14,0.75,0.44
OBJ-01322,2024,2,AGC-010,PRD-002,487549000,14,0.68,0.45
OBJ-01323,2024,2,AGC-010,PRD-003,504323000,7,0.62,0.55
OBJ-01324,2024,2,AGC-010,PRD-004,473865000,18,0.78,0.54
OBJ-01325,2024,2,AGC-010,PRD-005,276180000,14,0.74,0.63
OBJ-01326,2024,2,AGC-010,PRD-006,582132000,5,0.67,0.56
OBJ-01327,2024,2,AGC-010,PRD-007,589441000,13,0.62,0.63
OBJ-01328,2024,2,AGC-010,PRD-008,897610000,16,0.79,0.51
OBJ-01329,2024,2,AGC-011,PRD-001,413325000,12,0.61,0.54
OBJ-01330,2024,2,AGC-011,PRD-002,502208000,7,0.64,0.51
OBJ-01331,2024,2,AGC-011,PRD-003,580578000,16,0.76,0.59
OBJ-01332,2024,2,AGC-011,PRD-004,597753000,18,0.72,0.59
OBJ-01333,2024,2,AGC-011,PRD-005,130803000,15,0.67,0.53
OBJ-01334,2024,2,AGC-011,PRD-006,583977000,15,0.64,0.48
OBJ-01335,2024,2,AGC-011,PRD-007,970438000,14,0.7,0.53
OBJ-01336,2024,2,AGC-011,PRD-008,1319300000,9,0.71,0.52
OBJ-01337,2024,2,AGC-012,PRD-001,354721000,14,0.64,0.52
OBJ-01338,2024,2,AGC-012,PRD-002,403120000,7,0.64,0.6
OBJ-01339,2024,2,AGC-012,PRD-003,631926000,17,0.63,0.63
OBJ-01340,2024,2,AGC-012,PRD-004,368747000,16,0.62,0.46
OBJ-01341,2024,2,AGC-012,PRD-005,285260000,7,0.8,0.54
OBJ-01342,2024,2,AGC-012,PRD-006,615590000,18,0.76,0.42
OBJ-01343,2024,2,AGC-012,PRD-007,1604697000,10,0.75,0.62
OBJ-01344,2024,2,AGC-012,PRD-008,1290691000,15,0.68,0.62
OBJ-01345,2024,3,AGC-001,PRD-001,993934000,30,0.7,0.55
OBJ-01346,2024,3,AGC-001,PRD-002,1213018000,47,0.71,0.59
OBJ-01347,2024,3,AGC-001,PRD-003,919807000,39,0.7,0.62
OBJ-01348,2024,3,AGC-001,PRD-004,1659119000,25,0.64,0.47
OBJ-01349,2024,3,AGC-001,PRD-005,742580000,20,0.7,0.5
OBJ-01350,2024,3,AGC-001,PRD-006,1688903000,38,0.73,0.55
OBJ-01351,2024,3,AGC-001,PRD-007,2257324000,18,0.61,0.59
OBJ-01352,2024,3,AGC-001,PRD-008,4850623000,29,0.78,0.62
OBJ-01353,2024,3,AGC-002,PRD-001,998185000,26,0.62,0.6
OBJ-01354,2024,3,AGC-002,PRD-002,1039395000,31,0.73,0.47
OBJ-01355,2024,3,AGC-002,PRD-003,1764074000,28,0.64,0.44
OBJ-01356,2024,3,AGC-002,PRD-004,1406610000,29,0.77,0.6
OBJ-01357,2024,3,AGC-002,PRD-005,641292000,24,0.76,0.59
OBJ-01358,2024,3,AGC-002,PRD-006,935151000,27,0.65,0.55
OBJ-01359,2024,3,AGC-002,PRD-007,4494352000,19,0.65,0.53
OBJ-01360,2024,3,AGC-002,PRD-008,4667939000,17,0.68,0.59
OBJ-01361,2024,3,AGC-003,PRD-001,1885558000,49,0.65,0.41
OBJ-01362,2024,3,AGC-003,PRD-002,947158000,35,0.62,0.5
OBJ-01363,2024,3,AGC-003,PRD-003,1554551000,29,0.67,0.6
OBJ-01364,2024,3,AGC-003,PRD-004,881485000,29,0.72,0.48
OBJ-01365,2024,3,AGC-003,PRD-005,776463000,23,0.75,0.58
OBJ-01366,2024,3,AGC-003,PRD-006,959516000,27,0.77,0.45
OBJ-01367,2024,3,AGC-003,PRD-007,2347882000,28,0.76,0.48
OBJ-01368,2024,3,AGC-003,PRD-008,2701198000,49,0.71,0.48
OBJ-01369,2024,3,AGC-004,PRD-001,275875000,12,0.73,0.44
OBJ-01370,2024,3,AGC-004,PRD-002,391008000,7,0.63,0.63
OBJ-01371,2024,3,AGC-004,PRD-003,446906000,9,0.6,0.54
OBJ-01372,2024,3,AGC-004,PRD-004,634925000,12,0.66,0.57
OBJ-01373,2024,3,AGC-004,PRD-005,196775000,16,0.78,0.63
OBJ-01374,2024,3,AGC-004,PRD-006,432530000,9,0.68,0.55
OBJ-01375,2024,3,AGC-004,PRD-007,560187000,7,0.78,0.5
OBJ-01376,2024,3,AGC-004,PRD-008,1068320000,8,0.66,0.43
OBJ-01377,2024,3,AGC-005,PRD-001,421772000,11,0.66,0.48
OBJ-01378,2024,3,AGC-005,PRD-002,569335000,11,0.67,0.47
OBJ-01379,2024,3,AGC-005,PRD-003,365217000,6,0.69,0.45
OBJ-01380,2024,3,AGC-005,PRD-004,564840000,13,0.72,0.49
OBJ-01381,2024,3,AGC-005,PRD-005,192038000,17,0.65,0.42
OBJ-01382,2024,3,AGC-005,PRD-006,470151000,5,0.76,0.44
OBJ-01383,2024,3,AGC-005,PRD-007,1221551000,15,0.6,0.59
OBJ-01384,2024,3,AGC-005,PRD-008,1249551000,13,0.68,0.49
OBJ-01385,2024,3,AGC-006,PRD-001,549777000,8,0.64,0.59
OBJ-01386,2024,3,AGC-006,PRD-002,297693000,8,0.8,0.56
OBJ-01387,2024,3,AGC-006,PRD-003,486504000,8,0.72,0.55
OBJ-01388,2024,3,AGC-006,PRD-004,480642000,12,0.63,0.5
OBJ-01389,2024,3,AGC-006,PRD-005,270622000,5,0.79,0.57
OBJ-01390,2024,3,AGC-006,PRD-006,285956000,14,0.68,0.44
OBJ-01391,2024,3,AGC-006,PRD-007,1516543000,15,0.75,0.52
OBJ-01392,2024,3,AGC-006,PRD-008,883523000,11,0.66,0.42
OBJ-01393,2024,3,AGC-007,PRD-001,491840000,16,0.76,0.52
OBJ-01394,2024,3,AGC-007,PRD-002,400915000,6,0.67,0.41
OBJ-01395,2024,3,AGC-007,PRD-003,550212000,5,0.69,0.56
OBJ-01396,2024,3,AGC-007,PRD-004,542779000,11,0.71,0.42
OBJ-01397,2024,3,AGC-007,PRD-005,278676000,10,0.78,0.6
OBJ-01398,2024,3,AGC-007,PRD-006,373471000,14,0.7,0.64
OBJ-01399,2024,3,AGC-007,PRD-007,1053488000,17,0.64,0.42
OBJ-01400,2024,3,AGC-007,PRD-008,767995000,14,0.79,0.52
OBJ-01401,2024,3,AGC-008,PRD-001,503714000,4,0.69,0.49
OBJ-01402,2024,3,AGC-008,PRD-002,556540000,13,0.72,0.49
OBJ-01403,2024,3,AGC-008,PRD-003,269608000,9,0.76,0.41
OBJ-01404,2024,3,AGC-008,PRD-004,309301000,12,0.72,0.62
OBJ-01405,2024,3,AGC-008,PRD-005,154215000,8,0.69,0.46
OBJ-01406,2024,3,AGC-008,PRD-006,459974000,10,0.76,0.54
OBJ-01407,2024,3,AGC-008,PRD-007,561667000,6,0.71,0.56
OBJ-01408,2024,3,AGC-008,PRD-008,1154720000,5,0.74,0.6
OBJ-01409,2024,3,AGC-009,PRD-001,407169000,8,0.67,0.42
OBJ-01410,2024,3,AGC-009,PRD-002,286297000,16,0.75,0.59
OBJ-01411,2024,3,AGC-009,PRD-003,407858000,16,0.72,0.53
OBJ-01412,2024,3,AGC-009,PRD-004,558019000,14,0.78,0.44
OBJ-01413,2024,3,AGC-009,PRD-005,213007000,11,0.6,0.63
OBJ-01414,2024,3,AGC-009,PRD-006,597164000,10,0.66,0.63
OBJ-01415,2024,3,AGC-009,PRD-007,1591379000,13,0.67,0.5
OBJ-01416,2024,3,AGC-009,PRD-008,822084000,7,0.8,0.53
OBJ-01417,2024,3,AGC-010,PRD-001,409850000,8,0.73,0.47
OBJ-01418,2024,3,AGC-010,PRD-002,653542000,10,0.75,0.47
OBJ-01419,2024,3,AGC-010,PRD-003,385720000,13,0.65,0.48
OBJ-01420,2024,3,AGC-010,PRD-004,506006000,13,0.6,0.54
OBJ-01421,2024,3,AGC-010,PRD-005,249922000,15,0.78,0.62
OBJ-01422,2024,3,AGC-010,PRD-006,640855000,10,0.71,0.6
OBJ-01423,2024,3,AGC-010,PRD-007,1308141000,16,0.79,0.64
OBJ-01424,2024,3,AGC-010,PRD-008,949345000,17,0.72,0.51
OBJ-01425,2024,3,AGC-011,PRD-001,506671000,5,0.75,0.51
OBJ-01426,2024,3,AGC-011,PRD-002,454317000,15,0.74,0.44
OBJ-01427,2024,3,AGC-011,PRD-003,551352000,13,0.66,0.41
OBJ-01428,2024,3,AGC-011,PRD-004,367459000,15,0.64,0.58
OBJ-01429,2024,3,AGC-011,PRD-005,312651000,5,0.76,0.59
OBJ-01430,2024,3,AGC-011,PRD-006,468512000,6,0.74,0.6
OBJ-01431,2024,3,AGC-011,PRD-007,1241399000,16,0.7,0.54
OBJ-01432,2024,3,AGC-011,PRD-008,1360686000,4,0.71,0.45
OBJ-01433,2024,3,AGC-012,PRD-001,477202000,16,0.69,0.5
OBJ-01434,2024,3,AGC-012,PRD-002,489988000,11,0.63,0.56
OBJ-01435,2024,3,AGC-012,PRD-003,233993000,6,0.65,0.61
OBJ-01436,2024,3,AGC-012,PRD-004,286104000,13,0.65,0.41
OBJ-01437,2024,3,AGC-012,PRD-005,124702000,4,0.79,0.6
OBJ-01438,2024,3,AGC-012,PRD-006,384383000,9,0.61,0.61
OBJ-01439,2024,3,AGC-012,PRD-007,1188819000,6,0.66,0.47
OBJ-01440,2024,3,AGC-012,PRD-008,1005166000,4,0.8,0.41
OBJ-01441,2024,4,AGC-001,PRD-001,917466000,29,0.69,0.62
OBJ-01442,2024,4,AGC-001,PRD-002,1238165000,44,0.63,0.44
OBJ-01443,2024,4,AGC-001,PRD-003,1238454000,29,0.61,0.5
OBJ-01444,2024,4,AGC-001,PRD-004,1572798000,41,0.79,0.56
OBJ-01445,2024,4,AGC-001,PRD-005,451647000,35,0.73,0.42
OBJ-01446,2024,4,AGC-001,PRD-006,1048387000,27,0.79,0.41
OBJ-01447,2024,4,AGC-001,PRD-007,3574055000,26,0.74,0.47
OBJ-01448,2024,4,AGC-001,PRD-008,2792134000,36,0.79,0.49
OBJ-01449,2024,4,AGC-002,PRD-001,1179087000,26,0.63,0.4
OBJ-01450,2024,4,AGC-002,PRD-002,1889576000,49,0.62,0.62
OBJ-01451,2024,4,AGC-002,PRD-003,1834710000,38,0.8,0.52
OBJ-01452,2024,4,AGC-002,PRD-004,884386000,22,0.76,0.6
OBJ-01453,2024,4,AGC-002,PRD-005,778036000,15,0.7,0.61
OBJ-01454,2024,4,AGC-002,PRD-006,1953452000,32,0.79,0.55
OBJ-01455,2024,4,AGC-002,PRD-007,4876847000,34,0.72,0.56
OBJ-01456,2024,4,AGC-002,PRD-008,3248235000,20,0.8,0.53
OBJ-01457,2024,4,AGC-003,PRD-001,1490687000,48,0.7,0.62
OBJ-01458,2024,4,AGC-003,PRD-002,1478322000,19,0.78,0.59
OBJ-01459,2024,4,AGC-003,PRD-003,947668000,26,0.79,0.44
OBJ-01460,2024,4,AGC-003,PRD-004,1832809000,47,0.78,0.56
OBJ-01461,2024,4,AGC-003,PRD-005,603266000,21,0.69,0.54
OBJ-01462,2024,4,AGC-003,PRD-006,923883000,40,0.67,0.51
OBJ-01463,2024,4,AGC-003,PRD-007,2759500000,21,0.65,0.53
OBJ-01464,2024,4,AGC-003,PRD-008,2461304000,36,0.67,0.54
OBJ-01465,2024,4,AGC-004,PRD-001,376443000,14,0.63,0.5
OBJ-01466,2024,4,AGC-004,PRD-002,500643000,11,0.62,0.55
OBJ-01467,2024,4,AGC-004,PRD-003,246445000,6,0.64,0.45
OBJ-01468,2024,4,AGC-004,PRD-004,636439000,10,0.71,0.54
OBJ-01469,2024,4,AGC-004,PRD-005,316469000,11,0.71,0.6
OBJ-01470,2024,4,AGC-004,PRD-006,543146000,15,0.79,0.61
OBJ-01471,2024,4,AGC-004,PRD-007,1229055000,4,0.7,0.55
OBJ-01472,2024,4,AGC-004,PRD-008,1275380000,6,0.78,0.49
OBJ-01473,2024,4,AGC-005,PRD-001,298442000,13,0.62,0.52
OBJ-01474,2024,4,AGC-005,PRD-002,427941000,14,0.61,0.5
OBJ-01475,2024,4,AGC-005,PRD-003,585971000,6,0.7,0.58
OBJ-01476,2024,4,AGC-005,PRD-004,568559000,16,0.76,0.54
OBJ-01477,2024,4,AGC-005,PRD-005,323238000,7,0.62,0.44
OBJ-01478,2024,4,AGC-005,PRD-006,593451000,4,0.72,0.58
OBJ-01479,2024,4,AGC-005,PRD-007,1351446000,15,0.77,0.6
OBJ-01480,2024,4,AGC-005,PRD-008,1540902000,4,0.73,0.46
OBJ-01481,2024,4,AGC-006,PRD-001,465665000,12,0.72,0.48
OBJ-01482,2024,4,AGC-006,PRD-002,231484000,8,0.62,0.53
OBJ-01483,2024,4,AGC-006,PRD-003,354165000,9,0.68,0.43
OBJ-01484,2024,4,AGC-006,PRD-004,262696000,17,0.68,0.65
OBJ-01485,2024,4,AGC-006,PRD-005,162203000,15,0.75,0.55
OBJ-01486,2024,4,AGC-006,PRD-006,477465000,7,0.75,0.5
OBJ-01487,2024,4,AGC-006,PRD-007,666604000,16,0.6,0.57
OBJ-01488,2024,4,AGC-006,PRD-008,1209689000,9,0.74,0.53
OBJ-01489,2024,4,AGC-007,PRD-001,234257000,11,0.71,0.63
OBJ-01490,2024,4,AGC-007,PRD-002,359844000,12,0.76,0.44
OBJ-01491,2024,4,AGC-007,PRD-003,240895000,9,0.7,0.59
OBJ-01492,2024,4,AGC-007,PRD-004,617219000,18,0.72,0.44
OBJ-01493,2024,4,AGC-007,PRD-005,223862000,12,0.63,0.63
OBJ-01494,2024,4,AGC-007,PRD-006,615292000,15,0.65,0.46
OBJ-01495,2024,4,AGC-007,PRD-007,1043238000,5,0.68,0.5
OBJ-01496,2024,4,AGC-007,PRD-008,647128000,17,0.73,0.47
OBJ-01497,2024,4,AGC-008,PRD-001,608475000,7,0.77,0.48
OBJ-01498,2024,4,AGC-008,PRD-002,566765000,14,0.67,0.46
OBJ-01499,2024,4,AGC-008,PRD-003,220535000,13,0.69,0.5
OBJ-01500,2024,4,AGC-008,PRD-004,434678000,6,0.66,0.46
OBJ-01501,2024,4,AGC-008,PRD-005,269799000,7,0.78,0.42
OBJ-01502,2024,4,AGC-008,PRD-006,402771000,9,0.6,0.5
OBJ-01503,2024,4,AGC-008,PRD-007,1015345000,7,0.64,0.58
OBJ-01504,2024,4,AGC-008,PRD-008,1427772000,15,0.78,0.5
OBJ-01505,2024,4,AGC-009,PRD-001,309906000,8,0.6,0.46
OBJ-01506,2024,4,AGC-009,PRD-002,628052000,9,0.72,0.63
OBJ-01507,2024,4,AGC-009,PRD-003,475805000,18,0.77,0.47
OBJ-01508,2024,4,AGC-009,PRD-004,531678000,18,0.78,0.53
OBJ-01509,2024,4,AGC-009,PRD-005,113806000,15,0.7,0.58
OBJ-01510,2024,4,AGC-009,PRD-006,612457000,6,0.79,0.44
OBJ-01511,2024,4,AGC-009,PRD-007,794635000,8,0.7,0.47
OBJ-01512,2024,4,AGC-009,PRD-008,829853000,6,0.64,0.62
OBJ-01513,2024,4,AGC-010,PRD-001,605243000,13,0.7,0.44
OBJ-01514,2024,4,AGC-010,PRD-002,572060000,13,0.67,0.48
OBJ-01515,2024,4,AGC-010,PRD-003,276910000,16,0.66,0.62
OBJ-01516,2024,4,AGC-010,PRD-004,238902000,10,0.7,0.64
OBJ-01517,2024,4,AGC-010,PRD-005,190535000,16,0.77,0.4
OBJ-01518,2024,4,AGC-010,PRD-006,621166000,4,0.68,0.55
OBJ-01519,2024,4,AGC-010,PRD-007,1239227000,15,0.79,0.42
OBJ-01520,2024,4,AGC-010,PRD-008,1450968000,5,0.79,0.44
OBJ-01521,2024,4,AGC-011,PRD-001,612023000,5,0.61,0.43
OBJ-01522,2024,4,AGC-011,PRD-002,477099000,14,0.78,0.62
OBJ-01523,2024,4,AGC-011,PRD-003,528367000,6,0.77,0.41
OBJ-01524,2024,4,AGC-011,PRD-004,425632000,9,0.75,0.47
OBJ-01525,2024,4,AGC-011,PRD-005,285353000,15,0.72,0.4
OBJ-01526,2024,4,AGC-011,PRD-006,634661000,15,0.65,0.65
OBJ-01527,2024,4,AGC-011,PRD-007,1548424000,14,0.69,0.59
OBJ-01528,2024,4,AGC-011,PRD-008,1456679000,11,0.75,0.6
OBJ-01529,2024,4,AGC-012,PRD-001,242417000,8,0.72,0.44
OBJ-01530,2024,4,AGC-012,PRD-002,228513000,17,0.77,0.6
OBJ-01531,2024,4,AGC-012,PRD-003,463747000,5,0.73,0.43
OBJ-01532,2024,4,AGC-012,PRD-004,616184000,14,0.71,0.52
OBJ-01533,2024,4,AGC-012,PRD-005,212993000,18,0.63,0.62
OBJ-01534,2024,4,AGC-012,PRD-006,506069000,14,0.61,0.53
OBJ-01535,2024,4,AGC-012,PRD-007,861192000,9,0.72,0.63
OBJ-01536,2024,4,AGC-012,PRD-008,977651000,8,0.69,0.57
OBJ-01537,2024,5,AGC-001,PRD-001,996287000,23,0.74,0.43
OBJ-01538,2024,5,AGC-001,PRD-002,1036771000,16,0.71,0.5
OBJ-01539,2024,5,AGC-001,PRD-003,1809305000,38,0.74,0.48
OBJ-01540,2024,5,AGC-001,PRD-004,1567448000,15,0.7,0.43
OBJ-01541,2024,5,AGC-001,PRD-005,618494000,28,0.6,0.56
OBJ-01542,2024,5,AGC-001,PRD-006,1520897000,34,0.69,0.5
OBJ-01543,2024,5,AGC-001,PRD-007,4813724000,32,0.65,0.48
OBJ-01544,2024,5,AGC-001,PRD-008,4694508000,29,0.79,0.6
OBJ-01545,2024,5,AGC-002,PRD-001,1836212000,24,0.74,0.48
OBJ-01546,2024,5,AGC-002,PRD-002,919145000,27,0.69,0.64
OBJ-01547,2024,5,AGC-002,PRD-003,1025777000,26,0.69,0.61
OBJ-01548,2024,5,AGC-002,PRD-004,1094119000,44,0.6,0.63
OBJ-01549,2024,5,AGC-002,PRD-005,729904000,42,0.61,0.63
OBJ-01550,2024,5,AGC-002,PRD-006,1687820000,31,0.6,0.57
OBJ-01551,2024,5,AGC-002,PRD-007,2897455000,35,0.75,0.54
OBJ-01552,2024,5,AGC-002,PRD-008,3805443000,44,0.72,0.6
OBJ-01553,2024,5,AGC-003,PRD-001,1282707000,25,0.71,0.42
OBJ-01554,2024,5,AGC-003,PRD-002,947177000,40,0.63,0.55
OBJ-01555,2024,5,AGC-003,PRD-003,959127000,42,0.72,0.51
OBJ-01556,2024,5,AGC-003,PRD-004,1938062000,17,0.71,0.44
OBJ-01557,2024,5,AGC-003,PRD-005,576048000,49,0.69,0.64
OBJ-01558,2024,5,AGC-003,PRD-006,1875218000,37,0.6,0.45
OBJ-01559,2024,5,AGC-003,PRD-007,3074317000,17,0.75,0.41
OBJ-01560,2024,5,AGC-003,PRD-008,4705658000,45,0.61,0.51
OBJ-01561,2024,5,AGC-004,PRD-001,389462000,4,0.6,0.62
OBJ-01562,2024,5,AGC-004,PRD-002,551032000,5,0.68,0.49
OBJ-01563,2024,5,AGC-004,PRD-003,333630000,6,0.68,0.61
OBJ-01564,2024,5,AGC-004,PRD-004,369709000,8,0.64,0.64
OBJ-01565,2024,5,AGC-004,PRD-005,201028000,17,0.71,0.63
OBJ-01566,2024,5,AGC-004,PRD-006,467864000,12,0.7,0.54
OBJ-01567,2024,5,AGC-004,PRD-007,1297089000,6,0.7,0.46
OBJ-01568,2024,5,AGC-004,PRD-008,925391000,11,0.61,0.43
OBJ-01569,2024,5,AGC-005,PRD-001,386308000,10,0.64,0.48
OBJ-01570,2024,5,AGC-005,PRD-002,575402000,13,0.7,0.53
OBJ-01571,2024,5,AGC-005,PRD-003,472106000,12,0.76,0.43
OBJ-01572,2024,5,AGC-005,PRD-004,254906000,9,0.77,0.48
OBJ-01573,2024,5,AGC-005,PRD-005,221714000,11,0.63,0.43
OBJ-01574,2024,5,AGC-005,PRD-006,449496000,4,0.7,0.65
OBJ-01575,2024,5,AGC-005,PRD-007,803169000,7,0.78,0.55
OBJ-01576,2024,5,AGC-005,PRD-008,1427458000,13,0.76,0.6
OBJ-01577,2024,5,AGC-006,PRD-001,466884000,6,0.78,0.56
OBJ-01578,2024,5,AGC-006,PRD-002,503557000,15,0.7,0.58
OBJ-01579,2024,5,AGC-006,PRD-003,238185000,6,0.71,0.46
OBJ-01580,2024,5,AGC-006,PRD-004,543909000,16,0.77,0.55
OBJ-01581,2024,5,AGC-006,PRD-005,316259000,6,0.71,0.45
OBJ-01582,2024,5,AGC-006,PRD-006,281650000,16,0.64,0.65
OBJ-01583,2024,5,AGC-006,PRD-007,1412225000,18,0.69,0.54
OBJ-01584,2024,5,AGC-006,PRD-008,1579350000,16,0.62,0.46
OBJ-01585,2024,5,AGC-007,PRD-001,476766000,14,0.67,0.49
OBJ-01586,2024,5,AGC-007,PRD-002,333644000,7,0.67,0.51
OBJ-01587,2024,5,AGC-007,PRD-003,396810000,13,0.68,0.47
OBJ-01588,2024,5,AGC-007,PRD-004,450097000,12,0.66,0.51
OBJ-01589,2024,5,AGC-007,PRD-005,140909000,15,0.72,0.51
OBJ-01590,2024,5,AGC-007,PRD-006,281223000,8,0.79,0.46
OBJ-01591,2024,5,AGC-007,PRD-007,1525783000,18,0.72,0.42
OBJ-01592,2024,5,AGC-007,PRD-008,1166064000,5,0.73,0.52
OBJ-01593,2024,5,AGC-008,PRD-001,377322000,16,0.6,0.46
OBJ-01594,2024,5,AGC-008,PRD-002,368688000,11,0.69,0.56
OBJ-01595,2024,5,AGC-008,PRD-003,257187000,7,0.65,0.58
OBJ-01596,2024,5,AGC-008,PRD-004,339079000,10,0.62,0.64
OBJ-01597,2024,5,AGC-008,PRD-005,195551000,14,0.66,0.63
OBJ-01598,2024,5,AGC-008,PRD-006,534443000,15,0.78,0.52
OBJ-01599,2024,5,AGC-008,PRD-007,1505191000,5,0.67,0.55
OBJ-01600,2024,5,AGC-008,PRD-008,1607521000,11,0.79,0.58
OBJ-01601,2024,5,AGC-009,PRD-001,340660000,7,0.65,0.64
OBJ-01602,2024,5,AGC-009,PRD-002,444889000,4,0.66,0.59
OBJ-01603,2024,5,AGC-009,PRD-003,318679000,13,0.61,0.52
OBJ-01604,2024,5,AGC-009,PRD-004,576718000,9,0.77,0.42
OBJ-01605,2024,5,AGC-009,PRD-005,192051000,6,0.7,0.49
OBJ-01606,2024,5,AGC-009,PRD-006,650838000,17,0.63,0.46
OBJ-01607,2024,5,AGC-009,PRD-007,935237000,4,0.76,0.48
OBJ-01608,2024,5,AGC-009,PRD-008,592711000,5,0.75,0.61
OBJ-01609,2024,5,AGC-010,PRD-001,366634000,10,0.65,0.65
OBJ-01610,2024,5,AGC-010,PRD-002,574514000,7,0.78,0.56
OBJ-01611,2024,5,AGC-010,PRD-003,657431000,8,0.74,0.62
OBJ-01612,2024,5,AGC-010,PRD-004,493076000,5,0.67,0.51
OBJ-01613,2024,5,AGC-010,PRD-005,231450000,15,0.71,0.42
OBJ-01614,2024,5,AGC-010,PRD-006,392211000,13,0.71,0.49
OBJ-01615,2024,5,AGC-010,PRD-007,935867000,10,0.62,0.5
OBJ-01616,2024,5,AGC-010,PRD-008,1256348000,5,0.64,0.52
OBJ-01617,2024,5,AGC-011,PRD-001,286753000,18,0.66,0.64
OBJ-01618,2024,5,AGC-011,PRD-002,510307000,5,0.62,0.48
OBJ-01619,2024,5,AGC-011,PRD-003,362142000,15,0.6,0.54
OBJ-01620,2024,5,AGC-011,PRD-004,249439000,10,0.73,0.62
OBJ-01621,2024,5,AGC-011,PRD-005,238407000,14,0.62,0.42
OBJ-01622,2024,5,AGC-011,PRD-006,287562000,16,0.63,0.55
OBJ-01623,2024,5,AGC-011,PRD-007,1314364000,11,0.79,0.5
OBJ-01624,2024,5,AGC-011,PRD-008,1109562000,17,0.7,0.48
OBJ-01625,2024,5,AGC-012,PRD-001,658267000,10,0.62,0.58
OBJ-01626,2024,5,AGC-012,PRD-002,332348000,8,0.76,0.51
OBJ-01627,2024,5,AGC-012,PRD-003,288431000,5,0.72,0.5
OBJ-01628,2024,5,AGC-012,PRD-004,341484000,13,0.75,0.41
OBJ-01629,2024,5,AGC-012,PRD-005,121436000,10,0.78,0.49
OBJ-01630,2024,5,AGC-012,PRD-006,527367000,14,0.63,0.54
OBJ-01631,2024,5,AGC-012,PRD-007,556399000,4,0.72,0.47
OBJ-01632,2024,5,AGC-012,PRD-008,878663000,8,0.78,0.42
OBJ-01633,2024,6,AGC-001,PRD-001,1372308000,37,0.66,0.56
OBJ-01634,2024,6,AGC-001,PRD-002,1378323000,20,0.78,0.57
OBJ-01635,2024,6,AGC-001,PRD-003,1774437000,50,0.74,0.56
OBJ-01636,2024,6,AGC-001,PRD-004,1194324000,17,0.74,0.54
OBJ-01637,2024,6,AGC-001,PRD-005,808030000,23,0.61,0.61
OBJ-01638,2024,6,AGC-001,PRD-006,1117836000,15,0.71,0.44
OBJ-01639,2024,6,AGC-001,PRD-007,3557003000,28,0.75,0.51
OBJ-01640,2024,6,AGC-001,PRD-008,2791186000,39,0.67,0.52
OBJ-01641,2024,6,AGC-002,PRD-001,1321713000,40,0.72,0.49
OBJ-01642,2024,6,AGC-002,PRD-002,1183913000,26,0.61,0.63
OBJ-01643,2024,6,AGC-002,PRD-003,1266341000,50,0.77,0.44
OBJ-01644,2024,6,AGC-002,PRD-004,1411241000,35,0.6,0.56
OBJ-01645,2024,6,AGC-002,PRD-005,609687000,41,0.79,0.6
OBJ-01646,2024,6,AGC-002,PRD-006,1931569000,39,0.69,0.43
OBJ-01647,2024,6,AGC-002,PRD-007,3433271000,24,0.73,0.61
OBJ-01648,2024,6,AGC-002,PRD-008,4865417000,50,0.7,0.6
OBJ-01649,2024,6,AGC-003,PRD-001,1791708000,37,0.78,0.48
OBJ-01650,2024,6,AGC-003,PRD-002,1668082000,19,0.68,0.6
OBJ-01651,2024,6,AGC-003,PRD-003,1498162000,34,0.72,0.62
OBJ-01652,2024,6,AGC-003,PRD-004,1222713000,22,0.68,0.61
OBJ-01653,2024,6,AGC-003,PRD-005,664001000,16,0.67,0.49
OBJ-01654,2024,6,AGC-003,PRD-006,1400942000,29,0.73,0.47
OBJ-01655,2024,6,AGC-003,PRD-007,3868707000,47,0.79,0.48
OBJ-01656,2024,6,AGC-003,PRD-008,2836421000,17,0.7,0.53
OBJ-01657,2024,6,AGC-004,PRD-001,303486000,8,0.65,0.58
OBJ-01658,2024,6,AGC-004,PRD-002,656216000,17,0.76,0.4
OBJ-01659,2024,6,AGC-004,PRD-003,258664000,18,0.66,0.58
OBJ-01660,2024,6,AGC-004,PRD-004,312278000,6,0.62,0.54
OBJ-01661,2024,6,AGC-004,PRD-005,199112000,7,0.74,0.61
OBJ-01662,2024,6,AGC-004,PRD-006,314332000,7,0.73,0.64
OBJ-01663,2024,6,AGC-004,PRD-007,1245688000,8,0.78,0.53
OBJ-01664,2024,6,AGC-004,PRD-008,975236000,17,0.74,0.49
OBJ-01665,2024,6,AGC-005,PRD-001,377716000,16,0.73,0.56
OBJ-01666,2024,6,AGC-005,PRD-002,292772000,4,0.77,0.64
OBJ-01667,2024,6,AGC-005,PRD-003,603467000,8,0.71,0.61
OBJ-01668,2024,6,AGC-005,PRD-004,306842000,15,0.73,0.63
OBJ-01669,2024,6,AGC-005,PRD-005,166158000,15,0.73,0.55
OBJ-01670,2024,6,AGC-005,PRD-006,590256000,6,0.71,0.41
OBJ-01671,2024,6,AGC-005,PRD-007,1132183000,10,0.69,0.5
OBJ-01672,2024,6,AGC-005,PRD-008,985421000,13,0.78,0.43
OBJ-01673,2024,6,AGC-006,PRD-001,284290000,10,0.66,0.55
OBJ-01674,2024,6,AGC-006,PRD-002,521925000,11,0.65,0.52
OBJ-01675,2024,6,AGC-006,PRD-003,236507000,18,0.61,0.53
OBJ-01676,2024,6,AGC-006,PRD-004,494529000,15,0.63,0.46
OBJ-01677,2024,6,AGC-006,PRD-005,289224000,17,0.79,0.63
OBJ-01678,2024,6,AGC-006,PRD-006,624226000,9,0.7,0.54
OBJ-01679,2024,6,AGC-006,PRD-007,1311221000,4,0.8,0.51
OBJ-01680,2024,6,AGC-006,PRD-008,1077344000,9,0.63,0.53
OBJ-01681,2024,6,AGC-007,PRD-001,432894000,7,0.61,0.47
OBJ-01682,2024,6,AGC-007,PRD-002,545472000,17,0.69,0.57
OBJ-01683,2024,6,AGC-007,PRD-003,342030000,4,0.65,0.62
OBJ-01684,2024,6,AGC-007,PRD-004,609322000,4,0.61,0.49
OBJ-01685,2024,6,AGC-007,PRD-005,220778000,9,0.76,0.51
OBJ-01686,2024,6,AGC-007,PRD-006,337715000,11,0.64,0.6
OBJ-01687,2024,6,AGC-007,PRD-007,1160118000,12,0.75,0.52
OBJ-01688,2024,6,AGC-007,PRD-008,655953000,15,0.79,0.59
OBJ-01689,2024,6,AGC-008,PRD-001,539815000,8,0.65,0.48
OBJ-01690,2024,6,AGC-008,PRD-002,437258000,7,0.73,0.5
OBJ-01691,2024,6,AGC-008,PRD-003,320172000,18,0.71,0.51
OBJ-01692,2024,6,AGC-008,PRD-004,233682000,15,0.71,0.52
OBJ-01693,2024,6,AGC-008,PRD-005,203371000,17,0.79,0.52
OBJ-01694,2024,6,AGC-008,PRD-006,508219000,7,0.79,0.55
OBJ-01695,2024,6,AGC-008,PRD-007,949326000,16,0.76,0.5
OBJ-01696,2024,6,AGC-008,PRD-008,907189000,8,0.63,0.57
OBJ-01697,2024,6,AGC-009,PRD-001,356033000,9,0.69,0.6
OBJ-01698,2024,6,AGC-009,PRD-002,471512000,6,0.79,0.64
OBJ-01699,2024,6,AGC-009,PRD-003,460853000,9,0.63,0.46
OBJ-01700,2024,6,AGC-009,PRD-004,642034000,13,0.73,0.48
OBJ-01701,2024,6,AGC-009,PRD-005,155658000,12,0.71,0.41
OBJ-01702,2024,6,AGC-009,PRD-006,250582000,5,0.78,0.58
OBJ-01703,2024,6,AGC-009,PRD-007,1409017000,16,0.76,0.64
OBJ-01704,2024,6,AGC-009,PRD-008,1131120000,17,0.69,0.52
OBJ-01705,2024,6,AGC-010,PRD-001,293574000,9,0.68,0.56
OBJ-01706,2024,6,AGC-010,PRD-002,230972000,14,0.75,0.62
OBJ-01707,2024,6,AGC-010,PRD-003,435659000,13,0.63,0.6
OBJ-01708,2024,6,AGC-010,PRD-004,588903000,11,0.69,0.63
OBJ-01709,2024,6,AGC-010,PRD-005,222410000,17,0.71,0.59
OBJ-01710,2024,6,AGC-010,PRD-006,231361000,6,0.69,0.59
OBJ-01711,2024,6,AGC-010,PRD-007,690169000,7,0.69,0.59
OBJ-01712,2024,6,AGC-010,PRD-008,1039890000,5,0.8,0.64
OBJ-01713,2024,6,AGC-011,PRD-001,404620000,12,0.67,0.55
OBJ-01714,2024,6,AGC-011,PRD-002,302165000,18,0.67,0.43
OBJ-01715,2024,6,AGC-011,PRD-003,375872000,14,0.61,0.61
OBJ-01716,2024,6,AGC-011,PRD-004,269935000,5,0.72,0.63
OBJ-01717,2024,6,AGC-011,PRD-005,127875000,10,0.66,0.62
OBJ-01718,2024,6,AGC-011,PRD-006,472265000,13,0.76,0.51
OBJ-01719,2024,6,AGC-011,PRD-007,1643738000,13,0.66,0.61
OBJ-01720,2024,6,AGC-011,PRD-008,1524143000,11,0.66,0.55
OBJ-01721,2024,6,AGC-012,PRD-001,613517000,16,0.78,0.62
OBJ-01722,2024,6,AGC-012,PRD-002,426194000,4,0.64,0.54
OBJ-01723,2024,6,AGC-012,PRD-003,323026000,11,0.77,0.49
OBJ-01724,2024,6,AGC-012,PRD-004,610502000,14,0.79,0.44
OBJ-01725,2024,6,AGC-012,PRD-005,289457000,15,0.62,0.51
OBJ-01726,2024,6,AGC-012,PRD-006,503074000,15,0.75,0.52
OBJ-01727,2024,6,AGC-012,PRD-007,593795000,12,0.68,0.61
OBJ-01728,2024,6,AGC-012,PRD-008,958845000,11,0.72,0.63
OBJ-01729,2024,7,AGC-001,PRD-001,1718665000,18,0.63,0.45
OBJ-01730,2024,7,AGC-001,PRD-002,1045761000,44,0.79,0.54
OBJ-01731,2024,7,AGC-001,PRD-003,1721567000,45,0.7,0.6
OBJ-01732,2024,7,AGC-001,PRD-004,1673979000,26,0.69,0.53
OBJ-01733,2024,7,AGC-001,PRD-005,970942000,15,0.73,0.41
OBJ-01734,2024,7,AGC-001,PRD-006,909760000,34,0.67,0.44
OBJ-01735,2024,7,AGC-001,PRD-007,4707316000,43,0.76,0.57
OBJ-01736,2024,7,AGC-001,PRD-008,2501146000,41,0.75,0.51
OBJ-01737,2024,7,AGC-002,PRD-001,1338658000,19,0.65,0.63
OBJ-01738,2024,7,AGC-002,PRD-002,925455000,21,0.7,0.64
OBJ-01739,2024,7,AGC-002,PRD-003,1881121000,22,0.62,0.58
OBJ-01740,2024,7,AGC-002,PRD-004,1118030000,37,0.67,0.44
OBJ-01741,2024,7,AGC-002,PRD-005,731289000,47,0.65,0.58
OBJ-01742,2024,7,AGC-002,PRD-006,1049308000,43,0.75,0.42
OBJ-01743,2024,7,AGC-002,PRD-007,3293428000,28,0.73,0.57
OBJ-01744,2024,7,AGC-002,PRD-008,2800977000,34,0.75,0.57
OBJ-01745,2024,7,AGC-003,PRD-001,1406841000,44,0.71,0.61
OBJ-01746,2024,7,AGC-003,PRD-002,1747867000,32,0.62,0.65
OBJ-01747,2024,7,AGC-003,PRD-003,1336853000,45,0.72,0.57
OBJ-01748,2024,7,AGC-003,PRD-004,1688564000,48,0.6,0.51
OBJ-01749,2024,7,AGC-003,PRD-005,615632000,44,0.68,0.48
OBJ-01750,2024,7,AGC-003,PRD-006,1743411000,40,0.69,0.59
OBJ-01751,2024,7,AGC-003,PRD-007,2933998000,27,0.66,0.5
OBJ-01752,2024,7,AGC-003,PRD-008,4120342000,19,0.74,0.53
OBJ-01753,2024,7,AGC-004,PRD-001,277615000,18,0.7,0.42
OBJ-01754,2024,7,AGC-004,PRD-002,620936000,14,0.63,0.45
OBJ-01755,2024,7,AGC-004,PRD-003,535580000,10,0.65,0.63
OBJ-01756,2024,7,AGC-004,PRD-004,540443000,13,0.74,0.51
OBJ-01757,2024,7,AGC-004,PRD-005,249021000,5,0.69,0.54
OBJ-01758,2024,7,AGC-004,PRD-006,531078000,12,0.68,0.46
OBJ-01759,2024,7,AGC-004,PRD-007,1268360000,12,0.68,0.46
OBJ-01760,2024,7,AGC-004,PRD-008,787977000,8,0.68,0.54
OBJ-01761,2024,7,AGC-005,PRD-001,273413000,14,0.68,0.49
OBJ-01762,2024,7,AGC-005,PRD-002,426982000,5,0.77,0.46
OBJ-01763,2024,7,AGC-005,PRD-003,316536000,11,0.73,0.52
OBJ-01764,2024,7,AGC-005,PRD-004,266947000,9,0.77,0.43
OBJ-01765,2024,7,AGC-005,PRD-005,268223000,5,0.67,0.63
OBJ-01766,2024,7,AGC-005,PRD-006,384590000,17,0.64,0.5
OBJ-01767,2024,7,AGC-005,PRD-007,689438000,15,0.79,0.55
OBJ-01768,2024,7,AGC-005,PRD-008,705033000,15,0.67,0.43
OBJ-01769,2024,7,AGC-006,PRD-001,448394000,7,0.72,0.62
OBJ-01770,2024,7,AGC-006,PRD-002,389342000,9,0.62,0.44
OBJ-01771,2024,7,AGC-006,PRD-003,542367000,9,0.74,0.54
OBJ-01772,2024,7,AGC-006,PRD-004,263860000,7,0.75,0.53
OBJ-01773,2024,7,AGC-006,PRD-005,286791000,12,0.77,0.59
OBJ-01774,2024,7,AGC-006,PRD-006,586888000,17,0.76,0.6
OBJ-01775,2024,7,AGC-006,PRD-007,1586428000,9,0.72,0.53
OBJ-01776,2024,7,AGC-006,PRD-008,761660000,16,0.65,0.53
OBJ-01777,2024,7,AGC-007,PRD-001,344389000,8,0.65,0.64
OBJ-01778,2024,7,AGC-007,PRD-002,642620000,14,0.68,0.62
OBJ-01779,2024,7,AGC-007,PRD-003,258605000,10,0.79,0.43
OBJ-01780,2024,7,AGC-007,PRD-004,359141000,13,0.7,0.55
OBJ-01781,2024,7,AGC-007,PRD-005,173263000,15,0.78,0.56
OBJ-01782,2024,7,AGC-007,PRD-006,569469000,11,0.72,0.53
OBJ-01783,2024,7,AGC-007,PRD-007,1261153000,12,0.72,0.52
OBJ-01784,2024,7,AGC-007,PRD-008,811359000,16,0.65,0.61
OBJ-01785,2024,7,AGC-008,PRD-001,293860000,8,0.74,0.64
OBJ-01786,2024,7,AGC-008,PRD-002,345020000,10,0.75,0.63
OBJ-01787,2024,7,AGC-008,PRD-003,294817000,7,0.75,0.49
OBJ-01788,2024,7,AGC-008,PRD-004,465366000,7,0.8,0.43
OBJ-01789,2024,7,AGC-008,PRD-005,306064000,14,0.74,0.53
OBJ-01790,2024,7,AGC-008,PRD-006,553020000,18,0.79,0.45
OBJ-01791,2024,7,AGC-008,PRD-007,1054976000,15,0.68,0.42
OBJ-01792,2024,7,AGC-008,PRD-008,835951000,14,0.78,0.4
OBJ-01793,2024,7,AGC-009,PRD-001,417213000,6,0.66,0.42
OBJ-01794,2024,7,AGC-009,PRD-002,440960000,17,0.65,0.64
OBJ-01795,2024,7,AGC-009,PRD-003,246423000,15,0.79,0.59
OBJ-01796,2024,7,AGC-009,PRD-004,485599000,16,0.63,0.61
OBJ-01797,2024,7,AGC-009,PRD-005,261703000,11,0.62,0.57
OBJ-01798,2024,7,AGC-009,PRD-006,392496000,9,0.77,0.61
OBJ-01799,2024,7,AGC-009,PRD-007,1268726000,17,0.78,0.53
OBJ-01800,2024,7,AGC-009,PRD-008,1307944000,7,0.71,0.6
OBJ-01801,2024,7,AGC-010,PRD-001,498464000,8,0.62,0.49
OBJ-01802,2024,7,AGC-010,PRD-002,292155000,16,0.74,0.45
OBJ-01803,2024,7,AGC-010,PRD-003,373609000,10,0.73,0.44
OBJ-01804,2024,7,AGC-010,PRD-004,644998000,13,0.7,0.53
OBJ-01805,2024,7,AGC-010,PRD-005,176744000,11,0.76,0.62
OBJ-01806,2024,7,AGC-010,PRD-006,297721000,8,0.79,0.65
OBJ-01807,2024,7,AGC-010,PRD-007,638218000,17,0.77,0.42
OBJ-01808,2024,7,AGC-010,PRD-008,881561000,12,0.65,0.61
OBJ-01809,2024,7,AGC-011,PRD-001,350296000,5,0.62,0.55
OBJ-01810,2024,7,AGC-011,PRD-002,485231000,18,0.72,0.56
OBJ-01811,2024,7,AGC-011,PRD-003,370605000,9,0.63,0.61
OBJ-01812,2024,7,AGC-011,PRD-004,595725000,10,0.73,0.5
OBJ-01813,2024,7,AGC-011,PRD-005,222829000,14,0.64,0.63
OBJ-01814,2024,7,AGC-011,PRD-006,308604000,12,0.64,0.52
OBJ-01815,2024,7,AGC-011,PRD-007,1143973000,7,0.69,0.54
OBJ-01816,2024,7,AGC-011,PRD-008,917874000,5,0.64,0.6
OBJ-01817,2024,7,AGC-012,PRD-001,473273000,10,0.7,0.44
OBJ-01818,2024,7,AGC-012,PRD-002,340285000,15,0.7,0.5
OBJ-01819,2024,7,AGC-012,PRD-003,553265000,8,0.78,0.61
OBJ-01820,2024,7,AGC-012,PRD-004,338548000,12,0.64,0.58
OBJ-01821,2024,7,AGC-012,PRD-005,329172000,15,0.76,0.47
OBJ-01822,2024,7,AGC-012,PRD-006,613404000,9,0.73,0.58
OBJ-01823,2024,7,AGC-012,PRD-007,1352438000,6,0.69,0.56
OBJ-01824,2024,7,AGC-012,PRD-008,1083890000,8,0.71,0.57
OBJ-01825,2024,8,AGC-001,PRD-001,996625000,41,0.68,0.47
OBJ-01826,2024,8,AGC-001,PRD-002,1492652000,45,0.77,0.42
OBJ-01827,2024,8,AGC-001,PRD-003,1488407000,25,0.75,0.51
OBJ-01828,2024,8,AGC-001,PRD-004,1635269000,24,0.72,0.48
OBJ-01829,2024,8,AGC-001,PRD-005,645493000,18,0.72,0.52
OBJ-01830,2024,8,AGC-001,PRD-006,1007167000,36,0.77,0.58
OBJ-01831,2024,8,AGC-001,PRD-007,3310599000,30,0.63,0.6
OBJ-01832,2024,8,AGC-001,PRD-008,4257515000,36,0.63,0.62
OBJ-01833,2024,8,AGC-002,PRD-001,1722277000,47,0.7,0.56
OBJ-01834,2024,8,AGC-002,PRD-002,1482770000,23,0.78,0.63
OBJ-01835,2024,8,AGC-002,PRD-003,1656318000,33,0.61,0.61
OBJ-01836,2024,8,AGC-002,PRD-004,1471857000,22,0.65,0.6
OBJ-01837,2024,8,AGC-002,PRD-005,913137000,31,0.72,0.59
OBJ-01838,2024,8,AGC-002,PRD-006,1584558000,49,0.69,0.42
OBJ-01839,2024,8,AGC-002,PRD-007,2796764000,21,0.73,0.44
OBJ-01840,2024,8,AGC-002,PRD-008,3190421000,41,0.76,0.58
OBJ-01841,2024,8,AGC-003,PRD-001,884301000,39,0.65,0.6
OBJ-01842,2024,8,AGC-003,PRD-002,1473415000,30,0.68,0.49
OBJ-01843,2024,8,AGC-003,PRD-003,1947698000,33,0.67,0.58
OBJ-01844,2024,8,AGC-003,PRD-004,1292075000,45,0.6,0.64
OBJ-01845,2024,8,AGC-003,PRD-005,901078000,44,0.63,0.53
OBJ-01846,2024,8,AGC-003,PRD-006,1297128000,28,0.8,0.54
OBJ-01847,2024,8,AGC-003,PRD-007,4824127000,48,0.74,0.52
OBJ-01848,2024,8,AGC-003,PRD-008,4335558000,36,0.74,0.52
OBJ-01849,2024,8,AGC-004,PRD-001,474596000,8,0.62,0.55
OBJ-01850,2024,8,AGC-004,PRD-002,535507000,10,0.66,0.4
OBJ-01851,2024,8,AGC-004,PRD-003,550137000,18,0.76,0.4
OBJ-01852,2024,8,AGC-004,PRD-004,608392000,6,0.72,0.62
OBJ-01853,2024,8,AGC-004,PRD-005,164639000,15,0.74,0.64
OBJ-01854,2024,8,AGC-004,PRD-006,236419000,11,0.71,0.56
OBJ-01855,2024,8,AGC-004,PRD-007,909915000,18,0.68,0.55
OBJ-01856,2024,8,AGC-004,PRD-008,747408000,4,0.67,0.4
OBJ-01857,2024,8,AGC-005,PRD-001,575171000,16,0.73,0.45
OBJ-01858,2024,8,AGC-005,PRD-002,532146000,16,0.63,0.44
OBJ-01859,2024,8,AGC-005,PRD-003,429723000,6,0.71,0.49
OBJ-01860,2024,8,AGC-005,PRD-004,235488000,18,0.75,0.6
OBJ-01861,2024,8,AGC-005,PRD-005,257666000,5,0.76,0.48
OBJ-01862,2024,8,AGC-005,PRD-006,298465000,12,0.73,0.46
OBJ-01863,2024,8,AGC-005,PRD-007,1333914000,6,0.71,0.48
OBJ-01864,2024,8,AGC-005,PRD-008,1546722000,15,0.76,0.56
OBJ-01865,2024,8,AGC-006,PRD-001,506659000,12,0.76,0.52
OBJ-01866,2024,8,AGC-006,PRD-002,448756000,15,0.64,0.41
OBJ-01867,2024,8,AGC-006,PRD-003,356095000,17,0.76,0.54
OBJ-01868,2024,8,AGC-006,PRD-004,528893000,14,0.79,0.4
OBJ-01869,2024,8,AGC-006,PRD-005,126181000,4,0.6,0.57
OBJ-01870,2024,8,AGC-006,PRD-006,524766000,7,0.67,0.44
OBJ-01871,2024,8,AGC-006,PRD-007,998496000,17,0.76,0.56
OBJ-01872,2024,8,AGC-006,PRD-008,630912000,11,0.68,0.44
OBJ-01873,2024,8,AGC-007,PRD-001,656726000,16,0.75,0.45
OBJ-01874,2024,8,AGC-007,PRD-002,338972000,9,0.7,0.58
OBJ-01875,2024,8,AGC-007,PRD-003,562530000,5,0.68,0.41
OBJ-01876,2024,8,AGC-007,PRD-004,300978000,13,0.7,0.57
OBJ-01877,2024,8,AGC-007,PRD-005,229253000,17,0.74,0.63
OBJ-01878,2024,8,AGC-007,PRD-006,278003000,9,0.63,0.65
OBJ-01879,2024,8,AGC-007,PRD-007,597700000,5,0.73,0.57
OBJ-01880,2024,8,AGC-007,PRD-008,957540000,4,0.75,0.44
OBJ-01881,2024,8,AGC-008,PRD-001,571214000,18,0.75,0.56
OBJ-01882,2024,8,AGC-008,PRD-002,496022000,18,0.68,0.43
OBJ-01883,2024,8,AGC-008,PRD-003,573395000,15,0.75,0.48
OBJ-01884,2024,8,AGC-008,PRD-004,510411000,10,0.7,0.55
OBJ-01885,2024,8,AGC-008,PRD-005,150577000,17,0.66,0.54
OBJ-01886,2024,8,AGC-008,PRD-006,309179000,6,0.62,0.57
OBJ-01887,2024,8,AGC-008,PRD-007,1562623000,6,0.67,0.53
OBJ-01888,2024,8,AGC-008,PRD-008,587055000,17,0.7,0.42
OBJ-01889,2024,8,AGC-009,PRD-001,295295000,13,0.75,0.62
OBJ-01890,2024,8,AGC-009,PRD-002,220466000,10,0.73,0.59
OBJ-01891,2024,8,AGC-009,PRD-003,352820000,14,0.68,0.5
OBJ-01892,2024,8,AGC-009,PRD-004,306664000,16,0.74,0.43
OBJ-01893,2024,8,AGC-009,PRD-005,150421000,7,0.77,0.64
OBJ-01894,2024,8,AGC-009,PRD-006,573585000,6,0.7,0.61
OBJ-01895,2024,8,AGC-009,PRD-007,941726000,15,0.77,0.41
OBJ-01896,2024,8,AGC-009,PRD-008,792451000,16,0.79,0.53
OBJ-01897,2024,8,AGC-010,PRD-001,645953000,15,0.67,0.53
OBJ-01898,2024,8,AGC-010,PRD-002,375721000,11,0.66,0.47
OBJ-01899,2024,8,AGC-010,PRD-003,607133000,6,0.77,0.4
OBJ-01900,2024,8,AGC-010,PRD-004,365488000,12,0.65,0.58
OBJ-01901,2024,8,AGC-010,PRD-005,265822000,15,0.77,0.53
OBJ-01902,2024,8,AGC-010,PRD-006,361554000,17,0.67,0.58
OBJ-01903,2024,8,AGC-010,PRD-007,664901000,5,0.67,0.56
OBJ-01904,2024,8,AGC-010,PRD-008,802477000,11,0.75,0.44
OBJ-01905,2024,8,AGC-011,PRD-001,591867000,18,0.74,0.63
OBJ-01906,2024,8,AGC-011,PRD-002,317621000,12,0.67,0.61
OBJ-01907,2024,8,AGC-011,PRD-003,349843000,8,0.66,0.6
OBJ-01908,2024,8,AGC-011,PRD-004,638064000,18,0.64,0.42
OBJ-01909,2024,8,AGC-011,PRD-005,132120000,13,0.75,0.52
OBJ-01910,2024,8,AGC-011,PRD-006,259871000,17,0.77,0.52
OBJ-01911,2024,8,AGC-011,PRD-007,768492000,14,0.78,0.62
OBJ-01912,2024,8,AGC-011,PRD-008,1113995000,7,0.76,0.65
OBJ-01913,2024,8,AGC-012,PRD-001,641271000,18,0.72,0.4
OBJ-01914,2024,8,AGC-012,PRD-002,622002000,14,0.62,0.61
OBJ-01915,2024,8,AGC-012,PRD-003,596650000,4,0.69,0.51
OBJ-01916,2024,8,AGC-012,PRD-004,358520000,11,0.78,0.49
OBJ-01917,2024,8,AGC-012,PRD-005,235850000,11,0.62,0.45
OBJ-01918,2024,8,AGC-012,PRD-006,594604000,4,0.62,0.52
OBJ-01919,2024,8,AGC-012,PRD-007,1002906000,18,0.76,0.46
OBJ-01920,2024,8,AGC-012,PRD-008,599689000,6,0.79,0.59
OBJ-01921,2024,9,AGC-001,PRD-001,913812000,42,0.68,0.44
OBJ-01922,2024,9,AGC-001,PRD-002,1396555000,43,0.78,0.55
OBJ-01923,2024,9,AGC-001,PRD-003,1494941000,33,0.7,0.63
OBJ-01924,2024,9,AGC-001,PRD-004,1494316000,39,0.66,0.64
OBJ-01925,2024,9,AGC-001,PRD-005,599865000,22,0.63,0.51
OBJ-01926,2024,9,AGC-001,PRD-006,912962000,36,0.72,0.53
OBJ-01927,2024,9,AGC-001,PRD-007,2848899000,25,0.7,0.46
OBJ-01928,2024,9,AGC-001,PRD-008,2388737000,45,0.69,0.62
OBJ-01929,2024,9,AGC-002,PRD-001,1390332000,33,0.75,0.56
OBJ-01930,2024,9,AGC-002,PRD-002,1902843000,30,0.64,0.58
OBJ-01931,2024,9,AGC-002,PRD-003,1186962000,40,0.71,0.52
OBJ-01932,2024,9,AGC-002,PRD-004,1732010000,36,0.77,0.61
OBJ-01933,2024,9,AGC-002,PRD-005,720567000,35,0.71,0.56
OBJ-01934,2024,9,AGC-002,PRD-006,935648000,39,0.68,0.56
OBJ-01935,2024,9,AGC-002,PRD-007,3316330000,18,0.72,0.5
OBJ-01936,2024,9,AGC-002,PRD-008,3837318000,37,0.78,0.41
OBJ-01937,2024,9,AGC-003,PRD-001,1317932000,39,0.79,0.5
OBJ-01938,2024,9,AGC-003,PRD-002,1512347000,40,0.75,0.46
OBJ-01939,2024,9,AGC-003,PRD-003,1510942000,50,0.65,0.59
OBJ-01940,2024,9,AGC-003,PRD-004,933551000,19,0.8,0.54
OBJ-01941,2024,9,AGC-003,PRD-005,645469000,49,0.77,0.63
OBJ-01942,2024,9,AGC-003,PRD-006,1203171000,38,0.68,0.5
OBJ-01943,2024,9,AGC-003,PRD-007,2843807000,35,0.69,0.45
OBJ-01944,2024,9,AGC-003,PRD-008,2768952000,50,0.6,0.48
OBJ-01945,2024,9,AGC-004,PRD-001,410828000,9,0.7,0.54
OBJ-01946,2024,9,AGC-004,PRD-002,504947000,13,0.66,0.5
OBJ-01947,2024,9,AGC-004,PRD-003,308801000,14,0.72,0.43
OBJ-01948,2024,9,AGC-004,PRD-004,384884000,14,0.68,0.48
OBJ-01949,2024,9,AGC-004,PRD-005,126156000,14,0.63,0.45
OBJ-01950,2024,9,AGC-004,PRD-006,434852000,18,0.68,0.57
OBJ-01951,2024,9,AGC-004,PRD-007,708826000,13,0.78,0.65
OBJ-01952,2024,9,AGC-004,PRD-008,821307000,8,0.65,0.56
OBJ-01953,2024,9,AGC-005,PRD-001,459196000,6,0.75,0.59
OBJ-01954,2024,9,AGC-005,PRD-002,273349000,10,0.77,0.56
OBJ-01955,2024,9,AGC-005,PRD-003,380602000,13,0.69,0.53
OBJ-01956,2024,9,AGC-005,PRD-004,577458000,13,0.67,0.6
OBJ-01957,2024,9,AGC-005,PRD-005,178000000,13,0.68,0.6
OBJ-01958,2024,9,AGC-005,PRD-006,519365000,7,0.76,0.58
OBJ-01959,2024,9,AGC-005,PRD-007,715591000,12,0.63,0.59
OBJ-01960,2024,9,AGC-005,PRD-008,647670000,17,0.62,0.61
OBJ-01961,2024,9,AGC-006,PRD-001,396158000,12,0.78,0.41
OBJ-01962,2024,9,AGC-006,PRD-002,470012000,5,0.77,0.51
OBJ-01963,2024,9,AGC-006,PRD-003,565838000,10,0.65,0.56
OBJ-01964,2024,9,AGC-006,PRD-004,385813000,4,0.68,0.41
OBJ-01965,2024,9,AGC-006,PRD-005,265032000,12,0.64,0.52
OBJ-01966,2024,9,AGC-006,PRD-006,568781000,16,0.76,0.56
OBJ-01967,2024,9,AGC-006,PRD-007,792648000,13,0.78,0.53
OBJ-01968,2024,9,AGC-006,PRD-008,852852000,16,0.6,0.6
OBJ-01969,2024,9,AGC-007,PRD-001,641367000,13,0.79,0.42
OBJ-01970,2024,9,AGC-007,PRD-002,557438000,6,0.74,0.58
OBJ-01971,2024,9,AGC-007,PRD-003,339310000,15,0.75,0.65
OBJ-01972,2024,9,AGC-007,PRD-004,565518000,12,0.72,0.58
OBJ-01973,2024,9,AGC-007,PRD-005,128387000,15,0.78,0.49
OBJ-01974,2024,9,AGC-007,PRD-006,424842000,17,0.64,0.52
OBJ-01975,2024,9,AGC-007,PRD-007,1554732000,11,0.69,0.49
OBJ-01976,2024,9,AGC-007,PRD-008,1526719000,16,0.61,0.62
OBJ-01977,2024,9,AGC-008,PRD-001,344105000,18,0.69,0.63
OBJ-01978,2024,9,AGC-008,PRD-002,264540000,16,0.74,0.65
OBJ-01979,2024,9,AGC-008,PRD-003,445586000,6,0.66,0.57
OBJ-01980,2024,9,AGC-008,PRD-004,472509000,10,0.74,0.58
OBJ-01981,2024,9,AGC-008,PRD-005,112299000,9,0.77,0.61
OBJ-01982,2024,9,AGC-008,PRD-006,377980000,16,0.72,0.52
OBJ-01983,2024,9,AGC-008,PRD-007,1197901000,8,0.66,0.42
OBJ-01984,2024,9,AGC-008,PRD-008,708983000,14,0.73,0.54
OBJ-01985,2024,9,AGC-009,PRD-001,368493000,9,0.67,0.46
OBJ-01986,2024,9,AGC-009,PRD-002,464964000,6,0.64,0.61
OBJ-01987,2024,9,AGC-009,PRD-003,488950000,13,0.62,0.57
OBJ-01988,2024,9,AGC-009,PRD-004,619040000,4,0.62,0.53
OBJ-01989,2024,9,AGC-009,PRD-005,223656000,8,0.64,0.49
OBJ-01990,2024,9,AGC-009,PRD-006,497197000,5,0.68,0.52
OBJ-01991,2024,9,AGC-009,PRD-007,763398000,13,0.8,0.59
OBJ-01992,2024,9,AGC-009,PRD-008,1287855000,18,0.63,0.61
OBJ-01993,2024,9,AGC-010,PRD-001,298946000,13,0.65,0.62
OBJ-01994,2024,9,AGC-010,PRD-002,622597000,8,0.69,0.59
OBJ-01995,2024,9,AGC-010,PRD-003,321616000,10,0.62,0.44
OBJ-01996,2024,9,AGC-010,PRD-004,402101000,12,0.64,0.55
OBJ-01997,2024,9,AGC-010,PRD-005,139484000,15,0.69,0.62
OBJ-01998,2024,9,AGC-010,PRD-006,314735000,7,0.61,0.55
OBJ-01999,2024,9,AGC-010,PRD-007,648839000,14,0.63,0.56
OBJ-02000,2024,9,AGC-010,PRD-008,1416795000,8,0.66,0.5
OBJ-02001,2024,9,AGC-011,PRD-001,433815000,5,0.69,0.45
OBJ-02002,2024,9,AGC-011,PRD-002,299270000,7,0.66,0.57
OBJ-02003,2024,9,AGC-011,PRD-003,519378000,6,0.64,0.55
OBJ-02004,2024,9,AGC-011,PRD-004,417014000,10,0.67,0.46
OBJ-02005,2024,9,AGC-011,PRD-005,222393000,17,0.77,0.6
OBJ-02006,2024,9,AGC-011,PRD-006,337006000,11,0.74,0.58
OBJ-02007,2024,9,AGC-011,PRD-007,777385000,12,0.69,0.62
OBJ-02008,2024,9,AGC-011,PRD-008,1503681000,6,0.73,0.48
OBJ-02009,2024,9,AGC-012,PRD-001,581461000,8,0.64,0.63
OBJ-02010,2024,9,AGC-012,PRD-002,438454000,13,0.73,0.64
OBJ-02011,2024,9,AGC-012,PRD-003,534223000,5,0.67,0.64
OBJ-02012,2024,9,AGC-012,PRD-004,220700000,18,0.7,0.46
OBJ-02013,2024,9,AGC-012,PRD-005,312436000,14,0.76,0.55
OBJ-02014,2024,9,AGC-012,PRD-006,382561000,11,0.69,0.5
OBJ-02015,2024,9,AGC-012,PRD-007,788726000,11,0.65,0.52
OBJ-02016,2024,9,AGC-012,PRD-008,937003000,12,0.71,0.45
OBJ-02017,2024,10,AGC-001,PRD-001,1668243000,24,0.64,0.61
OBJ-02018,2024,10,AGC-001,PRD-002,1362546000,29,0.64,0.49
OBJ-02019,2024,10,AGC-001,PRD-003,1634252000,27,0.68,0.42
OBJ-02020,2024,10,AGC-001,PRD-004,1120405000,25,0.76,0.64
OBJ-02021,2024,10,AGC-001,PRD-005,880229000,38,0.64,0.61
OBJ-02022,2024,10,AGC-001,PRD-006,1484848000,49,0.77,0.57
OBJ-02023,2024,10,AGC-001,PRD-007,3059323000,18,0.72,0.57
OBJ-02024,2024,10,AGC-001,PRD-008,3981401000,32,0.73,0.43
OBJ-02025,2024,10,AGC-002,PRD-001,1080658000,25,0.72,0.59
OBJ-02026,2024,10,AGC-002,PRD-002,1415699000,16,0.65,0.56
OBJ-02027,2024,10,AGC-002,PRD-003,1850802000,27,0.8,0.62
OBJ-02028,2024,10,AGC-002,PRD-004,1573534000,26,0.68,0.48
OBJ-02029,2024,10,AGC-002,PRD-005,932257000,25,0.71,0.54
OBJ-02030,2024,10,AGC-002,PRD-006,1475652000,25,0.78,0.51
OBJ-02031,2024,10,AGC-002,PRD-007,4505629000,33,0.72,0.49
OBJ-02032,2024,10,AGC-002,PRD-008,4100225000,47,0.79,0.5
OBJ-02033,2024,10,AGC-003,PRD-001,1134708000,23,0.75,0.43
OBJ-02034,2024,10,AGC-003,PRD-002,1009535000,40,0.61,0.52
OBJ-02035,2024,10,AGC-003,PRD-003,1758742000,16,0.61,0.4
OBJ-02036,2024,10,AGC-003,PRD-004,1587866000,26,0.69,0.53
OBJ-02037,2024,10,AGC-003,PRD-005,518717000,15,0.72,0.48
OBJ-02038,2024,10,AGC-003,PRD-006,1329943000,46,0.67,0.64
OBJ-02039,2024,10,AGC-003,PRD-007,3281744000,16,0.8,0.59
OBJ-02040,2024,10,AGC-003,PRD-008,2993035000,40,0.77,0.58
OBJ-02041,2024,10,AGC-004,PRD-001,618342000,6,0.65,0.43
OBJ-02042,2024,10,AGC-004,PRD-002,267869000,5,0.68,0.45
OBJ-02043,2024,10,AGC-004,PRD-003,581732000,14,0.75,0.51
OBJ-02044,2024,10,AGC-004,PRD-004,400921000,9,0.61,0.52
OBJ-02045,2024,10,AGC-004,PRD-005,237713000,5,0.79,0.65
OBJ-02046,2024,10,AGC-004,PRD-006,629603000,5,0.8,0.51
OBJ-02047,2024,10,AGC-004,PRD-007,1232232000,10,0.78,0.54
OBJ-02048,2024,10,AGC-004,PRD-008,1411811000,7,0.72,0.43
OBJ-02049,2024,10,AGC-005,PRD-001,580621000,12,0.75,0.58
OBJ-02050,2024,10,AGC-005,PRD-002,628501000,18,0.8,0.45
OBJ-02051,2024,10,AGC-005,PRD-003,590488000,13,0.77,0.62
OBJ-02052,2024,10,AGC-005,PRD-004,333021000,13,0.67,0.51
OBJ-02053,2024,10,AGC-005,PRD-005,328706000,10,0.7,0.42
OBJ-02054,2024,10,AGC-005,PRD-006,247007000,15,0.65,0.49
OBJ-02055,2024,10,AGC-005,PRD-007,936210000,11,0.65,0.47
OBJ-02056,2024,10,AGC-005,PRD-008,940772000,7,0.7,0.62
OBJ-02057,2024,10,AGC-006,PRD-001,360730000,13,0.6,0.58
OBJ-02058,2024,10,AGC-006,PRD-002,228265000,18,0.7,0.63
OBJ-02059,2024,10,AGC-006,PRD-003,343735000,10,0.74,0.59
OBJ-02060,2024,10,AGC-006,PRD-004,620877000,13,0.62,0.63
OBJ-02061,2024,10,AGC-006,PRD-005,126662000,10,0.62,0.45
OBJ-02062,2024,10,AGC-006,PRD-006,424495000,8,0.72,0.51
OBJ-02063,2024,10,AGC-006,PRD-007,1405632000,15,0.65,0.52
OBJ-02064,2024,10,AGC-006,PRD-008,716195000,4,0.69,0.56
OBJ-02065,2024,10,AGC-007,PRD-001,637280000,14,0.76,0.6
OBJ-02066,2024,10,AGC-007,PRD-002,431939000,13,0.67,0.43
OBJ-02067,2024,10,AGC-007,PRD-003,487998000,6,0.67,0.46
OBJ-02068,2024,10,AGC-007,PRD-004,640725000,9,0.69,0.4
OBJ-02069,2024,10,AGC-007,PRD-005,255661000,14,0.71,0.45
OBJ-02070,2024,10,AGC-007,PRD-006,610265000,13,0.63,0.43
OBJ-02071,2024,10,AGC-007,PRD-007,1222826000,10,0.63,0.53
OBJ-02072,2024,10,AGC-007,PRD-008,1527313000,12,0.71,0.55
OBJ-02073,2024,10,AGC-008,PRD-001,626194000,8,0.63,0.4
OBJ-02074,2024,10,AGC-008,PRD-002,278621000,14,0.76,0.65
OBJ-02075,2024,10,AGC-008,PRD-003,639998000,16,0.79,0.47
OBJ-02076,2024,10,AGC-008,PRD-004,471821000,5,0.69,0.54
OBJ-02077,2024,10,AGC-008,PRD-005,162526000,10,0.79,0.48
OBJ-02078,2024,10,AGC-008,PRD-006,566994000,7,0.7,0.56
OBJ-02079,2024,10,AGC-008,PRD-007,1539998000,11,0.73,0.53
OBJ-02080,2024,10,AGC-008,PRD-008,1320817000,18,0.66,0.54
OBJ-02081,2024,10,AGC-009,PRD-001,605871000,15,0.74,0.54
OBJ-02082,2024,10,AGC-009,PRD-002,525916000,12,0.72,0.5
OBJ-02083,2024,10,AGC-009,PRD-003,308593000,18,0.69,0.53
OBJ-02084,2024,10,AGC-009,PRD-004,412530000,16,0.6,0.63
OBJ-02085,2024,10,AGC-009,PRD-005,258604000,15,0.62,0.51
OBJ-02086,2024,10,AGC-009,PRD-006,425303000,16,0.75,0.41
OBJ-02087,2024,10,AGC-009,PRD-007,571916000,9,0.73,0.55
OBJ-02088,2024,10,AGC-009,PRD-008,1192939000,7,0.65,0.55
OBJ-02089,2024,10,AGC-010,PRD-001,326319000,14,0.73,0.54
OBJ-02090,2024,10,AGC-010,PRD-002,581588000,12,0.62,0.53
OBJ-02091,2024,10,AGC-010,PRD-003,321494000,8,0.74,0.53
OBJ-02092,2024,10,AGC-010,PRD-004,632097000,18,0.75,0.42
OBJ-02093,2024,10,AGC-010,PRD-005,259306000,4,0.74,0.58
OBJ-02094,2024,10,AGC-010,PRD-006,646081000,12,0.73,0.48
OBJ-02095,2024,10,AGC-010,PRD-007,850751000,17,0.61,0.56
OBJ-02096,2024,10,AGC-010,PRD-008,1109527000,10,0.73,0.56
OBJ-02097,2024,10,AGC-011,PRD-001,513113000,9,0.62,0.63
OBJ-02098,2024,10,AGC-011,PRD-002,636819000,16,0.63,0.53
OBJ-02099,2024,10,AGC-011,PRD-003,596579000,17,0.62,0.55
OBJ-02100,2024,10,AGC-011,PRD-004,228238000,10,0.68,0.5
OBJ-02101,2024,10,AGC-011,PRD-005,320050000,6,0.63,0.54
OBJ-02102,2024,10,AGC-011,PRD-006,477523000,4,0.75,0.43
OBJ-02103,2024,10,AGC-011,PRD-007,771958000,7,0.77,0.58
OBJ-02104,2024,10,AGC-011,PRD-008,1409315000,14,0.72,0.49
OBJ-02105,2024,10,AGC-012,PRD-001,254270000,9,0.76,0.63
OBJ-02106,2024,10,AGC-012,PRD-002,568310000,9,0.63,0.44
OBJ-02107,2024,10,AGC-012,PRD-003,369464000,14,0.78,0.6
OBJ-02108,2024,10,AGC-012,PRD-004,545378000,18,0.73,0.64
OBJ-02109,2024,10,AGC-012,PRD-005,292456000,14,0.66,0.44
OBJ-02110,2024,10,AGC-012,PRD-006,433445000,14,0.7,0.65
OBJ-02111,2024,10,AGC-012,PRD-007,798843000,16,0.7,0.59
OBJ-02112,2024,10,AGC-012,PRD-008,1064978000,18,0.76,0.43
OBJ-02113,2024,11,AGC-001,PRD-001,887183000,30,0.73,0.64
OBJ-02114,2024,11,AGC-001,PRD-002,1059496000,45,0.76,0.44
OBJ-02115,2024,11,AGC-001,PRD-003,1834380000,20,0.74,0.47
OBJ-02116,2024,11,AGC-001,PRD-004,1798347000,26,0.73,0.51
OBJ-02117,2024,11,AGC-001,PRD-005,739598000,17,0.71,0.47
OBJ-02118,2024,11,AGC-001,PRD-006,1350576000,30,0.79,0.48
OBJ-02119,2024,11,AGC-001,PRD-007,4486789000,16,0.78,0.56
OBJ-02120,2024,11,AGC-001,PRD-008,3467004000,42,0.8,0.61
OBJ-02121,2024,11,AGC-002,PRD-001,1254204000,33,0.61,0.6
OBJ-02122,2024,11,AGC-002,PRD-002,1575110000,22,0.65,0.56
OBJ-02123,2024,11,AGC-002,PRD-003,1425117000,16,0.67,0.56
OBJ-02124,2024,11,AGC-002,PRD-004,1022326000,29,0.76,0.62
OBJ-02125,2024,11,AGC-002,PRD-005,824459000,25,0.77,0.48
OBJ-02126,2024,11,AGC-002,PRD-006,1380614000,41,0.63,0.48
OBJ-02127,2024,11,AGC-002,PRD-007,3848757000,28,0.64,0.42
OBJ-02128,2024,11,AGC-002,PRD-008,4369526000,39,0.71,0.47
OBJ-02129,2024,11,AGC-003,PRD-001,1826494000,40,0.67,0.44
OBJ-02130,2024,11,AGC-003,PRD-002,1791981000,21,0.64,0.44
OBJ-02131,2024,11,AGC-003,PRD-003,1311615000,46,0.75,0.58
OBJ-02132,2024,11,AGC-003,PRD-004,1433028000,21,0.79,0.61
OBJ-02133,2024,11,AGC-003,PRD-005,929372000,32,0.61,0.59
OBJ-02134,2024,11,AGC-003,PRD-006,1913722000,46,0.62,0.52
OBJ-02135,2024,11,AGC-003,PRD-007,4757122000,45,0.7,0.43
OBJ-02136,2024,11,AGC-003,PRD-008,2460868000,18,0.62,0.46
OBJ-02137,2024,11,AGC-004,PRD-001,450410000,4,0.71,0.61
OBJ-02138,2024,11,AGC-004,PRD-002,658793000,14,0.71,0.64
OBJ-02139,2024,11,AGC-004,PRD-003,285966000,14,0.76,0.44
OBJ-02140,2024,11,AGC-004,PRD-004,302439000,18,0.68,0.57
OBJ-02141,2024,11,AGC-004,PRD-005,246065000,9,0.76,0.61
OBJ-02142,2024,11,AGC-004,PRD-006,322135000,13,0.65,0.59
OBJ-02143,2024,11,AGC-004,PRD-007,813892000,11,0.69,0.46
OBJ-02144,2024,11,AGC-004,PRD-008,1480368000,4,0.63,0.44
OBJ-02145,2024,11,AGC-005,PRD-001,332069000,17,0.6,0.47
OBJ-02146,2024,11,AGC-005,PRD-002,539382000,16,0.67,0.42
OBJ-02147,2024,11,AGC-005,PRD-003,272679000,5,0.68,0.64
OBJ-02148,2024,11,AGC-005,PRD-004,657016000,12,0.68,0.62
OBJ-02149,2024,11,AGC-005,PRD-005,144110000,10,0.66,0.47
OBJ-02150,2024,11,AGC-005,PRD-006,324071000,4,0.79,0.44
OBJ-02151,2024,11,AGC-005,PRD-007,1321865000,5,0.7,0.46
OBJ-02152,2024,11,AGC-005,PRD-008,1029299000,6,0.66,0.53
OBJ-02153,2024,11,AGC-006,PRD-001,424973000,7,0.79,0.52
OBJ-02154,2024,11,AGC-006,PRD-002,326101000,10,0.71,0.64
OBJ-02155,2024,11,AGC-006,PRD-003,267872000,9,0.73,0.62
OBJ-02156,2024,11,AGC-006,PRD-004,630895000,9,0.68,0.65
OBJ-02157,2024,11,AGC-006,PRD-005,135935000,13,0.79,0.63
OBJ-02158,2024,11,AGC-006,PRD-006,264764000,6,0.65,0.61
OBJ-02159,2024,11,AGC-006,PRD-007,1001575000,5,0.69,0.63
OBJ-02160,2024,11,AGC-006,PRD-008,1070038000,8,0.66,0.62
OBJ-02161,2024,11,AGC-007,PRD-001,331272000,17,0.72,0.42
OBJ-02162,2024,11,AGC-007,PRD-002,569716000,4,0.7,0.54
OBJ-02163,2024,11,AGC-007,PRD-003,259679000,9,0.63,0.46
OBJ-02164,2024,11,AGC-007,PRD-004,571505000,17,0.79,0.45
OBJ-02165,2024,11,AGC-007,PRD-005,300634000,14,0.76,0.52
OBJ-02166,2024,11,AGC-007,PRD-006,302356000,10,0.72,0.49
OBJ-02167,2024,11,AGC-007,PRD-007,1402206000,14,0.77,0.43
OBJ-02168,2024,11,AGC-007,PRD-008,835550000,6,0.79,0.4
OBJ-02169,2024,11,AGC-008,PRD-001,529068000,9,0.64,0.61
OBJ-02170,2024,11,AGC-008,PRD-002,374760000,16,0.8,0.53
OBJ-02171,2024,11,AGC-008,PRD-003,524302000,4,0.65,0.44
OBJ-02172,2024,11,AGC-008,PRD-004,591378000,11,0.68,0.47
OBJ-02173,2024,11,AGC-008,PRD-005,167715000,14,0.64,0.54
OBJ-02174,2024,11,AGC-008,PRD-006,552311000,4,0.77,0.43
OBJ-02175,2024,11,AGC-008,PRD-007,1618276000,11,0.64,0.4
OBJ-02176,2024,11,AGC-008,PRD-008,613544000,13,0.62,0.49
OBJ-02177,2024,11,AGC-009,PRD-001,354579000,11,0.73,0.44
OBJ-02178,2024,11,AGC-009,PRD-002,246884000,9,0.68,0.58
OBJ-02179,2024,11,AGC-009,PRD-003,629790000,7,0.64,0.53
OBJ-02180,2024,11,AGC-009,PRD-004,239142000,10,0.68,0.43
OBJ-02181,2024,11,AGC-009,PRD-005,231599000,15,0.69,0.49
OBJ-02182,2024,11,AGC-009,PRD-006,439935000,7,0.66,0.48
OBJ-02183,2024,11,AGC-009,PRD-007,1085224000,10,0.67,0.43
OBJ-02184,2024,11,AGC-009,PRD-008,1176035000,11,0.62,0.46
OBJ-02185,2024,11,AGC-010,PRD-001,382512000,15,0.66,0.52
OBJ-02186,2024,11,AGC-010,PRD-002,651307000,8,0.6,0.62
OBJ-02187,2024,11,AGC-010,PRD-003,561368000,13,0.63,0.42
OBJ-02188,2024,11,AGC-010,PRD-004,246394000,14,0.7,0.45
OBJ-02189,2024,11,AGC-010,PRD-005,277139000,4,0.71,0.65
OBJ-02190,2024,11,AGC-010,PRD-006,623242000,18,0.78,0.54
OBJ-02191,2024,11,AGC-010,PRD-007,938103000,5,0.73,0.53
OBJ-02192,2024,11,AGC-010,PRD-008,1088141000,10,0.69,0.54
OBJ-02193,2024,11,AGC-011,PRD-001,434849000,17,0.69,0.59
OBJ-02194,2024,11,AGC-011,PRD-002,613314000,12,0.71,0.58
OBJ-02195,2024,11,AGC-011,PRD-003,289690000,14,0.63,0.58
OBJ-02196,2024,11,AGC-011,PRD-004,581430000,18,0.79,0.49
OBJ-02197,2024,11,AGC-011,PRD-005,174354000,6,0.78,0.63
OBJ-02198,2024,11,AGC-011,PRD-006,430136000,15,0.75,0.6
OBJ-02199,2024,11,AGC-011,PRD-007,838608000,17,0.68,0.6
OBJ-02200,2024,11,AGC-011,PRD-008,550610000,15,0.74,0.64
OBJ-02201,2024,11,AGC-012,PRD-001,425459000,15,0.76,0.65
OBJ-02202,2024,11,AGC-012,PRD-002,504684000,18,0.62,0.64
OBJ-02203,2024,11,AGC-012,PRD-003,556357000,8,0.79,0.48
OBJ-02204,2024,11,AGC-012,PRD-004,516480000,18,0.65,0.63
OBJ-02205,2024,11,AGC-012,PRD-005,207204000,7,0.78,0.53
OBJ-02206,2024,11,AGC-012,PRD-006,462866000,4,0.62,0.57
OBJ-02207,2024,11,AGC-012,PRD-007,1103351000,6,0.71,0.45
OBJ-02208,2024,11,AGC-012,PRD-008,1532130000,9,0.64,0.6
OBJ-02209,2024,12,AGC-001,PRD-001,1696372000,35,0.76,0.57
OBJ-02210,2024,12,AGC-001,PRD-002,1300364000,41,0.69,0.48
OBJ-02211,2024,12,AGC-001,PRD-003,1883187000,34,0.73,0.5
OBJ-02212,2024,12,AGC-001,PRD-004,1125712000,25,0.78,0.45
OBJ-02213,2024,12,AGC-001,PRD-005,629860000,16,0.64,0.57
OBJ-02214,2024,12,AGC-001,PRD-006,1221647000,40,0.69,0.53
OBJ-02215,2024,12,AGC-001,PRD-007,4301466000,22,0.7,0.56
OBJ-02216,2024,12,AGC-001,PRD-008,4380752000,29,0.74,0.43
OBJ-02217,2024,12,AGC-002,PRD-001,1349595000,38,0.7,0.64
OBJ-02218,2024,12,AGC-002,PRD-002,1229309000,20,0.7,0.45
OBJ-02219,2024,12,AGC-002,PRD-003,1229198000,46,0.8,0.52
OBJ-02220,2024,12,AGC-002,PRD-004,1242485000,24,0.68,0.55
OBJ-02221,2024,12,AGC-002,PRD-005,795341000,48,0.77,0.48
OBJ-02222,2024,12,AGC-002,PRD-006,1327621000,26,0.61,0.52
OBJ-02223,2024,12,AGC-002,PRD-007,4685297000,21,0.73,0.43
OBJ-02224,2024,12,AGC-002,PRD-008,4784218000,31,0.64,0.41
OBJ-02225,2024,12,AGC-003,PRD-001,1768032000,50,0.61,0.46
OBJ-02226,2024,12,AGC-003,PRD-002,1781358000,43,0.63,0.62
OBJ-02227,2024,12,AGC-003,PRD-003,1787475000,39,0.61,0.56
OBJ-02228,2024,12,AGC-003,PRD-004,1156151000,34,0.68,0.45
OBJ-02229,2024,12,AGC-003,PRD-005,901434000,22,0.69,0.55
OBJ-02230,2024,12,AGC-003,PRD-006,1094314000,30,0.68,0.52
OBJ-02231,2024,12,AGC-003,PRD-007,4066949000,42,0.76,0.51
OBJ-02232,2024,12,AGC-003,PRD-008,3911074000,42,0.72,0.58
OBJ-02233,2024,12,AGC-004,PRD-001,545522000,11,0.75,0.4
OBJ-02234,2024,12,AGC-004,PRD-002,490093000,15,0.65,0.45
OBJ-02235,2024,12,AGC-004,PRD-003,642187000,12,0.65,0.44
OBJ-02236,2024,12,AGC-004,PRD-004,274801000,13,0.69,0.48
OBJ-02237,2024,12,AGC-004,PRD-005,155475000,12,0.8,0.46
OBJ-02238,2024,12,AGC-004,PRD-006,457981000,8,0.65,0.46
OBJ-02239,2024,12,AGC-004,PRD-007,1575275000,13,0.61,0.54
OBJ-02240,2024,12,AGC-004,PRD-008,1307715000,5,0.79,0.44
OBJ-02241,2024,12,AGC-005,PRD-001,293455000,14,0.61,0.42
OBJ-02242,2024,12,AGC-005,PRD-002,327563000,9,0.78,0.54
OBJ-02243,2024,12,AGC-005,PRD-003,317505000,14,0.74,0.61
OBJ-02244,2024,12,AGC-005,PRD-004,388723000,10,0.73,0.51
OBJ-02245,2024,12,AGC-005,PRD-005,287890000,9,0.77,0.56
OBJ-02246,2024,12,AGC-005,PRD-006,584787000,7,0.74,0.57
OBJ-02247,2024,12,AGC-005,PRD-007,1133942000,9,0.65,0.49
OBJ-02248,2024,12,AGC-005,PRD-008,796635000,16,0.61,0.53
OBJ-02249,2024,12,AGC-006,PRD-001,225407000,12,0.74,0.48
OBJ-02250,2024,12,AGC-006,PRD-002,562453000,9,0.66,0.47
OBJ-02251,2024,12,AGC-006,PRD-003,476302000,7,0.66,0.52
OBJ-02252,2024,12,AGC-006,PRD-004,522723000,7,0.64,0.48
OBJ-02253,2024,12,AGC-006,PRD-005,120299000,10,0.73,0.63
OBJ-02254,2024,12,AGC-006,PRD-006,635113000,5,0.78,0.64
OBJ-02255,2024,12,AGC-006,PRD-007,1457747000,13,0.7,0.6
OBJ-02256,2024,12,AGC-006,PRD-008,1031259000,6,0.78,0.61
OBJ-02257,2024,12,AGC-007,PRD-001,501890000,10,0.62,0.59
OBJ-02258,2024,12,AGC-007,PRD-002,539709000,15,0.77,0.4
OBJ-02259,2024,12,AGC-007,PRD-003,375032000,17,0.76,0.63
OBJ-02260,2024,12,AGC-007,PRD-004,377504000,7,0.65,0.59
OBJ-02261,2024,12,AGC-007,PRD-005,188314000,6,0.78,0.45
OBJ-02262,2024,12,AGC-007,PRD-006,411475000,15,0.6,0.46
OBJ-02263,2024,12,AGC-007,PRD-007,713826000,18,0.77,0.64
OBJ-02264,2024,12,AGC-007,PRD-008,980625000,12,0.67,0.55
OBJ-02265,2024,12,AGC-008,PRD-001,454397000,18,0.7,0.42
OBJ-02266,2024,12,AGC-008,PRD-002,435902000,13,0.63,0.47
OBJ-02267,2024,12,AGC-008,PRD-003,595882000,7,0.66,0.46
OBJ-02268,2024,12,AGC-008,PRD-004,507676000,6,0.66,0.64
OBJ-02269,2024,12,AGC-008,PRD-005,241112000,7,0.6,0.46
OBJ-02270,2024,12,AGC-008,PRD-006,440657000,9,0.73,0.5
OBJ-02271,2024,12,AGC-008,PRD-007,1541943000,13,0.77,0.53
OBJ-02272,2024,12,AGC-008,PRD-008,1120970000,7,0.73,0.44
OBJ-02273,2024,12,AGC-009,PRD-001,422324000,12,0.69,0.55
OBJ-02274,2024,12,AGC-009,PRD-002,479192000,6,0.68,0.49
OBJ-02275,2024,12,AGC-009,PRD-003,509326000,10,0.63,0.54
OBJ-02276,2024,12,AGC-009,PRD-004,515126000,12,0.63,0.47
OBJ-02277,2024,12,AGC-009,PRD-005,288957000,17,0.62,0.43
OBJ-02278,2024,12,AGC-009,PRD-006,397313000,9,0.79,0.64
OBJ-02279,2024,12,AGC-009,PRD-007,885396000,15,0.77,0.59
OBJ-02280,2024,12,AGC-009,PRD-008,803434000,8,0.75,0.41
OBJ-02281,2024,12,AGC-010,PRD-001,252788000,13,0.63,0.57
OBJ-02282,2024,12,AGC-010,PRD-002,573418000,13,0.78,0.56
OBJ-02283,2024,12,AGC-010,PRD-003,608828000,13,0.67,0.53
OBJ-02284,2024,12,AGC-010,PRD-004,515087000,4,0.7,0.57
OBJ-02285,2024,12,AGC-010,PRD-005,245284000,5,0.7,0.42
OBJ-02286,2024,12,AGC-010,PRD-006,532891000,9,0.71,0.57
OBJ-02287,2024,12,AGC-010,PRD-007,792893000,6,0.79,0.55
OBJ-02288,2024,12,AGC-010,PRD-008,854152000,9,0.68,0.64
OBJ-02289,2024,12,AGC-011,PRD-001,431419000,13,0.62,0.48
OBJ-02290,2024,12,AGC-011,PRD-002,402759000,7,0.65,0.58
OBJ-02291,2024,12,AGC-011,PRD-003,460146000,11,0.79,0.55
OBJ-02292,2024,12,AGC-011,PRD-004,610680000,11,0.65,0.55
OBJ-02293,2024,12,AGC-011,PRD-005,296635000,13,0.62,0.42
OBJ-02294,2024,12,AGC-011,PRD-006,308819000,16,0.7,0.43
OBJ-02295,2024,12,AGC-011,PRD-007,712541000,12,0.76,0.6
OBJ-02296,2024,12,AGC-011,PRD-008,894997000,17,0.79,0.53
OBJ-02297,2024,12,AGC-012,PRD-001,602899000,4,0.67,0.44
OBJ-02298,2024,12,AGC-012,PRD-002,465459000,7,0.67,0.43
OBJ-02299,2024,12,AGC-012,PRD-003,380823000,7,0.66,0.41
OBJ-02300,2024,12,AGC-012,PRD-004,635680000,12,0.71,0.44
OBJ-02301,2024,12,AGC-012,PRD-005,136323000,11,0.77,0.51
OBJ-02302,2024,12,AGC-012,PRD-006,255252000,11,0.66,0.47
OBJ-02303,2024,12,AGC-012,PRD-007,742631000,17,0.73,0.64
OBJ-02304,2024,12,AGC-012,PRD-008,1249758000,10,0.73,0.46
OBJ-02305,2025,1,AGC-001,PRD-001,1027230000,22,0.69,0.44
OBJ-02306,2025,1,AGC-001,PRD-002,1237561000,43,0.67,0.54
OBJ-02307,2025,1,AGC-001,PRD-003,1620986000,23,0.77,0.6
OBJ-02308,2025,1,AGC-001,PRD-004,2083016000,47,0.75,0.4
OBJ-02309,2025,1,AGC-001,PRD-005,1035118000,31,0.71,0.55
OBJ-02310,2025,1,AGC-001,PRD-006,1713434000,27,0.71,0.52
OBJ-02311,2025,1,AGC-001,PRD-007,3869735000,24,0.78,0.6
OBJ-02312,2025,1,AGC-001,PRD-008,3547886000,21,0.72,0.6
OBJ-02313,2025,1,AGC-002,PRD-001,2092305000,45,0.75,0.42
OBJ-02314,2025,1,AGC-002,PRD-002,1450089000,48,0.78,0.58
OBJ-02315,2025,1,AGC-002,PRD-003,2055065000,37,0.65,0.6
OBJ-02316,2025,1,AGC-002,PRD-004,2113959000,22,0.62,0.47
OBJ-02317,2025,1,AGC-002,PRD-005,973324000,46,0.68,0.55
OBJ-02318,2025,1,AGC-002,PRD-006,1775049000,31,0.71,0.46
OBJ-02319,2025,1,AGC-002,PRD-007,3779113000,20,0.68,0.43
OBJ-02320,2025,1,AGC-002,PRD-008,4891933000,20,0.75,0.4
OBJ-02321,2025,1,AGC-003,PRD-001,1830752000,43,0.69,0.6
OBJ-02322,2025,1,AGC-003,PRD-002,1762255000,30,0.78,0.4
OBJ-02323,2025,1,AGC-003,PRD-003,1967578000,18,0.62,0.59
OBJ-02324,2025,1,AGC-003,PRD-004,1741291000,37,0.7,0.58
OBJ-02325,2025,1,AGC-003,PRD-005,658778000,37,0.63,0.63
OBJ-02326,2025,1,AGC-003,PRD-006,1690306000,21,0.64,0.57
OBJ-02327,2025,1,AGC-003,PRD-007,4666108000,46,0.66,0.64
OBJ-02328,2025,1,AGC-003,PRD-008,3893974000,33,0.68,0.52
OBJ-02329,2025,1,AGC-004,PRD-001,473670000,10,0.66,0.6
OBJ-02330,2025,1,AGC-004,PRD-002,328400000,4,0.78,0.53
OBJ-02331,2025,1,AGC-004,PRD-003,475324000,10,0.76,0.49
OBJ-02332,2025,1,AGC-004,PRD-004,274338000,11,0.61,0.45
OBJ-02333,2025,1,AGC-004,PRD-005,280645000,5,0.66,0.58
OBJ-02334,2025,1,AGC-004,PRD-006,339185000,5,0.61,0.57
OBJ-02335,2025,1,AGC-004,PRD-007,1522363000,15,0.61,0.64
OBJ-02336,2025,1,AGC-004,PRD-008,732763000,10,0.69,0.6
OBJ-02337,2025,1,AGC-005,PRD-001,430087000,7,0.68,0.42
OBJ-02338,2025,1,AGC-005,PRD-002,378682000,9,0.64,0.48
OBJ-02339,2025,1,AGC-005,PRD-003,316662000,8,0.6,0.53
OBJ-02340,2025,1,AGC-005,PRD-004,587587000,12,0.72,0.45
OBJ-02341,2025,1,AGC-005,PRD-005,282754000,15,0.62,0.45
OBJ-02342,2025,1,AGC-005,PRD-006,324579000,16,0.75,0.5
OBJ-02343,2025,1,AGC-005,PRD-007,1683149000,8,0.69,0.62
OBJ-02344,2025,1,AGC-005,PRD-008,883875000,5,0.74,0.6
OBJ-02345,2025,1,AGC-006,PRD-001,520197000,4,0.63,0.62
OBJ-02346,2025,1,AGC-006,PRD-002,364170000,12,0.8,0.58
OBJ-02347,2025,1,AGC-006,PRD-003,666533000,10,0.76,0.58
OBJ-02348,2025,1,AGC-006,PRD-004,603861000,11,0.75,0.55
OBJ-02349,2025,1,AGC-006,PRD-005,123374000,13,0.72,0.45
OBJ-02350,2025,1,AGC-006,PRD-006,319966000,17,0.8,0.54
OBJ-02351,2025,1,AGC-006,PRD-007,1214670000,13,0.67,0.6
OBJ-02352,2025,1,AGC-006,PRD-008,846238000,17,0.73,0.42
OBJ-02353,2025,1,AGC-007,PRD-001,681949000,8,0.72,0.47
OBJ-02354,2025,1,AGC-007,PRD-002,467651000,13,0.76,0.44
OBJ-02355,2025,1,AGC-007,PRD-003,357151000,15,0.66,0.4
OBJ-02356,2025,1,AGC-007,PRD-004,578880000,15,0.79,0.57
OBJ-02357,2025,1,AGC-007,PRD-005,147927000,18,0.72,0.43
OBJ-02358,2025,1,AGC-007,PRD-006,694535000,10,0.62,0.52
OBJ-02359,2025,1,AGC-007,PRD-007,1285237000,9,0.65,0.45
OBJ-02360,2025,1,AGC-007,PRD-008,1147073000,17,0.72,0.42
OBJ-02361,2025,1,AGC-008,PRD-001,462196000,16,0.78,0.58
OBJ-02362,2025,1,AGC-008,PRD-002,574173000,9,0.71,0.63
OBJ-02363,2025,1,AGC-008,PRD-003,669914000,8,0.76,0.45
OBJ-02364,2025,1,AGC-008,PRD-004,308478000,5,0.65,0.49
OBJ-02365,2025,1,AGC-008,PRD-005,309355000,7,0.72,0.44
OBJ-02366,2025,1,AGC-008,PRD-006,670316000,4,0.75,0.56
OBJ-02367,2025,1,AGC-008,PRD-007,1374645000,11,0.61,0.6
OBJ-02368,2025,1,AGC-008,PRD-008,1541146000,9,0.77,0.47
OBJ-02369,2025,1,AGC-009,PRD-001,509480000,7,0.66,0.49
OBJ-02370,2025,1,AGC-009,PRD-002,630389000,12,0.78,0.59
OBJ-02371,2025,1,AGC-009,PRD-003,639300000,17,0.65,0.49
OBJ-02372,2025,1,AGC-009,PRD-004,396591000,12,0.64,0.58
OBJ-02373,2025,1,AGC-009,PRD-005,289037000,10,0.61,0.51
OBJ-02374,2025,1,AGC-009,PRD-006,680876000,9,0.62,0.53
OBJ-02375,2025,1,AGC-009,PRD-007,798058000,5,0.79,0.53
OBJ-02376,2025,1,AGC-009,PRD-008,681309000,11,0.68,0.52
OBJ-02377,2025,1,AGC-010,PRD-001,681409000,18,0.71,0.47
OBJ-02378,2025,1,AGC-010,PRD-002,244660000,11,0.71,0.63
OBJ-02379,2025,1,AGC-010,PRD-003,429407000,7,0.64,0.64
OBJ-02380,2025,1,AGC-010,PRD-004,315171000,18,0.68,0.58
OBJ-02381,2025,1,AGC-010,PRD-005,353436000,18,0.64,0.65
OBJ-02382,2025,1,AGC-010,PRD-006,346665000,9,0.71,0.46
OBJ-02383,2025,1,AGC-010,PRD-007,1204498000,17,0.75,0.63
OBJ-02384,2025,1,AGC-010,PRD-008,1460576000,18,0.78,0.57
OBJ-02385,2025,1,AGC-011,PRD-001,271755000,10,0.79,0.62
OBJ-02386,2025,1,AGC-011,PRD-002,703958000,12,0.73,0.61
OBJ-02387,2025,1,AGC-011,PRD-003,696005000,10,0.79,0.42
OBJ-02388,2025,1,AGC-011,PRD-004,545968000,8,0.78,0.61
OBJ-02389,2025,1,AGC-011,PRD-005,190009000,12,0.78,0.5
OBJ-02390,2025,1,AGC-011,PRD-006,596674000,12,0.79,0.64
OBJ-02391,2025,1,AGC-011,PRD-007,1304212000,14,0.68,0.47
OBJ-02392,2025,1,AGC-011,PRD-008,955432000,5,0.74,0.48
OBJ-02393,2025,1,AGC-012,PRD-001,545665000,14,0.67,0.4
OBJ-02394,2025,1,AGC-012,PRD-002,250688000,4,0.69,0.46
OBJ-02395,2025,1,AGC-012,PRD-003,533733000,10,0.63,0.47
OBJ-02396,2025,1,AGC-012,PRD-004,430665000,18,0.73,0.55
OBJ-02397,2025,1,AGC-012,PRD-005,345467000,5,0.75,0.59
OBJ-02398,2025,1,AGC-012,PRD-006,329374000,9,0.6,0.6
OBJ-02399,2025,1,AGC-012,PRD-007,1097680000,7,0.69,0.58
OBJ-02400,2025,1,AGC-012,PRD-008,1592737000,7,0.67,0.64
OBJ-02401,2025,2,AGC-001,PRD-001,2077857000,26,0.75,0.51
OBJ-02402,2025,2,AGC-001,PRD-002,1859902000,24,0.77,0.57
OBJ-02403,2025,2,AGC-001,PRD-003,1933994000,23,0.78,0.53
OBJ-02404,2025,2,AGC-001,PRD-004,1266754000,41,0.72,0.59
OBJ-02405,2025,2,AGC-001,PRD-005,711021000,45,0.62,0.54
OBJ-02406,2025,2,AGC-001,PRD-006,1254486000,50,0.68,0.64
OBJ-02407,2025,2,AGC-001,PRD-007,4090890000,45,0.7,0.61
OBJ-02408,2025,2,AGC-001,PRD-008,3965980000,45,0.74,0.59
OBJ-02409,2025,2,AGC-002,PRD-001,1192363000,47,0.61,0.44
OBJ-02410,2025,2,AGC-002,PRD-002,1281853000,39,0.67,0.62
OBJ-02411,2025,2,AGC-002,PRD-003,2031315000,41,0.79,0.41
OBJ-02412,2025,2,AGC-002,PRD-004,1976025000,23,0.65,0.42
OBJ-02413,2025,2,AGC-002,PRD-005,552610000,34,0.68,0.64
OBJ-02414,2025,2,AGC-002,PRD-006,1151267000,38,0.72,0.5
OBJ-02415,2025,2,AGC-002,PRD-007,4053988000,20,0.69,0.48
OBJ-02416,2025,2,AGC-002,PRD-008,2390343000,20,0.7,0.54
OBJ-02417,2025,2,AGC-003,PRD-001,1016804000,17,0.62,0.45
OBJ-02418,2025,2,AGC-003,PRD-002,1808968000,26,0.79,0.52
OBJ-02419,2025,2,AGC-003,PRD-003,2060271000,47,0.78,0.63
OBJ-02420,2025,2,AGC-003,PRD-004,1147913000,18,0.76,0.61
OBJ-02421,2025,2,AGC-003,PRD-005,882910000,43,0.74,0.42
OBJ-02422,2025,2,AGC-003,PRD-006,1484706000,45,0.73,0.42
OBJ-02423,2025,2,AGC-003,PRD-007,2968561000,20,0.63,0.5
OBJ-02424,2025,2,AGC-003,PRD-008,4250279000,20,0.74,0.59
OBJ-02425,2025,2,AGC-004,PRD-001,313391000,8,0.79,0.58
OBJ-02426,2025,2,AGC-004,PRD-002,341034000,9,0.64,0.53
OBJ-02427,2025,2,AGC-004,PRD-003,379401000,15,0.71,0.45
OBJ-02428,2025,2,AGC-004,PRD-004,353428000,17,0.78,0.63
OBJ-02429,2025,2,AGC-004,PRD-005,140481000,11,0.8,0.57
OBJ-02430,2025,2,AGC-004,PRD-006,266535000,11,0.79,0.52
OBJ-02431,2025,2,AGC-004,PRD-007,1465476000,4,0.65,0.61
OBJ-02432,2025,2,AGC-004,PRD-008,1608842000,18,0.72,0.42
OBJ-02433,2025,2,AGC-005,PRD-001,475145000,8,0.63,0.62
OBJ-02434,2025,2,AGC-005,PRD-002,514003000,13,0.69,0.49
OBJ-02435,2025,2,AGC-005,PRD-003,385443000,6,0.68,0.53
OBJ-02436,2025,2,AGC-005,PRD-004,479768000,10,0.69,0.42
OBJ-02437,2025,2,AGC-005,PRD-005,249264000,12,0.79,0.5
OBJ-02438,2025,2,AGC-005,PRD-006,303104000,12,0.62,0.47
OBJ-02439,2025,2,AGC-005,PRD-007,1191159000,17,0.63,0.44
OBJ-02440,2025,2,AGC-005,PRD-008,1001996000,16,0.78,0.51
OBJ-02441,2025,2,AGC-006,PRD-001,285947000,5,0.75,0.54
OBJ-02442,2025,2,AGC-006,PRD-002,317856000,10,0.76,0.49
OBJ-02443,2025,2,AGC-006,PRD-003,363327000,4,0.68,0.51
OBJ-02444,2025,2,AGC-006,PRD-004,522624000,16,0.64,0.62
OBJ-02445,2025,2,AGC-006,PRD-005,220297000,18,0.66,0.52
OBJ-02446,2025,2,AGC-006,PRD-006,446412000,9,0.79,0.53
OBJ-02447,2025,2,AGC-006,PRD-007,806628000,18,0.67,0.63
OBJ-02448,2025,2,AGC-006,PRD-008,839188000,11,0.73,0.52
OBJ-02449,2025,2,AGC-007,PRD-001,314910000,18,0.79,0.59
OBJ-02450,2025,2,AGC-007,PRD-002,648400000,9,0.62,0.53
OBJ-02451,2025,2,AGC-007,PRD-003,531727000,11,0.61,0.42
OBJ-02452,2025,2,AGC-007,PRD-004,588518000,8,0.71,0.49
OBJ-02453,2025,2,AGC-007,PRD-005,210967000,14,0.8,0.57
OBJ-02454,2025,2,AGC-007,PRD-006,377734000,9,0.68,0.58
OBJ-02455,2025,2,AGC-007,PRD-007,773159000,5,0.67,0.47
OBJ-02456,2025,2,AGC-007,PRD-008,678145000,9,0.71,0.45
OBJ-02457,2025,2,AGC-008,PRD-001,349345000,6,0.74,0.49
OBJ-02458,2025,2,AGC-008,PRD-002,355867000,12,0.68,0.63
OBJ-02459,2025,2,AGC-008,PRD-003,660375000,12,0.62,0.51
OBJ-02460,2025,2,AGC-008,PRD-004,392109000,5,0.65,0.46
OBJ-02461,2025,2,AGC-008,PRD-005,314375000,17,0.76,0.41
OBJ-02462,2025,2,AGC-008,PRD-006,346094000,4,0.79,0.53
OBJ-02463,2025,2,AGC-008,PRD-007,1466601000,7,0.69,0.43
OBJ-02464,2025,2,AGC-008,PRD-008,986336000,12,0.72,0.52
OBJ-02465,2025,2,AGC-009,PRD-001,299083000,14,0.65,0.52
OBJ-02466,2025,2,AGC-009,PRD-002,591680000,12,0.75,0.57
OBJ-02467,2025,2,AGC-009,PRD-003,394558000,14,0.61,0.57
OBJ-02468,2025,2,AGC-009,PRD-004,256117000,16,0.63,0.64
OBJ-02469,2025,2,AGC-009,PRD-005,167030000,8,0.6,0.49
OBJ-02470,2025,2,AGC-009,PRD-006,672444000,16,0.65,0.42
OBJ-02471,2025,2,AGC-009,PRD-007,984988000,16,0.71,0.59
OBJ-02472,2025,2,AGC-009,PRD-008,1448869000,5,0.73,0.42
OBJ-02473,2025,2,AGC-010,PRD-001,535474000,13,0.8,0.57
OBJ-02474,2025,2,AGC-010,PRD-002,642828000,17,0.63,0.47
OBJ-02475,2025,2,AGC-010,PRD-003,633271000,16,0.78,0.62
OBJ-02476,2025,2,AGC-010,PRD-004,397297000,6,0.79,0.57
OBJ-02477,2025,2,AGC-010,PRD-005,249150000,18,0.78,0.46
OBJ-02478,2025,2,AGC-010,PRD-006,574817000,9,0.62,0.41
OBJ-02479,2025,2,AGC-010,PRD-007,591687000,18,0.63,0.59
OBJ-02480,2025,2,AGC-010,PRD-008,770267000,16,0.64,0.45
OBJ-02481,2025,2,AGC-011,PRD-001,261758000,11,0.7,0.47
OBJ-02482,2025,2,AGC-011,PRD-002,349580000,10,0.73,0.64
OBJ-02483,2025,2,AGC-011,PRD-003,392743000,6,0.78,0.48
OBJ-02484,2025,2,AGC-011,PRD-004,354840000,18,0.79,0.53
OBJ-02485,2025,2,AGC-011,PRD-005,219474000,9,0.74,0.64
OBJ-02486,2025,2,AGC-011,PRD-006,656660000,9,0.78,0.62
OBJ-02487,2025,2,AGC-011,PRD-007,1444370000,16,0.69,0.57
OBJ-02488,2025,2,AGC-011,PRD-008,1511431000,13,0.69,0.44
OBJ-02489,2025,2,AGC-012,PRD-001,384764000,12,0.77,0.51
OBJ-02490,2025,2,AGC-012,PRD-002,426489000,6,0.71,0.51
OBJ-02491,2025,2,AGC-012,PRD-003,401281000,14,0.63,0.44
OBJ-02492,2025,2,AGC-012,PRD-004,432902000,5,0.77,0.58
OBJ-02493,2025,2,AGC-012,PRD-005,228916000,7,0.78,0.59
OBJ-02494,2025,2,AGC-012,PRD-006,707217000,13,0.74,0.65
OBJ-02495,2025,2,AGC-012,PRD-007,1354365000,11,0.67,0.5
OBJ-02496,2025,2,AGC-012,PRD-008,809315000,17,0.62,0.4
OBJ-02497,2025,3,AGC-001,PRD-001,2101509000,46,0.65,0.48
OBJ-02498,2025,3,AGC-001,PRD-002,1876376000,19,0.61,0.6
OBJ-02499,2025,3,AGC-001,PRD-003,1694340000,18,0.63,0.52
OBJ-02500,2025,3,AGC-001,PRD-004,1411715000,41,0.7,0.61
OBJ-02501,2025,3,AGC-001,PRD-005,968767000,15,0.78,0.52
OBJ-02502,2025,3,AGC-001,PRD-006,1784908000,45,0.61,0.59
OBJ-02503,2025,3,AGC-001,PRD-007,3192102000,45,0.78,0.46
OBJ-02504,2025,3,AGC-001,PRD-008,3502947000,35,0.77,0.63
OBJ-02505,2025,3,AGC-002,PRD-001,1766779000,32,0.75,0.56
OBJ-02506,2025,3,AGC-002,PRD-002,1121665000,28,0.76,0.56
OBJ-02507,2025,3,AGC-002,PRD-003,1912515000,29,0.62,0.47
OBJ-02508,2025,3,AGC-002,PRD-004,1366253000,43,0.66,0.45
OBJ-02509,2025,3,AGC-002,PRD-005,755935000,18,0.79,0.52
OBJ-02510,2025,3,AGC-002,PRD-006,1648156000,27,0.8,0.52
OBJ-02511,2025,3,AGC-002,PRD-007,3707665000,16,0.74,0.54
OBJ-02512,2025,3,AGC-002,PRD-008,4006970000,44,0.71,0.58
OBJ-02513,2025,3,AGC-003,PRD-001,1950821000,23,0.76,0.5
OBJ-02514,2025,3,AGC-003,PRD-002,1847165000,18,0.71,0.48
OBJ-02515,2025,3,AGC-003,PRD-003,1994565000,29,0.73,0.6
OBJ-02516,2025,3,AGC-003,PRD-004,988584000,16,0.67,0.46
OBJ-02517,2025,3,AGC-003,PRD-005,711385000,43,0.74,0.4
OBJ-02518,2025,3,AGC-003,PRD-006,1007488000,31,0.77,0.44
OBJ-02519,2025,3,AGC-003,PRD-007,5107171000,25,0.65,0.61
OBJ-02520,2025,3,AGC-003,PRD-008,4444226000,42,0.77,0.51
OBJ-02521,2025,3,AGC-004,PRD-001,502200000,4,0.76,0.61
OBJ-02522,2025,3,AGC-004,PRD-002,492514000,8,0.61,0.49
OBJ-02523,2025,3,AGC-004,PRD-003,478703000,6,0.69,0.54
OBJ-02524,2025,3,AGC-004,PRD-004,686060000,10,0.68,0.53
OBJ-02525,2025,3,AGC-004,PRD-005,119409000,7,0.64,0.45
OBJ-02526,2025,3,AGC-004,PRD-006,534668000,9,0.71,0.51
OBJ-02527,2025,3,AGC-004,PRD-007,665441000,11,0.69,0.51
OBJ-02528,2025,3,AGC-004,PRD-008,1642809000,9,0.71,0.64
OBJ-02529,2025,3,AGC-005,PRD-001,365658000,14,0.74,0.42
OBJ-02530,2025,3,AGC-005,PRD-002,608720000,11,0.7,0.64
OBJ-02531,2025,3,AGC-005,PRD-003,332514000,13,0.69,0.47
OBJ-02532,2025,3,AGC-005,PRD-004,658640000,13,0.73,0.55
OBJ-02533,2025,3,AGC-005,PRD-005,277976000,16,0.74,0.56
OBJ-02534,2025,3,AGC-005,PRD-006,494535000,5,0.77,0.43
OBJ-02535,2025,3,AGC-005,PRD-007,914182000,13,0.67,0.47
OBJ-02536,2025,3,AGC-005,PRD-008,1044042000,4,0.66,0.62
OBJ-02537,2025,3,AGC-006,PRD-001,662423000,5,0.68,0.65
OBJ-02538,2025,3,AGC-006,PRD-002,352981000,9,0.79,0.65
OBJ-02539,2025,3,AGC-006,PRD-003,685766000,12,0.61,0.6
OBJ-02540,2025,3,AGC-006,PRD-004,281401000,16,0.7,0.57
OBJ-02541,2025,3,AGC-006,PRD-005,244949000,13,0.7,0.63
OBJ-02542,2025,3,AGC-006,PRD-006,330550000,16,0.71,0.64
OBJ-02543,2025,3,AGC-006,PRD-007,1312530000,16,0.64,0.41
OBJ-02544,2025,3,AGC-006,PRD-008,756908000,16,0.62,0.57
OBJ-02545,2025,3,AGC-007,PRD-001,460105000,7,0.67,0.64
OBJ-02546,2025,3,AGC-007,PRD-002,624763000,13,0.67,0.48
OBJ-02547,2025,3,AGC-007,PRD-003,274722000,4,0.61,0.61
OBJ-02548,2025,3,AGC-007,PRD-004,595093000,10,0.64,0.53
OBJ-02549,2025,3,AGC-007,PRD-005,128039000,13,0.71,0.56
OBJ-02550,2025,3,AGC-007,PRD-006,390039000,7,0.75,0.63
OBJ-02551,2025,3,AGC-007,PRD-007,1207599000,16,0.79,0.55
OBJ-02552,2025,3,AGC-007,PRD-008,1306831000,7,0.76,0.48
OBJ-02553,2025,3,AGC-008,PRD-001,293857000,4,0.78,0.53
OBJ-02554,2025,3,AGC-008,PRD-002,243077000,10,0.62,0.55
OBJ-02555,2025,3,AGC-008,PRD-003,553242000,16,0.74,0.45
OBJ-02556,2025,3,AGC-008,PRD-004,315016000,13,0.64,0.47
OBJ-02557,2025,3,AGC-008,PRD-005,205941000,17,0.62,0.6
OBJ-02558,2025,3,AGC-008,PRD-006,627341000,6,0.65,0.53
OBJ-02559,2025,3,AGC-008,PRD-007,830770000,6,0.8,0.52
OBJ-02560,2025,3,AGC-008,PRD-008,1141969000,14,0.8,0.58
OBJ-02561,2025,3,AGC-009,PRD-001,437920000,5,0.67,0.56
OBJ-02562,2025,3,AGC-009,PRD-002,560990000,17,0.67,0.54
OBJ-02563,2025,3,AGC-009,PRD-003,603337000,9,0.72,0.51
OBJ-02564,2025,3,AGC-009,PRD-004,295189000,5,0.72,0.64
OBJ-02565,2025,3,AGC-009,PRD-005,247715000,14,0.79,0.6
OBJ-02566,2025,3,AGC-009,PRD-006,255580000,6,0.62,0.45
OBJ-02567,2025,3,AGC-009,PRD-007,1260087000,12,0.68,0.63
OBJ-02568,2025,3,AGC-009,PRD-008,1594509000,18,0.73,0.64
OBJ-02569,2025,3,AGC-010,PRD-001,695084000,15,0.71,0.54
OBJ-02570,2025,3,AGC-010,PRD-002,693828000,13,0.7,0.48
OBJ-02571,2025,3,AGC-010,PRD-003,705116000,11,0.79,0.43
OBJ-02572,2025,3,AGC-010,PRD-004,604064000,14,0.79,0.62
OBJ-02573,2025,3,AGC-010,PRD-005,206900000,6,0.66,0.53
OBJ-02574,2025,3,AGC-010,PRD-006,346890000,11,0.66,0.43
OBJ-02575,2025,3,AGC-010,PRD-007,1427805000,5,0.68,0.48
OBJ-02576,2025,3,AGC-010,PRD-008,960481000,7,0.73,0.45
OBJ-02577,2025,3,AGC-011,PRD-001,620723000,4,0.61,0.41
OBJ-02578,2025,3,AGC-011,PRD-002,346230000,13,0.72,0.58
OBJ-02579,2025,3,AGC-011,PRD-003,288618000,17,0.75,0.55
OBJ-02580,2025,3,AGC-011,PRD-004,400292000,5,0.6,0.62
OBJ-02581,2025,3,AGC-011,PRD-005,134715000,10,0.65,0.43
OBJ-02582,2025,3,AGC-011,PRD-006,531458000,17,0.68,0.45
OBJ-02583,2025,3,AGC-011,PRD-007,668188000,15,0.72,0.5
OBJ-02584,2025,3,AGC-011,PRD-008,1196100000,5,0.77,0.58
OBJ-02585,2025,3,AGC-012,PRD-001,283300000,9,0.71,0.49
OBJ-02586,2025,3,AGC-012,PRD-002,260630000,12,0.72,0.62
OBJ-02587,2025,3,AGC-012,PRD-003,530985000,8,0.68,0.42
OBJ-02588,2025,3,AGC-012,PRD-004,702613000,13,0.66,0.59
OBJ-02589,2025,3,AGC-012,PRD-005,322572000,15,0.64,0.51
OBJ-02590,2025,3,AGC-012,PRD-006,302402000,13,0.6,0.64
OBJ-02591,2025,3,AGC-012,PRD-007,708231000,15,0.68,0.48
OBJ-02592,2025,3,AGC-012,PRD-008,945368000,12,0.66,0.43
OBJ-02593,2025,4,AGC-001,PRD-001,1763715000,23,0.69,0.44
OBJ-02594,2025,4,AGC-001,PRD-002,1927050000,41,0.64,0.52
OBJ-02595,2025,4,AGC-001,PRD-003,1916684000,41,0.8,0.47
OBJ-02596,2025,4,AGC-001,PRD-004,1657896000,39,0.76,0.61
OBJ-02597,2025,4,AGC-001,PRD-005,746602000,28,0.78,0.61
OBJ-02598,2025,4,AGC-001,PRD-006,1842183000,28,0.67,0.43
OBJ-02599,2025,4,AGC-001,PRD-007,4997167000,25,0.69,0.51
OBJ-02600,2025,4,AGC-001,PRD-008,5124470000,48,0.77,0.52
OBJ-02601,2025,4,AGC-002,PRD-001,1445333000,41,0.78,0.6
OBJ-02602,2025,4,AGC-002,PRD-002,1003037000,41,0.8,0.62
OBJ-02603,2025,4,AGC-002,PRD-003,1393733000,25,0.73,0.56
OBJ-02604,2025,4,AGC-002,PRD-004,1281796000,33,0.72,0.58
OBJ-02605,2025,4,AGC-002,PRD-005,515922000,43,0.8,0.47
OBJ-02606,2025,4,AGC-002,PRD-006,1320884000,30,0.64,0.46
OBJ-02607,2025,4,AGC-002,PRD-007,3173847000,49,0.78,0.54
OBJ-02608,2025,4,AGC-002,PRD-008,3862517000,41,0.61,0.62
OBJ-02609,2025,4,AGC-003,PRD-001,1777318000,35,0.72,0.61
OBJ-02610,2025,4,AGC-003,PRD-002,1999814000,24,0.79,0.63
OBJ-02611,2025,4,AGC-003,PRD-003,2122980000,17,0.75,0.55
OBJ-02612,2025,4,AGC-003,PRD-004,993054000,50,0.69,0.43
OBJ-02613,2025,4,AGC-003,PRD-005,606254000,20,0.75,0.52
OBJ-02614,2025,4,AGC-003,PRD-006,2093384000,47,0.67,0.63
OBJ-02615,2025,4,AGC-003,PRD-007,2841843000,15,0.7,0.41
OBJ-02616,2025,4,AGC-003,PRD-008,4802153000,40,0.66,0.63
OBJ-02617,2025,4,AGC-004,PRD-001,318169000,12,0.78,0.57
OBJ-02618,2025,4,AGC-004,PRD-002,360325000,10,0.7,0.52
OBJ-02619,2025,4,AGC-004,PRD-003,496086000,4,0.74,0.49
OBJ-02620,2025,4,AGC-004,PRD-004,567338000,4,0.65,0.56
OBJ-02621,2025,4,AGC-004,PRD-005,311233000,16,0.78,0.63
OBJ-02622,2025,4,AGC-004,PRD-006,666843000,18,0.62,0.64
OBJ-02623,2025,4,AGC-004,PRD-007,1271286000,18,0.72,0.52
OBJ-02624,2025,4,AGC-004,PRD-008,598476000,8,0.66,0.65
OBJ-02625,2025,4,AGC-005,PRD-001,636753000,15,0.64,0.41
OBJ-02626,2025,4,AGC-005,PRD-002,550979000,6,0.79,0.64
OBJ-02627,2025,4,AGC-005,PRD-003,655589000,12,0.61,0.59
OBJ-02628,2025,4,AGC-005,PRD-004,581329000,6,0.74,0.58
OBJ-02629,2025,4,AGC-005,PRD-005,297456000,12,0.61,0.59
OBJ-02630,2025,4,AGC-005,PRD-006,574990000,15,0.7,0.57
OBJ-02631,2025,4,AGC-005,PRD-007,1505342000,9,0.65,0.51
OBJ-02632,2025,4,AGC-005,PRD-008,1297349000,15,0.78,0.56
OBJ-02633,2025,4,AGC-006,PRD-001,252146000,8,0.78,0.6
OBJ-02634,2025,4,AGC-006,PRD-002,451048000,17,0.61,0.58
OBJ-02635,2025,4,AGC-006,PRD-003,575546000,18,0.74,0.52
OBJ-02636,2025,4,AGC-006,PRD-004,432660000,13,0.79,0.53
OBJ-02637,2025,4,AGC-006,PRD-005,130902000,4,0.79,0.62
OBJ-02638,2025,4,AGC-006,PRD-006,425616000,6,0.67,0.53
OBJ-02639,2025,4,AGC-006,PRD-007,1279332000,14,0.7,0.41
OBJ-02640,2025,4,AGC-006,PRD-008,1671106000,9,0.67,0.52
OBJ-02641,2025,4,AGC-007,PRD-001,559025000,12,0.65,0.55
OBJ-02642,2025,4,AGC-007,PRD-002,470201000,14,0.75,0.41
OBJ-02643,2025,4,AGC-007,PRD-003,702245000,16,0.79,0.62
OBJ-02644,2025,4,AGC-007,PRD-004,300326000,12,0.62,0.55
OBJ-02645,2025,4,AGC-007,PRD-005,344166000,16,0.78,0.62
OBJ-02646,2025,4,AGC-007,PRD-006,371613000,9,0.79,0.61
OBJ-02647,2025,4,AGC-007,PRD-007,858052000,10,0.75,0.44
OBJ-02648,2025,4,AGC-007,PRD-008,1429154000,17,0.7,0.63
OBJ-02649,2025,4,AGC-008,PRD-001,258346000,18,0.66,0.55
OBJ-02650,2025,4,AGC-008,PRD-002,376690000,4,0.75,0.63
OBJ-02651,2025,4,AGC-008,PRD-003,519584000,15,0.69,0.64
OBJ-02652,2025,4,AGC-008,PRD-004,305647000,4,0.71,0.54
OBJ-02653,2025,4,AGC-008,PRD-005,195550000,4,0.67,0.49
OBJ-02654,2025,4,AGC-008,PRD-006,406974000,5,0.6,0.45
OBJ-02655,2025,4,AGC-008,PRD-007,1243873000,13,0.72,0.5
OBJ-02656,2025,4,AGC-008,PRD-008,837362000,5,0.78,0.6
OBJ-02657,2025,4,AGC-009,PRD-001,365567000,13,0.64,0.53
OBJ-02658,2025,4,AGC-009,PRD-002,311966000,10,0.67,0.46
OBJ-02659,2025,4,AGC-009,PRD-003,319692000,14,0.65,0.44
OBJ-02660,2025,4,AGC-009,PRD-004,410260000,18,0.79,0.56
OBJ-02661,2025,4,AGC-009,PRD-005,166382000,12,0.74,0.48
OBJ-02662,2025,4,AGC-009,PRD-006,241849000,10,0.66,0.45
OBJ-02663,2025,4,AGC-009,PRD-007,1454418000,8,0.8,0.44
OBJ-02664,2025,4,AGC-009,PRD-008,1063288000,11,0.74,0.55
OBJ-02665,2025,4,AGC-010,PRD-001,623429000,18,0.73,0.47
OBJ-02666,2025,4,AGC-010,PRD-002,618074000,11,0.64,0.63
OBJ-02667,2025,4,AGC-010,PRD-003,304281000,12,0.71,0.63
OBJ-02668,2025,4,AGC-010,PRD-004,350177000,18,0.7,0.45
OBJ-02669,2025,4,AGC-010,PRD-005,161986000,7,0.75,0.62
OBJ-02670,2025,4,AGC-010,PRD-006,300933000,13,0.67,0.44
OBJ-02671,2025,4,AGC-010,PRD-007,1690869000,9,0.65,0.6
OBJ-02672,2025,4,AGC-010,PRD-008,1596374000,12,0.78,0.54
OBJ-02673,2025,4,AGC-011,PRD-001,620531000,11,0.61,0.51
OBJ-02674,2025,4,AGC-011,PRD-002,480131000,11,0.8,0.41
OBJ-02675,2025,4,AGC-011,PRD-003,628715000,4,0.74,0.43
OBJ-02676,2025,4,AGC-011,PRD-004,406064000,7,0.66,0.59
OBJ-02677,2025,4,AGC-011,PRD-005,332135000,14,0.65,0.42
OBJ-02678,2025,4,AGC-011,PRD-006,251833000,12,0.63,0.45
OBJ-02679,2025,4,AGC-011,PRD-007,702222000,5,0.62,0.48
OBJ-02680,2025,4,AGC-011,PRD-008,1411859000,6,0.75,0.62
OBJ-02681,2025,4,AGC-012,PRD-001,422994000,14,0.73,0.53
OBJ-02682,2025,4,AGC-012,PRD-002,645278000,5,0.73,0.47
OBJ-02683,2025,4,AGC-012,PRD-003,495475000,7,0.67,0.6
OBJ-02684,2025,4,AGC-012,PRD-004,454196000,11,0.7,0.47
OBJ-02685,2025,4,AGC-012,PRD-005,145548000,8,0.67,0.6
OBJ-02686,2025,4,AGC-012,PRD-006,698410000,11,0.66,0.46
OBJ-02687,2025,4,AGC-012,PRD-007,1135580000,12,0.78,0.53
OBJ-02688,2025,4,AGC-012,PRD-008,1606195000,9,0.7,0.52
OBJ-02689,2025,5,AGC-001,PRD-001,1042845000,39,0.76,0.6
OBJ-02690,2025,5,AGC-001,PRD-002,1229629000,34,0.78,0.47
OBJ-02691,2025,5,AGC-001,PRD-003,1525925000,50,0.69,0.45
OBJ-02692,2025,5,AGC-001,PRD-004,1918504000,20,0.71,0.62
OBJ-02693,2025,5,AGC-001,PRD-005,756192000,38,0.65,0.64
OBJ-02694,2025,5,AGC-001,PRD-006,1847794000,33,0.77,0.45
OBJ-02695,2025,5,AGC-001,PRD-007,4990931000,18,0.77,0.47
OBJ-02696,2025,5,AGC-001,PRD-008,5082175000,46,0.77,0.45
OBJ-02697,2025,5,AGC-002,PRD-001,1265282000,28,0.79,0.5
OBJ-02698,2025,5,AGC-002,PRD-002,1135176000,41,0.62,0.57
OBJ-02699,2025,5,AGC-002,PRD-003,1610909000,25,0.78,0.57
OBJ-02700,2025,5,AGC-002,PRD-004,1533972000,29,0.61,0.57
OBJ-02701,2025,5,AGC-002,PRD-005,500660000,31,0.69,0.52
OBJ-02702,2025,5,AGC-002,PRD-006,1019694000,43,0.66,0.6
OBJ-02703,2025,5,AGC-002,PRD-007,2749267000,31,0.77,0.52
OBJ-02704,2025,5,AGC-002,PRD-008,5191421000,35,0.61,0.57
OBJ-02705,2025,5,AGC-003,PRD-001,1763038000,21,0.74,0.48
OBJ-02706,2025,5,AGC-003,PRD-002,1396247000,30,0.61,0.54
OBJ-02707,2025,5,AGC-003,PRD-003,1555727000,19,0.72,0.51
OBJ-02708,2025,5,AGC-003,PRD-004,1977789000,20,0.68,0.46
OBJ-02709,2025,5,AGC-003,PRD-005,1018651000,43,0.71,0.62
OBJ-02710,2025,5,AGC-003,PRD-006,1637218000,34,0.75,0.63
OBJ-02711,2025,5,AGC-003,PRD-007,4300009000,44,0.75,0.49
OBJ-02712,2025,5,AGC-003,PRD-008,5089947000,20,0.75,0.58
OBJ-02713,2025,5,AGC-004,PRD-001,249690000,12,0.71,0.57
OBJ-02714,2025,5,AGC-004,PRD-002,701246000,11,0.78,0.54
OBJ-02715,2025,5,AGC-004,PRD-003,460945000,15,0.79,0.48
OBJ-02716,2025,5,AGC-004,PRD-004,341951000,4,0.7,0.64
OBJ-02717,2025,5,AGC-004,PRD-005,212386000,15,0.76,0.62
OBJ-02718,2025,5,AGC-004,PRD-006,668986000,5,0.65,0.6
OBJ-02719,2025,5,AGC-004,PRD-007,1699648000,18,0.73,0.58
OBJ-02720,2025,5,AGC-004,PRD-008,761889000,18,0.72,0.47
OBJ-02721,2025,5,AGC-005,PRD-001,517841000,5,0.7,0.57
OBJ-02722,2025,5,AGC-005,PRD-002,379573000,4,0.7,0.59
OBJ-02723,2025,5,AGC-005,PRD-003,633560000,10,0.64,0.44
OBJ-02724,2025,5,AGC-005,PRD-004,626352000,14,0.64,0.42
OBJ-02725,2025,5,AGC-005,PRD-005,230631000,5,0.65,0.47
OBJ-02726,2025,5,AGC-005,PRD-006,262104000,5,0.69,0.55
OBJ-02727,2025,5,AGC-005,PRD-007,1659830000,11,0.62,0.56
OBJ-02728,2025,5,AGC-005,PRD-008,1275929000,8,0.62,0.48
OBJ-02729,2025,5,AGC-006,PRD-001,706148000,18,0.76,0.59
OBJ-02730,2025,5,AGC-006,PRD-002,406231000,5,0.7,0.63
OBJ-02731,2025,5,AGC-006,PRD-003,247446000,12,0.78,0.57
OBJ-02732,2025,5,AGC-006,PRD-004,488597000,8,0.71,0.57
OBJ-02733,2025,5,AGC-006,PRD-005,267967000,7,0.78,0.52
OBJ-02734,2025,5,AGC-006,PRD-006,591603000,16,0.68,0.43
OBJ-02735,2025,5,AGC-006,PRD-007,1500901000,7,0.79,0.56
OBJ-02736,2025,5,AGC-006,PRD-008,1694110000,6,0.67,0.57
OBJ-02737,2025,5,AGC-007,PRD-001,421930000,14,0.69,0.64
OBJ-02738,2025,5,AGC-007,PRD-002,413834000,16,0.68,0.51
OBJ-02739,2025,5,AGC-007,PRD-003,639339000,11,0.64,0.61
OBJ-02740,2025,5,AGC-007,PRD-004,639656000,11,0.79,0.56
OBJ-02741,2025,5,AGC-007,PRD-005,332543000,5,0.67,0.51
OBJ-02742,2025,5,AGC-007,PRD-006,574929000,14,0.69,0.54
OBJ-02743,2025,5,AGC-007,PRD-007,957396000,4,0.68,0.6
OBJ-02744,2025,5,AGC-007,PRD-008,1443616000,16,0.78,0.58
OBJ-02745,2025,5,AGC-008,PRD-001,287814000,13,0.64,0.55
OBJ-02746,2025,5,AGC-008,PRD-002,356136000,12,0.63,0.51
OBJ-02747,2025,5,AGC-008,PRD-003,473183000,9,0.75,0.62
OBJ-02748,2025,5,AGC-008,PRD-004,344107000,16,0.8,0.48
OBJ-02749,2025,5,AGC-008,PRD-005,271454000,18,0.71,0.53
OBJ-02750,2025,5,AGC-008,PRD-006,550672000,4,0.78,0.43
OBJ-02751,2025,5,AGC-008,PRD-007,695980000,6,0.78,0.64
OBJ-02752,2025,5,AGC-008,PRD-008,995219000,16,0.68,0.6
OBJ-02753,2025,5,AGC-009,PRD-001,433269000,5,0.75,0.59
OBJ-02754,2025,5,AGC-009,PRD-002,652856000,10,0.68,0.56
OBJ-02755,2025,5,AGC-009,PRD-003,405644000,9,0.71,0.53
OBJ-02756,2025,5,AGC-009,PRD-004,695973000,4,0.7,0.42
OBJ-02757,2025,5,AGC-009,PRD-005,302914000,13,0.77,0.57
OBJ-02758,2025,5,AGC-009,PRD-006,671318000,9,0.65,0.59
OBJ-02759,2025,5,AGC-009,PRD-007,821302000,12,0.72,0.47
OBJ-02760,2025,5,AGC-009,PRD-008,1762160000,8,0.7,0.63
OBJ-02761,2025,5,AGC-010,PRD-001,610879000,10,0.62,0.63
OBJ-02762,2025,5,AGC-010,PRD-002,658143000,11,0.62,0.58
OBJ-02763,2025,5,AGC-010,PRD-003,624730000,10,0.61,0.54
OBJ-02764,2025,5,AGC-010,PRD-004,563667000,13,0.63,0.51
OBJ-02765,2025,5,AGC-010,PRD-005,349024000,6,0.74,0.58
OBJ-02766,2025,5,AGC-010,PRD-006,317969000,15,0.76,0.63
OBJ-02767,2025,5,AGC-010,PRD-007,1030279000,5,0.79,0.5
OBJ-02768,2025,5,AGC-010,PRD-008,1232258000,18,0.69,0.64
OBJ-02769,2025,5,AGC-011,PRD-001,655884000,14,0.69,0.58
OBJ-02770,2025,5,AGC-011,PRD-002,442872000,10,0.61,0.64
OBJ-02771,2025,5,AGC-011,PRD-003,340476000,5,0.69,0.63
OBJ-02772,2025,5,AGC-011,PRD-004,501330000,6,0.69,0.65
OBJ-02773,2025,5,AGC-011,PRD-005,183407000,7,0.76,0.45
OBJ-02774,2025,5,AGC-011,PRD-006,392095000,5,0.63,0.61
OBJ-02775,2025,5,AGC-011,PRD-007,1743863000,11,0.8,0.61
OBJ-02776,2025,5,AGC-011,PRD-008,1377428000,15,0.76,0.6
OBJ-02777,2025,5,AGC-012,PRD-001,600666000,17,0.71,0.65
OBJ-02778,2025,5,AGC-012,PRD-002,248631000,16,0.6,0.62
OBJ-02779,2025,5,AGC-012,PRD-003,428950000,15,0.73,0.53
OBJ-02780,2025,5,AGC-012,PRD-004,412327000,12,0.67,0.49
OBJ-02781,2025,5,AGC-012,PRD-005,310869000,10,0.72,0.6
OBJ-02782,2025,5,AGC-012,PRD-006,301244000,7,0.77,0.44
OBJ-02783,2025,5,AGC-012,PRD-007,691822000,6,0.66,0.49
OBJ-02784,2025,5,AGC-012,PRD-008,898816000,18,0.73,0.55
OBJ-02785,2025,6,AGC-001,PRD-001,975228000,27,0.63,0.45
OBJ-02786,2025,6,AGC-001,PRD-002,1080658000,34,0.66,0.61
OBJ-02787,2025,6,AGC-001,PRD-003,1791942000,15,0.67,0.63
OBJ-02788,2025,6,AGC-001,PRD-004,1583369000,36,0.75,0.58
OBJ-02789,2025,6,AGC-001,PRD-005,756039000,45,0.7,0.6
OBJ-02790,2025,6,AGC-001,PRD-006,1223291000,33,0.61,0.47
OBJ-02791,2025,6,AGC-001,PRD-007,4575042000,41,0.79,0.49
OBJ-02792,2025,6,AGC-001,PRD-008,3266993000,42,0.76,0.56
OBJ-02793,2025,6,AGC-002,PRD-001,1255550000,47,0.63,0.53
OBJ-02794,2025,6,AGC-002,PRD-002,1234879000,25,0.68,0.53
OBJ-02795,2025,6,AGC-002,PRD-003,1638718000,39,0.68,0.57
OBJ-02796,2025,6,AGC-002,PRD-004,1396804000,25,0.73,0.42
OBJ-02797,2025,6,AGC-002,PRD-005,752982000,43,0.68,0.47
OBJ-02798,2025,6,AGC-002,PRD-006,1438084000,25,0.76,0.59
OBJ-02799,2025,6,AGC-002,PRD-007,2481753000,27,0.67,0.57
OBJ-02800,2025,6,AGC-002,PRD-008,2555325000,31,0.65,0.5
OBJ-02801,2025,6,AGC-003,PRD-001,1567086000,49,0.72,0.6
OBJ-02802,2025,6,AGC-003,PRD-002,1005995000,18,0.65,0.61
OBJ-02803,2025,6,AGC-003,PRD-003,1547018000,41,0.77,0.5
OBJ-02804,2025,6,AGC-003,PRD-004,1406670000,43,0.71,0.64
OBJ-02805,2025,6,AGC-003,PRD-005,780220000,41,0.62,0.49
OBJ-02806,2025,6,AGC-003,PRD-006,1648803000,24,0.71,0.54
OBJ-02807,2025,6,AGC-003,PRD-007,5102933000,50,0.76,0.64
OBJ-02808,2025,6,AGC-003,PRD-008,5205132000,24,0.71,0.4
OBJ-02809,2025,6,AGC-004,PRD-001,520845000,17,0.62,0.56
OBJ-02810,2025,6,AGC-004,PRD-002,652850000,12,0.63,0.43
OBJ-02811,2025,6,AGC-004,PRD-003,457210000,10,0.76,0.48
OBJ-02812,2025,6,AGC-004,PRD-004,582885000,10,0.71,0.44
OBJ-02813,2025,6,AGC-004,PRD-005,252423000,7,0.66,0.62
OBJ-02814,2025,6,AGC-004,PRD-006,409639000,14,0.62,0.42
OBJ-02815,2025,6,AGC-004,PRD-007,960307000,10,0.65,0.57
OBJ-02816,2025,6,AGC-004,PRD-008,1294362000,10,0.64,0.61
OBJ-02817,2025,6,AGC-005,PRD-001,239117000,5,0.78,0.46
OBJ-02818,2025,6,AGC-005,PRD-002,537485000,16,0.71,0.64
OBJ-02819,2025,6,AGC-005,PRD-003,526740000,4,0.75,0.53
OBJ-02820,2025,6,AGC-005,PRD-004,275285000,5,0.65,0.4
OBJ-02821,2025,6,AGC-005,PRD-005,247689000,17,0.78,0.54
OBJ-02822,2025,6,AGC-005,PRD-006,239294000,8,0.68,0.54
OBJ-02823,2025,6,AGC-005,PRD-007,1339462000,9,0.8,0.48
OBJ-02824,2025,6,AGC-005,PRD-008,873631000,10,0.74,0.51
OBJ-02825,2025,6,AGC-006,PRD-001,397269000,15,0.61,0.62
OBJ-02826,2025,6,AGC-006,PRD-002,463643000,11,0.6,0.59
OBJ-02827,2025,6,AGC-006,PRD-003,629490000,5,0.72,0.61
OBJ-02828,2025,6,AGC-006,PRD-004,526430000,17,0.72,0.59
OBJ-02829,2025,6,AGC-006,PRD-005,227832000,14,0.62,0.47
OBJ-02830,2025,6,AGC-006,PRD-006,659673000,7,0.78,0.54
OBJ-02831,2025,6,AGC-006,PRD-007,710623000,16,0.71,0.41
OBJ-02832,2025,6,AGC-006,PRD-008,1710225000,4,0.76,0.55
OBJ-02833,2025,6,AGC-007,PRD-001,489109000,16,0.64,0.6
OBJ-02834,2025,6,AGC-007,PRD-002,633189000,13,0.66,0.47
OBJ-02835,2025,6,AGC-007,PRD-003,446097000,7,0.63,0.44
OBJ-02836,2025,6,AGC-007,PRD-004,290884000,11,0.77,0.53
OBJ-02837,2025,6,AGC-007,PRD-005,146199000,9,0.62,0.64
OBJ-02838,2025,6,AGC-007,PRD-006,496720000,17,0.77,0.59
OBJ-02839,2025,6,AGC-007,PRD-007,1363395000,17,0.8,0.54
OBJ-02840,2025,6,AGC-007,PRD-008,887673000,17,0.62,0.45
OBJ-02841,2025,6,AGC-008,PRD-001,703204000,8,0.64,0.56
OBJ-02842,2025,6,AGC-008,PRD-002,487031000,15,0.64,0.43
OBJ-02843,2025,6,AGC-008,PRD-003,620054000,18,0.7,0.47
OBJ-02844,2025,6,AGC-008,PRD-004,359178000,13,0.79,0.61
OBJ-02845,2025,6,AGC-008,PRD-005,191006000,6,0.69,0.43
OBJ-02846,2025,6,AGC-008,PRD-006,677185000,14,0.67,0.42
OBJ-02847,2025,6,AGC-008,PRD-007,1730778000,15,0.63,0.61
OBJ-02848,2025,6,AGC-008,PRD-008,1111004000,8,0.69,0.42
OBJ-02849,2025,6,AGC-009,PRD-001,570651000,13,0.75,0.57
OBJ-02850,2025,6,AGC-009,PRD-002,457543000,6,0.61,0.5
OBJ-02851,2025,6,AGC-009,PRD-003,259423000,11,0.68,0.54
OBJ-02852,2025,6,AGC-009,PRD-004,406665000,6,0.79,0.51
OBJ-02853,2025,6,AGC-009,PRD-005,121627000,14,0.61,0.6
OBJ-02854,2025,6,AGC-009,PRD-006,571796000,17,0.71,0.47
OBJ-02855,2025,6,AGC-009,PRD-007,1703612000,16,0.76,0.51
OBJ-02856,2025,6,AGC-009,PRD-008,1478520000,10,0.63,0.53
OBJ-02857,2025,6,AGC-010,PRD-001,651548000,4,0.71,0.61
OBJ-02858,2025,6,AGC-010,PRD-002,495039000,7,0.75,0.41
OBJ-02859,2025,6,AGC-010,PRD-003,240247000,13,0.74,0.43
OBJ-02860,2025,6,AGC-010,PRD-004,583756000,10,0.71,0.58
OBJ-02861,2025,6,AGC-010,PRD-005,133848000,18,0.65,0.47
OBJ-02862,2025,6,AGC-010,PRD-006,693045000,16,0.77,0.55
OBJ-02863,2025,6,AGC-010,PRD-007,1539712000,13,0.79,0.61
OBJ-02864,2025,6,AGC-010,PRD-008,1144190000,17,0.75,0.62
OBJ-02865,2025,6,AGC-011,PRD-001,275493000,10,0.62,0.63
OBJ-02866,2025,6,AGC-011,PRD-002,473548000,5,0.68,0.53
OBJ-02867,2025,6,AGC-011,PRD-003,500921000,6,0.61,0.45
OBJ-02868,2025,6,AGC-011,PRD-004,640639000,11,0.7,0.6
OBJ-02869,2025,6,AGC-011,PRD-005,327009000,16,0.66,0.42
OBJ-02870,2025,6,AGC-011,PRD-006,277082000,4,0.71,0.54
OBJ-02871,2025,6,AGC-011,PRD-007,1205314000,16,0.66,0.58
OBJ-02872,2025,6,AGC-011,PRD-008,1163286000,11,0.67,0.63
OBJ-02873,2025,6,AGC-012,PRD-001,504143000,13,0.61,0.54
OBJ-02874,2025,6,AGC-012,PRD-002,344165000,7,0.71,0.47
OBJ-02875,2025,6,AGC-012,PRD-003,691120000,17,0.77,0.57
OBJ-02876,2025,6,AGC-012,PRD-004,637821000,15,0.65,0.52
OBJ-02877,2025,6,AGC-012,PRD-005,204357000,4,0.66,0.62
OBJ-02878,2025,6,AGC-012,PRD-006,524661000,5,0.69,0.58
OBJ-02879,2025,6,AGC-012,PRD-007,1130516000,11,0.67,0.45
OBJ-02880,2025,6,AGC-012,PRD-008,1523219000,18,0.65,0.45
OBJ-02881,2025,7,AGC-001,PRD-001,1191967000,19,0.67,0.4
OBJ-02882,2025,7,AGC-001,PRD-002,1639168000,26,0.67,0.62
OBJ-02883,2025,7,AGC-001,PRD-003,1007119000,23,0.79,0.55
OBJ-02884,2025,7,AGC-001,PRD-004,1122106000,36,0.62,0.5
OBJ-02885,2025,7,AGC-001,PRD-005,944921000,25,0.71,0.62
OBJ-02886,2025,7,AGC-001,PRD-006,1520817000,26,0.75,0.51
OBJ-02887,2025,7,AGC-001,PRD-007,3550946000,40,0.76,0.47
OBJ-02888,2025,7,AGC-001,PRD-008,4957781000,15,0.77,0.41
OBJ-02889,2025,7,AGC-002,PRD-001,1113802000,47,0.65,0.47
OBJ-02890,2025,7,AGC-002,PRD-002,1727458000,25,0.61,0.52
OBJ-02891,2025,7,AGC-002,PRD-003,1239813000,19,0.79,0.53
OBJ-02892,2025,7,AGC-002,PRD-004,1823722000,46,0.77,0.64
OBJ-02893,2025,7,AGC-002,PRD-005,809730000,15,0.67,0.45
OBJ-02894,2025,7,AGC-002,PRD-006,1569005000,49,0.66,0.42
OBJ-02895,2025,7,AGC-002,PRD-007,5115299000,40,0.8,0.44
OBJ-02896,2025,7,AGC-002,PRD-008,3292687000,34,0.67,0.63
OBJ-02897,2025,7,AGC-003,PRD-001,1428418000,32,0.74,0.61
OBJ-02898,2025,7,AGC-003,PRD-002,1563078000,44,0.69,0.55
OBJ-02899,2025,7,AGC-003,PRD-003,1690736000,18,0.64,0.58
OBJ-02900,2025,7,AGC-003,PRD-004,1833579000,48,0.66,0.43
OBJ-02901,2025,7,AGC-003,PRD-005,677903000,15,0.6,0.42
OBJ-02902,2025,7,AGC-003,PRD-006,1408735000,39,0.72,0.45
OBJ-02903,2025,7,AGC-003,PRD-007,3479015000,32,0.62,0.53
OBJ-02904,2025,7,AGC-003,PRD-008,3024961000,26,0.78,0.62
OBJ-02905,2025,7,AGC-004,PRD-001,589246000,18,0.72,0.46
OBJ-02906,2025,7,AGC-004,PRD-002,440931000,13,0.67,0.44
OBJ-02907,2025,7,AGC-004,PRD-003,474095000,10,0.63,0.58
OBJ-02908,2025,7,AGC-004,PRD-004,362263000,11,0.77,0.51
OBJ-02909,2025,7,AGC-004,PRD-005,141361000,9,0.79,0.51
OBJ-02910,2025,7,AGC-004,PRD-006,575332000,13,0.71,0.52
OBJ-02911,2025,7,AGC-004,PRD-007,662726000,7,0.77,0.52
OBJ-02912,2025,7,AGC-004,PRD-008,1209053000,6,0.75,0.52
OBJ-02913,2025,7,AGC-005,PRD-001,565602000,18,0.63,0.63
OBJ-02914,2025,7,AGC-005,PRD-002,662559000,15,0.61,0.63
OBJ-02915,2025,7,AGC-005,PRD-003,431474000,12,0.79,0.62
OBJ-02916,2025,7,AGC-005,PRD-004,676326000,15,0.8,0.48
OBJ-02917,2025,7,AGC-005,PRD-005,241682000,13,0.73,0.46
OBJ-02918,2025,7,AGC-005,PRD-006,325139000,9,0.75,0.45
OBJ-02919,2025,7,AGC-005,PRD-007,667702000,8,0.78,0.59
OBJ-02920,2025,7,AGC-005,PRD-008,638355000,13,0.63,0.57
OBJ-02921,2025,7,AGC-006,PRD-001,647350000,6,0.71,0.46
OBJ-02922,2025,7,AGC-006,PRD-002,705883000,16,0.61,0.54
OBJ-02923,2025,7,AGC-006,PRD-003,236816000,6,0.67,0.46
OBJ-02924,2025,7,AGC-006,PRD-004,468626000,6,0.65,0.48
OBJ-02925,2025,7,AGC-006,PRD-005,293139000,17,0.66,0.63
OBJ-02926,2025,7,AGC-006,PRD-006,660546000,5,0.63,0.48
OBJ-02927,2025,7,AGC-006,PRD-007,1355432000,11,0.71,0.56
OBJ-02928,2025,7,AGC-006,PRD-008,869576000,10,0.7,0.5
OBJ-02929,2025,7,AGC-007,PRD-001,467209000,17,0.75,0.4
OBJ-02930,2025,7,AGC-007,PRD-002,463417000,15,0.63,0.47
OBJ-02931,2025,7,AGC-007,PRD-003,242177000,8,0.78,0.46
OBJ-02932,2025,7,AGC-007,PRD-004,427249000,6,0.66,0.47
OBJ-02933,2025,7,AGC-007,PRD-005,231979000,6,0.63,0.46
OBJ-02934,2025,7,AGC-007,PRD-006,418626000,12,0.61,0.49
OBJ-02935,2025,7,AGC-007,PRD-007,984123000,16,0.75,0.43
OBJ-02936,2025,7,AGC-007,PRD-008,1437839000,9,0.66,0.46
OBJ-02937,2025,7,AGC-008,PRD-001,546769000,12,0.77,0.61
OBJ-02938,2025,7,AGC-008,PRD-002,505149000,14,0.63,0.6
OBJ-02939,2025,7,AGC-008,PRD-003,593639000,8,0.76,0.53
OBJ-02940,2025,7,AGC-008,PRD-004,658865000,7,0.71,0.61
OBJ-02941,2025,7,AGC-008,PRD-005,322497000,9,0.77,0.42
OBJ-02942,2025,7,AGC-008,PRD-006,618524000,9,0.69,0.57
OBJ-02943,2025,7,AGC-008,PRD-007,1576929000,9,0.7,0.5
OBJ-02944,2025,7,AGC-008,PRD-008,1222021000,4,0.79,0.59
OBJ-02945,2025,7,AGC-009,PRD-001,415499000,8,0.61,0.65
OBJ-02946,2025,7,AGC-009,PRD-002,303905000,18,0.75,0.45
OBJ-02947,2025,7,AGC-009,PRD-003,266559000,9,0.75,0.47
OBJ-02948,2025,7,AGC-009,PRD-004,561482000,4,0.79,0.62
OBJ-02949,2025,7,AGC-009,PRD-005,169990000,5,0.7,0.54
OBJ-02950,2025,7,AGC-009,PRD-006,513704000,12,0.66,0.42
OBJ-02951,2025,7,AGC-009,PRD-007,1145826000,17,0.74,0.49
OBJ-02952,2025,7,AGC-009,PRD-008,1473352000,15,0.75,0.54
OBJ-02953,2025,7,AGC-010,PRD-001,483732000,15,0.79,0.65
OBJ-02954,2025,7,AGC-010,PRD-002,537217000,8,0.71,0.6
OBJ-02955,2025,7,AGC-010,PRD-003,595065000,12,0.68,0.59
OBJ-02956,2025,7,AGC-010,PRD-004,447372000,8,0.63,0.57
OBJ-02957,2025,7,AGC-010,PRD-005,194211000,17,0.71,0.48
OBJ-02958,2025,7,AGC-010,PRD-006,352983000,17,0.73,0.57
OBJ-02959,2025,7,AGC-010,PRD-007,1681897000,12,0.62,0.44
OBJ-02960,2025,7,AGC-010,PRD-008,1170812000,14,0.67,0.43
OBJ-02961,2025,7,AGC-011,PRD-001,556641000,13,0.64,0.64
OBJ-02962,2025,7,AGC-011,PRD-002,345299000,9,0.71,0.45
OBJ-02963,2025,7,AGC-011,PRD-003,381264000,11,0.66,0.62
OBJ-02964,2025,7,AGC-011,PRD-004,289710000,14,0.62,0.63
OBJ-02965,2025,7,AGC-011,PRD-005,152417000,7,0.71,0.61
OBJ-02966,2025,7,AGC-011,PRD-006,310134000,5,0.68,0.45
OBJ-02967,2025,7,AGC-011,PRD-007,1004147000,18,0.73,0.55
OBJ-02968,2025,7,AGC-011,PRD-008,1272611000,17,0.79,0.61
OBJ-02969,2025,7,AGC-012,PRD-001,646943000,6,0.61,0.42
OBJ-02970,2025,7,AGC-012,PRD-002,406262000,16,0.78,0.43
OBJ-02971,2025,7,AGC-012,PRD-003,572587000,13,0.72,0.65
OBJ-02972,2025,7,AGC-012,PRD-004,405157000,14,0.69,0.53
OBJ-02973,2025,7,AGC-012,PRD-005,183249000,11,0.66,0.43
OBJ-02974,2025,7,AGC-012,PRD-006,544981000,14,0.76,0.65
OBJ-02975,2025,7,AGC-012,PRD-007,616065000,10,0.73,0.59
OBJ-02976,2025,7,AGC-012,PRD-008,623733000,13,0.76,0.44
OBJ-02977,2025,8,AGC-001,PRD-001,1370651000,21,0.67,0.56
OBJ-02978,2025,8,AGC-001,PRD-002,1867837000,37,0.63,0.61
OBJ-02979,2025,8,AGC-001,PRD-003,1012047000,31,0.67,0.56
OBJ-02980,2025,8,AGC-001,PRD-004,1939319000,21,0.74,0.44
OBJ-02981,2025,8,AGC-001,PRD-005,728564000,42,0.64,0.42
OBJ-02982,2025,8,AGC-001,PRD-006,1678513000,40,0.65,0.42
OBJ-02983,2025,8,AGC-001,PRD-007,3173084000,38,0.68,0.53
OBJ-02984,2025,8,AGC-001,PRD-008,4532313000,19,0.72,0.42
OBJ-02985,2025,8,AGC-002,PRD-001,1079200000,23,0.72,0.55
OBJ-02986,2025,8,AGC-002,PRD-002,1987028000,32,0.77,0.51
OBJ-02987,2025,8,AGC-002,PRD-003,1286662000,22,0.78,0.59
OBJ-02988,2025,8,AGC-002,PRD-004,1056332000,43,0.74,0.45
OBJ-02989,2025,8,AGC-002,PRD-005,632845000,42,0.68,0.46
OBJ-02990,2025,8,AGC-002,PRD-006,951669000,16,0.62,0.61
OBJ-02991,2025,8,AGC-002,PRD-007,3927243000,21,0.7,0.52
OBJ-02992,2025,8,AGC-002,PRD-008,4041032000,18,0.65,0.6
OBJ-02993,2025,8,AGC-003,PRD-001,1964782000,19,0.64,0.47
OBJ-02994,2025,8,AGC-003,PRD-002,1712606000,24,0.62,0.61
OBJ-02995,2025,8,AGC-003,PRD-003,998505000,29,0.74,0.59
OBJ-02996,2025,8,AGC-003,PRD-004,1804490000,46,0.76,0.43
OBJ-02997,2025,8,AGC-003,PRD-005,1009625000,20,0.7,0.5
OBJ-02998,2025,8,AGC-003,PRD-006,1425399000,45,0.62,0.53
OBJ-02999,2025,8,AGC-003,PRD-007,4378491000,48,0.61,0.63
OBJ-03000,2025,8,AGC-003,PRD-008,4589696000,29,0.64,0.58
OBJ-03001,2025,8,AGC-004,PRD-001,254679000,15,0.69,0.46
OBJ-03002,2025,8,AGC-004,PRD-002,663066000,9,0.78,0.53
OBJ-03003,2025,8,AGC-004,PRD-003,284819000,18,0.76,0.51
OBJ-03004,2025,8,AGC-004,PRD-004,289844000,6,0.7,0.53
OBJ-03005,2025,8,AGC-004,PRD-005,328713000,5,0.68,0.55
OBJ-03006,2025,8,AGC-004,PRD-006,258938000,8,0.71,0.49
OBJ-03007,2025,8,AGC-004,PRD-007,1768045000,10,0.67,0.58
OBJ-03008,2025,8,AGC-004,PRD-008,1445812000,15,0.77,0.53
OBJ-03009,2025,8,AGC-005,PRD-001,335743000,13,0.6,0.42
OBJ-03010,2025,8,AGC-005,PRD-002,309149000,12,0.68,0.62
OBJ-03011,2025,8,AGC-005,PRD-003,618510000,4,0.72,0.43
OBJ-03012,2025,8,AGC-005,PRD-004,483053000,18,0.68,0.49
OBJ-03013,2025,8,AGC-005,PRD-005,347702000,14,0.61,0.54
OBJ-03014,2025,8,AGC-005,PRD-006,492218000,18,0.63,0.48
OBJ-03015,2025,8,AGC-005,PRD-007,1122273000,9,0.64,0.62
OBJ-03016,2025,8,AGC-005,PRD-008,728515000,14,0.61,0.41
OBJ-03017,2025,8,AGC-006,PRD-001,333164000,13,0.79,0.49
OBJ-03018,2025,8,AGC-006,PRD-002,435898000,12,0.67,0.62
OBJ-03019,2025,8,AGC-006,PRD-003,535870000,17,0.72,0.6
OBJ-03020,2025,8,AGC-006,PRD-004,546182000,9,0.77,0.6
OBJ-03021,2025,8,AGC-006,PRD-005,284138000,17,0.62,0.46
OBJ-03022,2025,8,AGC-006,PRD-006,328388000,7,0.75,0.64
OBJ-03023,2025,8,AGC-006,PRD-007,1044135000,9,0.72,0.55
OBJ-03024,2025,8,AGC-006,PRD-008,836511000,11,0.65,0.6
OBJ-03025,2025,8,AGC-007,PRD-001,657401000,17,0.75,0.44
OBJ-03026,2025,8,AGC-007,PRD-002,302035000,10,0.76,0.52
OBJ-03027,2025,8,AGC-007,PRD-003,436859000,9,0.67,0.51
OBJ-03028,2025,8,AGC-007,PRD-004,500561000,4,0.67,0.52
OBJ-03029,2025,8,AGC-007,PRD-005,312733000,5,0.69,0.45
OBJ-03030,2025,8,AGC-007,PRD-006,619919000,4,0.63,0.5
OBJ-03031,2025,8,AGC-007,PRD-007,643285000,18,0.7,0.42
OBJ-03032,2025,8,AGC-007,PRD-008,1033008000,13,0.67,0.6
OBJ-03033,2025,8,AGC-008,PRD-001,651245000,4,0.68,0.61
OBJ-03034,2025,8,AGC-008,PRD-002,447753000,13,0.76,0.61
OBJ-03035,2025,8,AGC-008,PRD-003,606452000,10,0.65,0.64
OBJ-03036,2025,8,AGC-008,PRD-004,568323000,11,0.73,0.56
OBJ-03037,2025,8,AGC-008,PRD-005,267796000,13,0.79,0.53
OBJ-03038,2025,8,AGC-008,PRD-006,645713000,6,0.64,0.49
OBJ-03039,2025,8,AGC-008,PRD-007,1522088000,10,0.79,0.4
OBJ-03040,2025,8,AGC-008,PRD-008,1491578000,9,0.7,0.63
OBJ-03041,2025,8,AGC-009,PRD-001,446878000,17,0.73,0.48
OBJ-03042,2025,8,AGC-009,PRD-002,460536000,12,0.62,0.57
OBJ-03043,2025,8,AGC-009,PRD-003,602293000,14,0.74,0.44
OBJ-03044,2025,8,AGC-009,PRD-004,470024000,5,0.67,0.49
OBJ-03045,2025,8,AGC-009,PRD-005,280090000,4,0.78,0.43
OBJ-03046,2025,8,AGC-009,PRD-006,464084000,12,0.74,0.47
OBJ-03047,2025,8,AGC-009,PRD-007,688061000,16,0.63,0.55
OBJ-03048,2025,8,AGC-009,PRD-008,741423000,15,0.61,0.42
OBJ-03049,2025,8,AGC-010,PRD-001,305185000,16,0.77,0.55
OBJ-03050,2025,8,AGC-010,PRD-002,621887000,14,0.76,0.65
OBJ-03051,2025,8,AGC-010,PRD-003,608239000,7,0.74,0.63
OBJ-03052,2025,8,AGC-010,PRD-004,438540000,12,0.66,0.6
OBJ-03053,2025,8,AGC-010,PRD-005,128160000,15,0.66,0.59
OBJ-03054,2025,8,AGC-010,PRD-006,603571000,7,0.77,0.61
OBJ-03055,2025,8,AGC-010,PRD-007,915044000,17,0.77,0.5
OBJ-03056,2025,8,AGC-010,PRD-008,1470132000,17,0.74,0.53
OBJ-03057,2025,8,AGC-011,PRD-001,575331000,11,0.79,0.59
OBJ-03058,2025,8,AGC-011,PRD-002,575581000,12,0.67,0.59
OBJ-03059,2025,8,AGC-011,PRD-003,672599000,18,0.67,0.5
OBJ-03060,2025,8,AGC-011,PRD-004,423869000,14,0.71,0.59
OBJ-03061,2025,8,AGC-011,PRD-005,136867000,6,0.74,0.56
OBJ-03062,2025,8,AGC-011,PRD-006,373697000,18,0.76,0.49
OBJ-03063,2025,8,AGC-011,PRD-007,1550174000,9,0.7,0.4
OBJ-03064,2025,8,AGC-011,PRD-008,1606587000,17,0.65,0.57
OBJ-03065,2025,8,AGC-012,PRD-001,294072000,10,0.71,0.49
OBJ-03066,2025,8,AGC-012,PRD-002,660729000,15,0.66,0.63
OBJ-03067,2025,8,AGC-012,PRD-003,455897000,18,0.73,0.43
OBJ-03068,2025,8,AGC-012,PRD-004,510632000,18,0.77,0.64
OBJ-03069,2025,8,AGC-012,PRD-005,180133000,13,0.75,0.45
OBJ-03070,2025,8,AGC-012,PRD-006,593054000,11,0.65,0.59
OBJ-03071,2025,8,AGC-012,PRD-007,666212000,17,0.73,0.57
OBJ-03072,2025,8,AGC-012,PRD-008,1226829000,12,0.72,0.56
OBJ-03073,2025,9,AGC-001,PRD-001,1568803000,43,0.74,0.47
OBJ-03074,2025,9,AGC-001,PRD-002,1180786000,37,0.74,0.63
OBJ-03075,2025,9,AGC-001,PRD-003,1098208000,36,0.63,0.41
OBJ-03076,2025,9,AGC-001,PRD-004,978379000,41,0.77,0.63
OBJ-03077,2025,9,AGC-001,PRD-005,738756000,33,0.74,0.55
OBJ-03078,2025,9,AGC-001,PRD-006,1330577000,22,0.66,0.65
OBJ-03079,2025,9,AGC-001,PRD-007,4036658000,46,0.64,0.49
OBJ-03080,2025,9,AGC-001,PRD-008,5005908000,38,0.77,0.53
OBJ-03081,2025,9,AGC-002,PRD-001,1957993000,33,0.78,0.47
OBJ-03082,2025,9,AGC-002,PRD-002,1683801000,26,0.6,0.63
OBJ-03083,2025,9,AGC-002,PRD-003,2042288000,21,0.65,0.62
OBJ-03084,2025,9,AGC-002,PRD-004,1136693000,18,0.63,0.51
OBJ-03085,2025,9,AGC-002,PRD-005,597154000,47,0.78,0.45
OBJ-03086,2025,9,AGC-002,PRD-006,1017708000,26,0.71,0.52
OBJ-03087,2025,9,AGC-002,PRD-007,3032777000,35,0.65,0.55
OBJ-03088,2025,9,AGC-002,PRD-008,2749488000,21,0.69,0.59
OBJ-03089,2025,9,AGC-003,PRD-001,2002337000,19,0.69,0.48
OBJ-03090,2025,9,AGC-003,PRD-002,1604270000,46,0.77,0.54
OBJ-03091,2025,9,AGC-003,PRD-003,1767385000,26,0.77,0.54
OBJ-03092,2025,9,AGC-003,PRD-004,1545138000,32,0.64,0.42
OBJ-03093,2025,9,AGC-003,PRD-005,541968000,41,0.66,0.53
OBJ-03094,2025,9,AGC-003,PRD-006,1450061000,19,0.61,0.45
OBJ-03095,2025,9,AGC-003,PRD-007,3709695000,16,0.77,0.52
OBJ-03096,2025,9,AGC-003,PRD-008,4600197000,27,0.78,0.54
OBJ-03097,2025,9,AGC-004,PRD-001,606045000,15,0.71,0.53
OBJ-03098,2025,9,AGC-004,PRD-002,259752000,13,0.6,0.49
OBJ-03099,2025,9,AGC-004,PRD-003,425562000,16,0.65,0.46
OBJ-03100,2025,9,AGC-004,PRD-004,467885000,15,0.71,0.61
OBJ-03101,2025,9,AGC-004,PRD-005,315450000,12,0.78,0.56
OBJ-03102,2025,9,AGC-004,PRD-006,537044000,4,0.65,0.43
OBJ-03103,2025,9,AGC-004,PRD-007,1435801000,5,0.67,0.46
OBJ-03104,2025,9,AGC-004,PRD-008,927371000,16,0.77,0.53
OBJ-03105,2025,9,AGC-005,PRD-001,705276000,15,0.64,0.43
OBJ-03106,2025,9,AGC-005,PRD-002,304616000,15,0.75,0.5
OBJ-03107,2025,9,AGC-005,PRD-003,240752000,10,0.66,0.5
OBJ-03108,2025,9,AGC-005,PRD-004,481053000,12,0.76,0.57
OBJ-03109,2025,9,AGC-005,PRD-005,195972000,9,0.75,0.64
OBJ-03110,2025,9,AGC-005,PRD-006,545564000,14,0.69,0.46
OBJ-03111,2025,9,AGC-005,PRD-007,703365000,5,0.71,0.51
OBJ-03112,2025,9,AGC-005,PRD-008,1522981000,6,0.74,0.63
OBJ-03113,2025,9,AGC-006,PRD-001,554964000,7,0.79,0.42
OBJ-03114,2025,9,AGC-006,PRD-002,493930000,4,0.7,0.52
OBJ-03115,2025,9,AGC-006,PRD-003,463759000,16,0.65,0.42
OBJ-03116,2025,9,AGC-006,PRD-004,696199000,11,0.71,0.51
OBJ-03117,2025,9,AGC-006,PRD-005,282424000,9,0.79,0.47
OBJ-03118,2025,9,AGC-006,PRD-006,524468000,11,0.74,0.59
OBJ-03119,2025,9,AGC-006,PRD-007,1665390000,10,0.69,0.49
OBJ-03120,2025,9,AGC-006,PRD-008,659688000,7,0.66,0.49
OBJ-03121,2025,9,AGC-007,PRD-001,560905000,12,0.72,0.41
OBJ-03122,2025,9,AGC-007,PRD-002,450032000,7,0.64,0.48
OBJ-03123,2025,9,AGC-007,PRD-003,549990000,9,0.72,0.52
OBJ-03124,2025,9,AGC-007,PRD-004,433467000,16,0.71,0.57
OBJ-03125,2025,9,AGC-007,PRD-005,290388000,11,0.76,0.55
OBJ-03126,2025,9,AGC-007,PRD-006,263357000,8,0.64,0.6
OBJ-03127,2025,9,AGC-007,PRD-007,843910000,8,0.66,0.48
OBJ-03128,2025,9,AGC-007,PRD-008,1417495000,13,0.61,0.58
OBJ-03129,2025,9,AGC-008,PRD-001,688844000,11,0.75,0.58
OBJ-03130,2025,9,AGC-008,PRD-002,318455000,18,0.65,0.44
OBJ-03131,2025,9,AGC-008,PRD-003,400555000,14,0.8,0.61
OBJ-03132,2025,9,AGC-008,PRD-004,541953000,13,0.71,0.53
OBJ-03133,2025,9,AGC-008,PRD-005,304627000,18,0.77,0.63
OBJ-03134,2025,9,AGC-008,PRD-006,568143000,15,0.75,0.57
OBJ-03135,2025,9,AGC-008,PRD-007,1473820000,18,0.69,0.59
OBJ-03136,2025,9,AGC-008,PRD-008,772074000,8,0.79,0.42
OBJ-03137,2025,9,AGC-009,PRD-001,509370000,13,0.68,0.64
OBJ-03138,2025,9,AGC-009,PRD-002,245690000,5,0.67,0.56
OBJ-03139,2025,9,AGC-009,PRD-003,588546000,12,0.67,0.4
OBJ-03140,2025,9,AGC-009,PRD-004,280637000,14,0.62,0.65
OBJ-03141,2025,9,AGC-009,PRD-005,203931000,14,0.63,0.56
OBJ-03142,2025,9,AGC-009,PRD-006,504625000,8,0.6,0.61
OBJ-03143,2025,9,AGC-009,PRD-007,1358677000,13,0.67,0.54
OBJ-03144,2025,9,AGC-009,PRD-008,699873000,13,0.62,0.52
OBJ-03145,2025,9,AGC-010,PRD-001,602693000,9,0.63,0.43
OBJ-03146,2025,9,AGC-010,PRD-002,484141000,6,0.76,0.55
OBJ-03147,2025,9,AGC-010,PRD-003,453373000,14,0.75,0.43
OBJ-03148,2025,9,AGC-010,PRD-004,517523000,17,0.7,0.61
OBJ-03149,2025,9,AGC-010,PRD-005,251062000,8,0.78,0.41
OBJ-03150,2025,9,AGC-010,PRD-006,517490000,6,0.61,0.64
OBJ-03151,2025,9,AGC-010,PRD-007,1705618000,16,0.63,0.6
OBJ-03152,2025,9,AGC-010,PRD-008,1443465000,17,0.74,0.6
OBJ-03153,2025,9,AGC-011,PRD-001,518787000,18,0.79,0.58
OBJ-03154,2025,9,AGC-011,PRD-002,335321000,12,0.66,0.55
OBJ-03155,2025,9,AGC-011,PRD-003,301125000,6,0.62,0.52
OBJ-03156,2025,9,AGC-011,PRD-004,459412000,9,0.61,0.48
OBJ-03157,2025,9,AGC-011,PRD-005,242849000,12,0.61,0.59
OBJ-03158,2025,9,AGC-011,PRD-006,581514000,11,0.76,0.58
OBJ-03159,2025,9,AGC-011,PRD-007,628111000,13,0.76,0.43
OBJ-03160,2025,9,AGC-011,PRD-008,761494000,10,0.74,0.63
OBJ-03161,2025,9,AGC-012,PRD-001,281248000,11,0.69,0.5
OBJ-03162,2025,9,AGC-012,PRD-002,617779000,11,0.7,0.63
OBJ-03163,2025,9,AGC-012,PRD-003,444379000,13,0.79,0.63
OBJ-03164,2025,9,AGC-012,PRD-004,256721000,17,0.74,0.5
OBJ-03165,2025,9,AGC-012,PRD-005,319478000,11,0.7,0.56
OBJ-03166,2025,9,AGC-012,PRD-006,413926000,8,0.65,0.62
OBJ-03167,2025,9,AGC-012,PRD-007,728221000,14,0.77,0.56
OBJ-03168,2025,9,AGC-012,PRD-008,647674000,7,0.61,0.5
OBJ-03169,2025,10,AGC-001,PRD-001,1853486000,47,0.7,0.64
OBJ-03170,2025,10,AGC-001,PRD-002,1254221000,19,0.62,0.54
OBJ-03171,2025,10,AGC-001,PRD-003,1263932000,28,0.77,0.41
OBJ-03172,2025,10,AGC-001,PRD-004,1236429000,19,0.65,0.65
OBJ-03173,2025,10,AGC-001,PRD-005,774398000,33,0.64,0.43
OBJ-03174,2025,10,AGC-001,PRD-006,1568709000,32,0.75,0.63
OBJ-03175,2025,10,AGC-001,PRD-007,4971770000,28,0.67,0.48
OBJ-03176,2025,10,AGC-001,PRD-008,2731118000,33,0.65,0.53
OBJ-03177,2025,10,AGC-002,PRD-001,1286808000,16,0.62,0.48
OBJ-03178,2025,10,AGC-002,PRD-002,1799564000,50,0.7,0.51
OBJ-03179,2025,10,AGC-002,PRD-003,1284432000,48,0.7,0.43
OBJ-03180,2025,10,AGC-002,PRD-004,1171214000,44,0.68,0.51
OBJ-03181,2025,10,AGC-002,PRD-005,920090000,47,0.68,0.62
OBJ-03182,2025,10,AGC-002,PRD-006,1902729000,25,0.75,0.41
OBJ-03183,2025,10,AGC-002,PRD-007,4294931000,34,0.63,0.58
OBJ-03184,2025,10,AGC-002,PRD-008,2579827000,34,0.67,0.64
OBJ-03185,2025,10,AGC-003,PRD-001,1682788000,20,0.65,0.64
OBJ-03186,2025,10,AGC-003,PRD-002,953695000,18,0.65,0.41
OBJ-03187,2025,10,AGC-003,PRD-003,1181922000,48,0.74,0.5
OBJ-03188,2025,10,AGC-003,PRD-004,1872354000,47,0.79,0.51
OBJ-03189,2025,10,AGC-003,PRD-005,836455000,36,0.62,0.5
OBJ-03190,2025,10,AGC-003,PRD-006,1959367000,39,0.62,0.41
OBJ-03191,2025,10,AGC-003,PRD-007,4759809000,27,0.75,0.47
OBJ-03192,2025,10,AGC-003,PRD-008,3193628000,16,0.76,0.64
OBJ-03193,2025,10,AGC-004,PRD-001,253354000,4,0.67,0.45
OBJ-03194,2025,10,AGC-004,PRD-002,461823000,12,0.75,0.62
OBJ-03195,2025,10,AGC-004,PRD-003,610701000,18,0.79,0.61
OBJ-03196,2025,10,AGC-004,PRD-004,575842000,16,0.68,0.56
OBJ-03197,2025,10,AGC-004,PRD-005,139725000,6,0.61,0.5
OBJ-03198,2025,10,AGC-004,PRD-006,699836000,12,0.77,0.49
OBJ-03199,2025,10,AGC-004,PRD-007,1307110000,7,0.72,0.51
OBJ-03200,2025,10,AGC-004,PRD-008,1468705000,7,0.73,0.42
OBJ-03201,2025,10,AGC-005,PRD-001,635803000,11,0.61,0.56
OBJ-03202,2025,10,AGC-005,PRD-002,421308000,9,0.7,0.45
OBJ-03203,2025,10,AGC-005,PRD-003,519660000,5,0.62,0.64
OBJ-03204,2025,10,AGC-005,PRD-004,443628000,15,0.74,0.44
OBJ-03205,2025,10,AGC-005,PRD-005,307556000,10,0.67,0.57
OBJ-03206,2025,10,AGC-005,PRD-006,591661000,11,0.65,0.65
OBJ-03207,2025,10,AGC-005,PRD-007,899359000,8,0.61,0.51
OBJ-03208,2025,10,AGC-005,PRD-008,1673077000,6,0.75,0.58
OBJ-03209,2025,10,AGC-006,PRD-001,459890000,4,0.65,0.64
OBJ-03210,2025,10,AGC-006,PRD-002,476764000,9,0.69,0.47
OBJ-03211,2025,10,AGC-006,PRD-003,484610000,17,0.75,0.49
OBJ-03212,2025,10,AGC-006,PRD-004,515105000,5,0.64,0.43
OBJ-03213,2025,10,AGC-006,PRD-005,207174000,4,0.62,0.6
OBJ-03214,2025,10,AGC-006,PRD-006,351806000,10,0.67,0.51
OBJ-03215,2025,10,AGC-006,PRD-007,948157000,18,0.71,0.51
OBJ-03216,2025,10,AGC-006,PRD-008,1171709000,4,0.65,0.51
OBJ-03217,2025,10,AGC-007,PRD-001,465481000,6,0.65,0.49
OBJ-03218,2025,10,AGC-007,PRD-002,651423000,8,0.72,0.56
OBJ-03219,2025,10,AGC-007,PRD-003,262325000,12,0.68,0.58
OBJ-03220,2025,10,AGC-007,PRD-004,258093000,5,0.72,0.45
OBJ-03221,2025,10,AGC-007,PRD-005,214200000,8,0.64,0.51
OBJ-03222,2025,10,AGC-007,PRD-006,673285000,13,0.79,0.59
OBJ-03223,2025,10,AGC-007,PRD-007,939063000,6,0.7,0.62
OBJ-03224,2025,10,AGC-007,PRD-008,912360000,14,0.72,0.51
OBJ-03225,2025,10,AGC-008,PRD-001,562928000,9,0.78,0.47
OBJ-03226,2025,10,AGC-008,PRD-002,321141000,18,0.64,0.6
OBJ-03227,2025,10,AGC-008,PRD-003,410681000,15,0.7,0.49
OBJ-03228,2025,10,AGC-008,PRD-004,356645000,5,0.77,0.64
OBJ-03229,2025,10,AGC-008,PRD-005,285655000,8,0.79,0.64
OBJ-03230,2025,10,AGC-008,PRD-006,685111000,18,0.68,0.42
OBJ-03231,2025,10,AGC-008,PRD-007,709718000,7,0.67,0.53
OBJ-03232,2025,10,AGC-008,PRD-008,1718343000,16,0.78,0.54
OBJ-03233,2025,10,AGC-009,PRD-001,409225000,9,0.7,0.52
OBJ-03234,2025,10,AGC-009,PRD-002,661880000,9,0.6,0.44
OBJ-03235,2025,10,AGC-009,PRD-003,612349000,11,0.77,0.57
OBJ-03236,2025,10,AGC-009,PRD-004,626052000,13,0.71,0.61
OBJ-03237,2025,10,AGC-009,PRD-005,120337000,16,0.79,0.42
OBJ-03238,2025,10,AGC-009,PRD-006,282502000,12,0.62,0.48
OBJ-03239,2025,10,AGC-009,PRD-007,635931000,9,0.63,0.48
OBJ-03240,2025,10,AGC-009,PRD-008,1475259000,18,0.72,0.58
OBJ-03241,2025,10,AGC-010,PRD-001,263675000,12,0.63,0.4
OBJ-03242,2025,10,AGC-010,PRD-002,600885000,5,0.74,0.53
OBJ-03243,2025,10,AGC-010,PRD-003,539111000,18,0.7,0.61
OBJ-03244,2025,10,AGC-010,PRD-004,263127000,12,0.8,0.47
OBJ-03245,2025,10,AGC-010,PRD-005,247045000,7,0.65,0.56
OBJ-03246,2025,10,AGC-010,PRD-006,387018000,11,0.63,0.64
OBJ-03247,2025,10,AGC-010,PRD-007,969417000,4,0.61,0.45
OBJ-03248,2025,10,AGC-010,PRD-008,649611000,10,0.64,0.54
OBJ-03249,2025,10,AGC-011,PRD-001,634017000,5,0.69,0.44
OBJ-03250,2025,10,AGC-011,PRD-002,328846000,11,0.76,0.57
OBJ-03251,2025,10,AGC-011,PRD-003,679095000,16,0.62,0.54
OBJ-03252,2025,10,AGC-011,PRD-004,657739000,6,0.74,0.51
OBJ-03253,2025,10,AGC-011,PRD-005,141107000,17,0.61,0.49
OBJ-03254,2025,10,AGC-011,PRD-006,252513000,17,0.73,0.58
OBJ-03255,2025,10,AGC-011,PRD-007,1470401000,16,0.65,0.49
OBJ-03256,2025,10,AGC-011,PRD-008,1090701000,5,0.63,0.45
OBJ-03257,2025,10,AGC-012,PRD-001,665860000,12,0.64,0.41
OBJ-03258,2025,10,AGC-012,PRD-002,393559000,7,0.72,0.45
OBJ-03259,2025,10,AGC-012,PRD-003,417218000,10,0.63,0.5
OBJ-03260,2025,10,AGC-012,PRD-004,395223000,6,0.65,0.6
OBJ-03261,2025,10,AGC-012,PRD-005,338652000,5,0.76,0.47
OBJ-03262,2025,10,AGC-012,PRD-006,343198000,9,0.72,0.47
OBJ-03263,2025,10,AGC-012,PRD-007,1004866000,11,0.65,0.45
OBJ-03264,2025,10,AGC-012,PRD-008,942188000,18,0.77,0.5
OBJ-03265,2025,11,AGC-001,PRD-001,2074172000,17,0.69,0.44
OBJ-03266,2025,11,AGC-001,PRD-002,1868341000,48,0.6,0.62
OBJ-03267,2025,11,AGC-001,PRD-003,1697137000,37,0.76,0.4
OBJ-03268,2025,11,AGC-001,PRD-004,1117254000,34,0.79,0.48
OBJ-03269,2025,11,AGC-001,PRD-005,827689000,33,0.7,0.59
OBJ-03270,2025,11,AGC-001,PRD-006,1924399000,21,0.6,0.44
OBJ-03271,2025,11,AGC-001,PRD-007,3438656000,46,0.71,0.53
OBJ-03272,2025,11,AGC-001,PRD-008,3670237000,49,0.7,0.52
OBJ-03273,2025,11,AGC-002,PRD-001,1095689000,22,0.69,0.55
OBJ-03274,2025,11,AGC-002,PRD-002,1103010000,34,0.76,0.54
OBJ-03275,2025,11,AGC-002,PRD-003,1884897000,47,0.78,0.51
OBJ-03276,2025,11,AGC-002,PRD-004,1424596000,36,0.64,0.5
OBJ-03277,2025,11,AGC-002,PRD-005,886237000,45,0.78,0.64
OBJ-03278,2025,11,AGC-002,PRD-006,1450886000,28,0.61,0.44
OBJ-03279,2025,11,AGC-002,PRD-007,4077532000,43,0.63,0.59
OBJ-03280,2025,11,AGC-002,PRD-008,3485565000,44,0.73,0.43
OBJ-03281,2025,11,AGC-003,PRD-001,1649448000,26,0.74,0.55
OBJ-03282,2025,11,AGC-003,PRD-002,2034179000,27,0.61,0.46
OBJ-03283,2025,11,AGC-003,PRD-003,1651686000,39,0.75,0.51
OBJ-03284,2025,11,AGC-003,PRD-004,1143340000,46,0.66,0.5
OBJ-03285,2025,11,AGC-003,PRD-005,938015000,23,0.63,0.64
OBJ-03286,2025,11,AGC-003,PRD-006,1115477000,35,0.65,0.49
OBJ-03287,2025,11,AGC-003,PRD-007,4903566000,30,0.72,0.62
OBJ-03288,2025,11,AGC-003,PRD-008,2979175000,23,0.68,0.54
OBJ-03289,2025,11,AGC-004,PRD-001,616650000,11,0.68,0.54
OBJ-03290,2025,11,AGC-004,PRD-002,360801000,7,0.6,0.6
OBJ-03291,2025,11,AGC-004,PRD-003,294331000,9,0.75,0.56
OBJ-03292,2025,11,AGC-004,PRD-004,399862000,17,0.65,0.51
OBJ-03293,2025,11,AGC-004,PRD-005,336466000,13,0.65,0.57
OBJ-03294,2025,11,AGC-004,PRD-006,433227000,11,0.62,0.58
OBJ-03295,2025,11,AGC-004,PRD-007,1226540000,11,0.67,0.5
OBJ-03296,2025,11,AGC-004,PRD-008,1642376000,8,0.75,0.49
OBJ-03297,2025,11,AGC-005,PRD-001,505896000,8,0.73,0.54
OBJ-03298,2025,11,AGC-005,PRD-002,697447000,4,0.72,0.53
OBJ-03299,2025,11,AGC-005,PRD-003,616103000,16,0.61,0.42
OBJ-03300,2025,11,AGC-005,PRD-004,438218000,4,0.73,0.59
OBJ-03301,2025,11,AGC-005,PRD-005,136687000,17,0.64,0.57
OBJ-03302,2025,11,AGC-005,PRD-006,460675000,14,0.68,0.44
OBJ-03303,2025,11,AGC-005,PRD-007,1036223000,14,0.73,0.53
OBJ-03304,2025,11,AGC-005,PRD-008,1702945000,18,0.71,0.64
OBJ-03305,2025,11,AGC-006,PRD-001,438118000,5,0.66,0.59
OBJ-03306,2025,11,AGC-006,PRD-002,468158000,11,0.63,0.56
OBJ-03307,2025,11,AGC-006,PRD-003,336649000,12,0.62,0.65
OBJ-03308,2025,11,AGC-006,PRD-004,702076000,9,0.72,0.5
OBJ-03309,2025,11,AGC-006,PRD-005,220752000,6,0.68,0.42
OBJ-03310,2025,11,AGC-006,PRD-006,499826000,13,0.69,0.54
OBJ-03311,2025,11,AGC-006,PRD-007,702106000,13,0.7,0.51
OBJ-03312,2025,11,AGC-006,PRD-008,1668827000,16,0.64,0.48
OBJ-03313,2025,11,AGC-007,PRD-001,294665000,6,0.65,0.52
OBJ-03314,2025,11,AGC-007,PRD-002,610342000,9,0.78,0.51
OBJ-03315,2025,11,AGC-007,PRD-003,441450000,14,0.77,0.57
OBJ-03316,2025,11,AGC-007,PRD-004,265329000,10,0.79,0.42
OBJ-03317,2025,11,AGC-007,PRD-005,261330000,18,0.63,0.41
OBJ-03318,2025,11,AGC-007,PRD-006,395358000,14,0.74,0.61
OBJ-03319,2025,11,AGC-007,PRD-007,1575333000,16,0.61,0.45
OBJ-03320,2025,11,AGC-007,PRD-008,828584000,10,0.64,0.6
OBJ-03321,2025,11,AGC-008,PRD-001,393274000,12,0.67,0.51
OBJ-03322,2025,11,AGC-008,PRD-002,263567000,9,0.73,0.49
OBJ-03323,2025,11,AGC-008,PRD-003,454957000,10,0.74,0.49
OBJ-03324,2025,11,AGC-008,PRD-004,566582000,18,0.62,0.61
OBJ-03325,2025,11,AGC-008,PRD-005,135173000,5,0.76,0.43
OBJ-03326,2025,11,AGC-008,PRD-006,267152000,16,0.79,0.53
OBJ-03327,2025,11,AGC-008,PRD-007,788770000,14,0.62,0.43
OBJ-03328,2025,11,AGC-008,PRD-008,1345816000,10,0.65,0.57
OBJ-03329,2025,11,AGC-009,PRD-001,675888000,13,0.72,0.41
OBJ-03330,2025,11,AGC-009,PRD-002,532669000,9,0.63,0.52
OBJ-03331,2025,11,AGC-009,PRD-003,676573000,9,0.6,0.6
OBJ-03332,2025,11,AGC-009,PRD-004,280393000,6,0.72,0.56
OBJ-03333,2025,11,AGC-009,PRD-005,170912000,9,0.71,0.54
OBJ-03334,2025,11,AGC-009,PRD-006,303887000,7,0.63,0.6
OBJ-03335,2025,11,AGC-009,PRD-007,1403739000,11,0.67,0.65
OBJ-03336,2025,11,AGC-009,PRD-008,1622331000,12,0.78,0.41
OBJ-03337,2025,11,AGC-010,PRD-001,470886000,10,0.69,0.42
OBJ-03338,2025,11,AGC-010,PRD-002,564962000,6,0.73,0.47
OBJ-03339,2025,11,AGC-010,PRD-003,367095000,4,0.67,0.47
OBJ-03340,2025,11,AGC-010,PRD-004,578147000,7,0.71,0.52
OBJ-03341,2025,11,AGC-010,PRD-005,178198000,17,0.75,0.41
OBJ-03342,2025,11,AGC-010,PRD-006,590557000,10,0.74,0.57
OBJ-03343,2025,11,AGC-010,PRD-007,1355572000,12,0.69,0.52
OBJ-03344,2025,11,AGC-010,PRD-008,673574000,8,0.62,0.48
OBJ-03345,2025,11,AGC-011,PRD-001,396433000,6,0.72,0.47
OBJ-03346,2025,11,AGC-011,PRD-002,365977000,6,0.62,0.64
OBJ-03347,2025,11,AGC-011,PRD-003,620556000,10,0.68,0.56
OBJ-03348,2025,11,AGC-011,PRD-004,328504000,13,0.64,0.52
OBJ-03349,2025,11,AGC-011,PRD-005,134214000,14,0.78,0.52
OBJ-03350,2025,11,AGC-011,PRD-006,702237000,17,0.72,0.46
OBJ-03351,2025,11,AGC-011,PRD-007,1299942000,4,0.8,0.45
OBJ-03352,2025,11,AGC-011,PRD-008,1476095000,9,0.76,0.63
OBJ-03353,2025,11,AGC-012,PRD-001,541695000,9,0.71,0.65
OBJ-03354,2025,11,AGC-012,PRD-002,647930000,13,0.72,0.56
OBJ-03355,2025,11,AGC-012,PRD-003,685907000,14,0.72,0.46
OBJ-03356,2025,11,AGC-012,PRD-004,610406000,7,0.69,0.51
OBJ-03357,2025,11,AGC-012,PRD-005,296995000,6,0.7,0.41
OBJ-03358,2025,11,AGC-012,PRD-006,556411000,9,0.67,0.58
OBJ-03359,2025,11,AGC-012,PRD-007,1192654000,10,0.76,0.49
OBJ-03360,2025,11,AGC-012,PRD-008,1050947000,18,0.65,0.47
OBJ-03361,2025,12,AGC-001,PRD-001,1286631000,49,0.66,0.51
OBJ-03362,2025,12,AGC-001,PRD-002,2075280000,22,0.73,0.64
OBJ-03363,2025,12,AGC-001,PRD-003,1965559000,44,0.62,0.44
OBJ-03364,2025,12,AGC-001,PRD-004,1014610000,26,0.76,0.53
OBJ-03365,2025,12,AGC-001,PRD-005,570297000,47,0.76,0.61
OBJ-03366,2025,12,AGC-001,PRD-006,1061684000,28,0.74,0.45
OBJ-03367,2025,12,AGC-001,PRD-007,2766740000,46,0.63,0.58
OBJ-03368,2025,12,AGC-001,PRD-008,4643294000,37,0.7,0.44
OBJ-03369,2025,12,AGC-002,PRD-001,1461284000,26,0.66,0.47
OBJ-03370,2025,12,AGC-002,PRD-002,1226631000,22,0.66,0.6
OBJ-03371,2025,12,AGC-002,PRD-003,1163412000,23,0.71,0.41
OBJ-03372,2025,12,AGC-002,PRD-004,1083628000,21,0.7,0.5
OBJ-03373,2025,12,AGC-002,PRD-005,959798000,38,0.62,0.47
OBJ-03374,2025,12,AGC-002,PRD-006,1994020000,18,0.75,0.54
OBJ-03375,2025,12,AGC-002,PRD-007,3197034000,19,0.63,0.6
OBJ-03376,2025,12,AGC-002,PRD-008,4710741000,50,0.69,0.54
OBJ-03377,2025,12,AGC-003,PRD-001,1011270000,18,0.62,0.63
OBJ-03378,2025,12,AGC-003,PRD-002,1243690000,22,0.65,0.52
OBJ-03379,2025,12,AGC-003,PRD-003,967228000,21,0.66,0.53
OBJ-03380,2025,12,AGC-003,PRD-004,1694994000,25,0.74,0.58
OBJ-03381,2025,12,AGC-003,PRD-005,986458000,33,0.68,0.48
OBJ-03382,2025,12,AGC-003,PRD-006,1366234000,23,0.62,0.62
OBJ-03383,2025,12,AGC-003,PRD-007,5227466000,18,0.62,0.61
OBJ-03384,2025,12,AGC-003,PRD-008,4265463000,25,0.61,0.52
OBJ-03385,2025,12,AGC-004,PRD-001,458492000,17,0.7,0.63
OBJ-03386,2025,12,AGC-004,PRD-002,329555000,13,0.69,0.45
OBJ-03387,2025,12,AGC-004,PRD-003,372198000,16,0.73,0.5
OBJ-03388,2025,12,AGC-004,PRD-004,521842000,7,0.77,0.55
OBJ-03389,2025,12,AGC-004,PRD-005,241564000,4,0.62,0.44
OBJ-03390,2025,12,AGC-004,PRD-006,560810000,17,0.78,0.57
OBJ-03391,2025,12,AGC-004,PRD-007,1002347000,9,0.64,0.59
OBJ-03392,2025,12,AGC-004,PRD-008,1207359000,15,0.72,0.64
OBJ-03393,2025,12,AGC-005,PRD-001,382318000,7,0.7,0.47
OBJ-03394,2025,12,AGC-005,PRD-002,698652000,6,0.79,0.55
OBJ-03395,2025,12,AGC-005,PRD-003,539408000,4,0.69,0.61
OBJ-03396,2025,12,AGC-005,PRD-004,351101000,16,0.78,0.56
OBJ-03397,2025,12,AGC-005,PRD-005,290917000,11,0.65,0.56
OBJ-03398,2025,12,AGC-005,PRD-006,688053000,7,0.71,0.42
OBJ-03399,2025,12,AGC-005,PRD-007,1185526000,13,0.7,0.49
OBJ-03400,2025,12,AGC-005,PRD-008,1299445000,12,0.65,0.53
OBJ-03401,2025,12,AGC-006,PRD-001,500892000,17,0.75,0.63
OBJ-03402,2025,12,AGC-006,PRD-002,590820000,13,0.72,0.43
OBJ-03403,2025,12,AGC-006,PRD-003,365928000,17,0.67,0.5
OBJ-03404,2025,12,AGC-006,PRD-004,491614000,14,0.67,0.44
OBJ-03405,2025,12,AGC-006,PRD-005,282590000,13,0.69,0.49
OBJ-03406,2025,12,AGC-006,PRD-006,377972000,15,0.65,0.6
OBJ-03407,2025,12,AGC-006,PRD-007,1230136000,12,0.71,0.42
OBJ-03408,2025,12,AGC-006,PRD-008,664286000,6,0.78,0.48
OBJ-03409,2025,12,AGC-007,PRD-001,663174000,14,0.77,0.53
OBJ-03410,2025,12,AGC-007,PRD-002,629365000,13,0.75,0.57
OBJ-03411,2025,12,AGC-007,PRD-003,598006000,13,0.77,0.59
OBJ-03412,2025,12,AGC-007,PRD-004,415444000,10,0.7,0.54
OBJ-03413,2025,12,AGC-007,PRD-005,311261000,10,0.77,0.64
OBJ-03414,2025,12,AGC-007,PRD-006,360531000,6,0.8,0.52
OBJ-03415,2025,12,AGC-007,PRD-007,1019334000,4,0.77,0.49
OBJ-03416,2025,12,AGC-007,PRD-008,653239000,16,0.71,0.45
OBJ-03417,2025,12,AGC-008,PRD-001,401951000,18,0.71,0.4
OBJ-03418,2025,12,AGC-008,PRD-002,486900000,16,0.63,0.55
OBJ-03419,2025,12,AGC-008,PRD-003,441976000,9,0.66,0.62
OBJ-03420,2025,12,AGC-008,PRD-004,541706000,13,0.77,0.53
OBJ-03421,2025,12,AGC-008,PRD-005,307538000,11,0.6,0.44
OBJ-03422,2025,12,AGC-008,PRD-006,705392000,10,0.7,0.63
OBJ-03423,2025,12,AGC-008,PRD-007,787558000,6,0.73,0.43
OBJ-03424,2025,12,AGC-008,PRD-008,1444790000,9,0.71,0.53
OBJ-03425,2025,12,AGC-009,PRD-001,374640000,17,0.64,0.56
OBJ-03426,2025,12,AGC-009,PRD-002,674060000,18,0.79,0.44
OBJ-03427,2025,12,AGC-009,PRD-003,612281000,9,0.69,0.54
OBJ-03428,2025,12,AGC-009,PRD-004,706272000,10,0.77,0.49
OBJ-03429,2025,12,AGC-009,PRD-005,123655000,17,0.77,0.49
OBJ-03430,2025,12,AGC-009,PRD-006,645321000,6,0.66,0.5
OBJ-03431,2025,12,AGC-009,PRD-007,926911000,4,0.77,0.4
OBJ-03432,2025,12,AGC-009,PRD-008,646134000,4,0.65,0.54
OBJ-03433,2025,12,AGC-010,PRD-001,305528000,4,0.75,0.51
OBJ-03434,2025,12,AGC-010,PRD-002,305612000,6,0.69,0.59
OBJ-03435,2025,12,AGC-010,PRD-003,241734000,17,0.72,0.41
OBJ-03436,2025,12,AGC-010,PRD-004,282686000,6,0.71,0.51
OBJ-03437,2025,12,AGC-010,PRD-005,316513000,6,0.72,0.6
OBJ-03438,2025,12,AGC-010,PRD-006,670212000,16,0.66,0.56
OBJ-03439,2025,12,AGC-010,PRD-007,1035529000,16,0.69,0.5
OBJ-03440,2025,12,AGC-010,PRD-008,845758000,6,0.68,0.6
OBJ-03441,2025,12,AGC-011,PRD-001,480994000,8,0.61,0.5
OBJ-03442,2025,12,AGC-011,PRD-002,581260000,10,0.64,0.42
OBJ-03443,2025,12,AGC-011,PRD-003,489584000,17,0.65,0.48
OBJ-03444,2025,12,AGC-011,PRD-004,466717000,9,0.75,0.6
OBJ-03445,2025,12,AGC-011,PRD-005,121843000,10,0.78,0.56
OBJ-03446,2025,12,AGC-011,PRD-006,552886000,4,0.67,0.4
OBJ-03447,2025,12,AGC-011,PRD-007,768526000,6,0.72,0.53
OBJ-03448,2025,12,AGC-011,PRD-008,1530743000,16,0.79,0.54
OBJ-03449,2025,12,AGC-012,PRD-001,305265000,5,0.7,0.51
OBJ-03450,2025,12,AGC-012,PRD-002,287681000,18,0.67,0.53
OBJ-03451,2025,12,AGC-012,PRD-003,533158000,7,0.62,0.48
OBJ-03452,2025,12,AGC-012,PRD-004,261565000,14,0.78,0.59
OBJ-03453,2025,12,AGC-012,PRD-005,152610000,9,0.63,0.64
OBJ-03454,2025,12,AGC-012,PRD-006,343238000,14,0.74,0.45
OBJ-03455,2025,12,AGC-012,PRD-007,877600000,6,0.61,0.56
OBJ-03456,2025,12,AGC-012,PRD-008,734805000,6,0.74,0.63
